Cellname,MES,AC,OPC,NPC,TCells_Glioma_S1,TCells_Glioma_S2,Myeloid_Glioma_S1,Myeloid_Glioma_S2,Glioma_Glioma_S1,Glioma_Glioma_S2
AAACCTGAGTGTGGCA-1,0.365742080138869,0.504801197030667,0.223115779062511,0.129571202257811,0.0776057030481809,0.12575750206702,0.0758573651341731,0.127713144643167,0.0817751491441539,0.0978573969325624
AAACCTGTCACCTTAT-1,0.375801629779642,0.557331086479655,0.233736415123221,0.145047059919858,0.0543141592920354,0.144292592772725,0.0558965833280048,0.148796087283672,0.0570392960190576,0.113937381867385
AAACGGGCAGCATACT-1,0.369316264043589,0.502869096561442,0.26765886799562,0.150232304272002,0.0386676499508358,0.140941588444142,0.0424046720804826,0.139101117092088,0.0436291572970253,0.107234772662282
AAAGATGAGGGAGTAA-1,0.352946140122475,0.539695222046283,0.217793686491069,0.133777973028742,0.0306293018682399,0.141364719614805,0.0329198371592387,0.146466400416739,0.0329606012999415,0.11183802143998
AAAGCAACAGCTCGAC-1,0.369816529244419,0.59552275665703,0.228496744339389,0.150245616837733,0.0294124877089479,0.163990078303584,0.0303195003943134,0.167732631050915,0.029212744765836,0.132193448042573
AAAGTAGTCCTAGAAC-1,0.354543372390183,0.599750134375409,0.241060179679497,0.153094505904123,0.0292158308751229,0.167584261465882,0.029648101967304,0.176477397696359,0.0285658544599493,0.139206427809202
AAATGCCCAAACTGCT-1,0.371829644630889,0.568299025233523,0.24126034687798,0.142278046247853,0.0300639134709931,0.146685472496474,0.0321205533175608,0.148825027493199,0.0309480536816273,0.114387244816114
AAATGCCCAAACTGTC-1,0.343658083803462,0.576303441463167,0.250244321727561,0.145985595803879,0.0327925270403146,0.148611448859491,0.0350299465012682,0.158838339989582,0.0337512450071363,0.124106376894481
AACACGTAGAGTACCG-1,0.369617628622402,0.542963813065648,0.227048475785656,0.129398138903311,0.0766470009832842,0.140484412236759,0.0761344501992881,0.143943778819625,0.0795983119243446,0.108964478263599
AACACGTTCATCTGCC-1,0.388615651670765,0.496985632726586,0.260688339671961,0.146917475405035,0.081047197640118,0.145250717377559,0.0861095125434278,0.14670274546121,0.0883467332039553,0.111792686414139
AACCATGTCTCGCATC-1,0.396722358840831,0.430437119572323,0.20790307197777,0.0819055606587058,0.241814159292035,0.1229998540927,0.245550653281327,0.11860180201038,0.260820010473462,0.0893553359325415
AACTCCCTCGGCGCTA-1,0.370214330488452,0.606156572773363,0.261948215568298,0.148495014444134,0.0297197640117994,0.172107387772968,0.0330796939275742,0.179183307287145,0.0318721826900369,0.139429615628727
AACTCTTAGTGGGATC-1,0.347497468537538,0.536688118308468,0.244439472971541,0.146777693464861,0.0299655850540806,0.138441710033559,0.0339642347123644,0.143239567054465,0.0327244349977924,0.110620950361634
AACTCTTTCGCATGGC-1,0.367321230531848,0.330868573586879,0.212989673727466,0.0777786652821598,0.093756145526057,0.096449589027771,0.0946352068546582,0.0963178406744998,0.100083171610757,0.0755072291929668
AACTGGTTCTACGAGT-1,0.37195621775399,0.578104798291616,0.245805319737663,0.146737755767669,0.0307153392330383,0.150999465006566,0.0349979751476011,0.154058382049353,0.0353736048218998,0.116842310830886
AACTTTCTCATGTGGT-1,0.366537682626935,0.501721457936865,0.210905579955021,0.115073818176977,0.0928343166175025,0.119211127863431,0.0927595541061875,0.120579382994733,0.0983375945948721,0.093937660852159
AAGCCGCCATGCCACG-1,0.372866338782005,0.547467205136772,0.227601879216758,0.129318263508926,0.0641470009832842,0.13986187442245,0.0645288488181256,0.14334085778781,0.0667734549076384,0.108514615314869
AAGCCGCGTGTGGCTC-1,0.397150296542746,0.416316806368668,0.224775989355815,0.0871240864251767,0.220415437561455,0.116638295802733,0.224662702218812,0.112543651482703,0.236597562353038,0.0860214678783905
AAGGAGCAGAGTAAGG-1,0.366495491585901,0.56100643549254,0.230675034440533,0.148914360264654,0.040523598820059,0.141607898448519,0.0426711000277085,0.147797650054986,0.0416166096787111,0.113675833641379
AAGGCAGAGATAGGAG-1,0.329144365687835,0.525749233696994,0.249078642159922,0.165994382097262,0.0272738446411013,0.140956179174165,0.0329731227486838,0.144710694372094,0.0317695016891025,0.110941782852201
AAGGCAGAGTATCTCG-1,0.360257244804475,0.576811888955068,0.242743939054975,0.14105329020062,0.0276057030481809,0.146194251252371,0.0311081271181022,0.149702880515522,0.0299725841727505,0.114955676293966
AAGTCTGAGTATTGGA-1,0.365422633685327,0.519415430655026,0.23386593507518,0.148148887735133,0.0275811209439528,0.138947522007684,0.0313212694758829,0.144508112905404,0.0301779461746193,0.110983630568362
AATCCAGGTTAAGACA-1,0.389995901441728,0.48322849630286,0.228732235161135,0.0968755408229828,0.0725663716814159,0.110553961383201,0.0716691178037811,0.111752619088962,0.0782634589121975,0.0859203358976684
AATCGGTAGCGCCTCA-1,0.402092675635277,0.568473350087889,0.235585018073921,0.144361462784723,0.0284660766961652,0.147162103010554,0.0322164673785621,0.151304238776022,0.0310404665824682,0.117421204237779
AATCGGTTCTGCTGTC-1,0.370985823810213,0.592167003210483,0.258097940632764,0.151090964761639,0.0302605703048181,0.165643694372842,0.0339748918302534,0.17240165152129,0.0327347030978858,0.132702595255864
ACACCAAGTACACCGC-1,0.396800713631323,0.400031959556634,0.185554992994148,0.0670354247374096,0.176315142576205,0.0945771120081708,0.173860221241767,0.0934189963535336,0.188316955713684,0.0721594119000955
ACACCCTAGTAGCGGT-1,0.398180963402286,0.494051164344756,0.22217381577553,0.100902591956548,0.144616519174041,0.127158212149215,0.148357738133299,0.126541066157319,0.156999250428693,0.0958138334600389
ACACCCTCAGGTCGTC-1,0.363994165581754,0.575373708906547,0.230286474584653,0.144195055713088,0.0333702064896755,0.149263168133846,0.0354775454526078,0.156576180278212,0.0341825052110608,0.120639991072487
ACACCCTCATGAAGTA-1,0.365760162013598,0.566381451835495,0.243002978958895,0.15136387235912,0.0304941002949853,0.148319634259034,0.0333354647569111,0.154579305820841,0.0321186170922794,0.119649595123346
ACACCGGAGTTTCCTT-1,0.35915425044602,0.570637883696268,0.234195622225624,0.145652781660609,0.03023598820059,0.150021886095034,0.0331649508706865,0.157314155621153,0.0322829066937744,0.122160458093
ACACCGGTCCTGCAGG-1,0.376946815179131,0.618373839650188,0.25497768724464,0.142697392068373,0.0273844641101278,0.163921988230144,0.0304687000447599,0.167949682622369,0.0293564981671441,0.129640737356759
ACACTGAAGAGTCTGG-1,0.355061719465741,0.547249299068815,0.228673362455698,0.14398871094426,0.0305801376597837,0.138388210690142,0.0322271244964512,0.14404506955297,0.0313177052849911,0.109899077257859
ACACTGAAGGAGCGAG-1,0.39669222238295,0.492090009733138,0.206713843327956,0.0889612204960262,0.170980825958702,0.128485968581295,0.173156851461091,0.126984816036735,0.186766472599575,0.0962357979313279
ACACTGACAACTGCTA-1,0.391496697044216,0.521100570913898,0.226047639793239,0.111499394278259,0.126487217305801,0.130042313117066,0.127331244538227,0.12964731531323,0.138793908963025,0.0982340263780104
ACAGCCGTCTATCCCG-1,0.375476156034524,0.511672501706931,0.220949263502455,0.112331429636434,0.123807767944936,0.133587860512621,0.127864100432679,0.134924080183674,0.138865785663679,0.102052630477692
ACATCAGAGTGTGAAT-1,0.363668691836636,0.54521550910121,0.227495908346972,0.13986847185058,0.0461037364798427,0.144443363649628,0.0475307457851099,0.149128899693234,0.0479828317366438,0.115475285436297
ACATCAGGTCAGAGGT-1,0.379140749312889,0.619259990993216,0.253658938642866,0.144195055713088,0.0275319567354966,0.162959000048636,0.0301703007438668,0.166348324361868,0.0290689913645278,0.128455052065534
ACCAGTACATGCCTTC-1,0.361209556873523,0.608219416883362,0.254895265457029,0.146884193990708,0.0301130776794494,0.176834784300374,0.0329091800413496,0.184368428160753,0.0317078930885418,0.144901204516763
ACCTTTACATGTCGAT-1,0.356869906938618,0.519618809651786,0.243144273451942,0.156316146810975,0.0331366764995084,0.134915616944701,0.0357120020461666,0.136260153190176,0.0375607101418025,0.103946239633972
ACGATACTCCGCGGTA-1,0.353868315733642,0.603992039164984,0.246346948627677,0.152269126828814,0.0300024582104228,0.17584261465882,0.0307244708740968,0.185024406243368,0.0296029325693867,0.14663091011808
ACGCAGCCAGAAGCAC-1,0.369641737788707,0.580080479974432,0.252622779027187,0.157294620392188,0.0307890855457227,0.165171927435436,0.0336125498220261,0.173829368524628,0.0323855876947088,0.135373874470801
ACGCAGCCAGGAACGT-1,0.390429866435219,0.329967895172654,0.145603975085071,0.0521386636846519,0.222271386430678,0.0993142356889256,0.220890082486092,0.097350041480967,0.237121235457803,0.0731114474427558
ACGCCGACAAGCCGCT-1,0.36445223974155,0.483533564798001,0.247571500900752,0.146318409947149,0.0572394296951819,0.133651087009387,0.0601061448941748,0.13149466535471,0.0650997545924078,0.100204356347252
ACGGAGATCATCTGCC-1,0.370208303196875,0.591353487223441,0.25570770879205,0.150884619992811,0.0294124877089479,0.16030835076115,0.0322164673785621,0.166488202041249,0.0310404665824682,0.128196991149208
ACGGGTCTCTGGTATG-1,0.340222527604995,0.527986402661359,0.235690988943706,0.163877684146065,0.0282571288102262,0.134088808910072,0.0309162989960995,0.139009473095252,0.0297877583710686,0.105906107674174
ACGTCAAAGCGCCTCA-1,0.379038285356092,0.439545593212952,0.200061227613654,0.0887681882929297,0.158026057030482,0.111560721754778,0.157405631221093,0.111926260346125,0.168191479530542,0.0856553003619827
ACGTCAAAGGCAATTA-1,0.376344086021505,0.604413324229702,0.235125810971517,0.140800351451735,0.0301745329400197,0.174894217207334,0.0313212694758829,0.179318361598271,0.0301779461746193,0.141825397378938
ACGTCAATCAAACCAC-1,0.360673127923236,0.608713337304066,0.252540357239577,0.152309064526006,0.0262536873156342,0.155449637663538,0.0277724492188333,0.159585962069032,0.0267586688435039,0.124280742378485
ACTATCTTCTAAGCCA-1,0.363716910169246,0.587750773566541,0.249796889166245,0.155217860138184,0.0293018682399213,0.160118671270853,0.0312360125327706,0.168383785765276,0.0300958013738718,0.130850833815744
ACTGATGTCGTGGTCG-1,0.356405805487246,0.593677818614989,0.251174510473454,0.148368545069691,0.0256760078662734,0.155391274743446,0.0294243024916342,0.162267754818545,0.028350224357987,0.124971229695139
ACTGCTCTCAGCTCTC-1,0.354133516562997,0.573586879149295,0.238917213201615,0.147809417308998,0.0292772861356932,0.145707893584942,0.0310974700002131,0.152818776407941,0.0299623160726571,0.118174463128675
ACTGTCCTCAGCGACC-1,0.368556825304981,0.573891947644435,0.248395718776861,0.158266437690536,0.0306661750245821,0.161616652886533,0.033005094102351,0.170337249908356,0.0318003059893828,0.132915321146348
ACTTACTCATGGGAAC-1,0.367984232605236,0.523337739878263,0.218370639004345,0.116957546227884,0.0925147492625369,0.133845630076358,0.0929087537566341,0.136182979298103,0.0976188275883313,0.103186006123716
ACTTTCAAGACTGGGT-1,0.346388446887507,0.302947542745907,0.16426662270838,0.0716615413288603,0.101229105211406,0.0927581343319877,0.105217724918473,0.0908626111786383,0.108503013687377,0.0706075590924625
ACTTTCAAGAGTACAT-1,0.352078210135494,0.325420921887938,0.288311413062676,0.11637179333573,0.0811455260570305,0.129760225669958,0.0925996973378519,0.120984545928113,0.100237193112158,0.0954999755888322
ACTTTCAGTAGCACGA-1,0.372781956699937,0.54130772694917,0.228626264291349,0.127128346446211,0.0673549655850541,0.139662467778805,0.0681629260182876,0.141565858270147,0.0732834303668792,0.107248721901002
ACTTTCAGTATGCTTG-1,0.370075702782198,0.593140316980693,0.225623756314098,0.154938296257838,0.0247173058013766,0.15045960799572,0.02658950913315,0.154613069398622,0.0256189097331321,0.123311270287424
AGAATAGAGTTATCGC-1,0.387187183567192,0.600345744294493,0.239870951029684,0.136420517326304,0.0274582104228122,0.149832206604737,0.0327812946266812,0.15076884489977,0.0315846758874206,0.119143935219735
AGAGCGAGTGGTGTAG-1,0.372685520034717,0.601725816058225,0.24865475868078,0.151230746701812,0.0277163225172075,0.148003501775205,0.0305326427520941,0.14931701105516,0.0294181067677048,0.117564183934662
AGAGCGAGTTCGTCTC-1,0.347021312503014,0.601609599488647,0.252787622602409,0.162539771290121,0.028232546705998,0.148489859442634,0.0290406462476288,0.151352472458567,0.0279805727546232,0.119628671265266
AGAGCTTGTCAAGCGA-1,0.376567095809827,0.612054563679417,0.254506705601149,0.143023549928778,0.0299901671583087,0.171163853898157,0.0321098961996718,0.174441936292952,0.0309377855815338,0.137040808497876
AGAGCTTGTCAGATAA-1,0.347081585418776,0.497624823859262,0.255719483333137,0.159604350546481,0.0299655850540806,0.136000194543067,0.034145405716478,0.135401593640871,0.0347472507162,0.103632381762765
AGAGCTTTCACAGTAC-1,0.359799170644679,0.561602045411625,0.241625357651686,0.161241796131368,0.0304080629301868,0.154686056125675,0.0329518085129058,0.163449480040902,0.0318619145899434,0.128155143433047
AGAGTGGGTGTAAGTA-1,0.35297024928878,0.531734387030231,0.240612747118181,0.159544444000692,0.0341445427728614,0.138115850396381,0.0377901400345291,0.140953290501823,0.0387107373522677,0.10853205186327
AGATCTGCAGGTGGAT-1,0.356345532571484,0.552086813777474,0.222844964617504,0.138623746954751,0.0307399213372665,0.140567093040222,0.0326747234477908,0.14480233836893,0.0314819948864862,0.110251295535546
AGATTGCCACCAGATT-1,0.346002700226626,0.573601406220492,0.245640476162442,0.148641452667173,0.0280604719764012,0.155634453577161,0.031044184410768,0.165750226698308,0.0301984823748062,0.129727920098761
AGCAGCCTCTTGCATT-1,0.375964366652201,0.531908711884597,0.259369591070188,0.145559593700494,0.0559119960668633,0.150693059676086,0.0616620841059744,0.153296289865139,0.0644117918861473,0.116155310823912
AGCGGTCAGCATCATC-1,0.356243068614687,0.559176024521696,0.235950028847626,0.151270684399004,0.0307153392330383,0.151388551140509,0.0336445211756932,0.159137388821362,0.0334432020043331,0.123217112926062
AGCGGTCTCGTTACAG-1,0.358400838998987,0.584177114052036,0.245793545196576,0.152362314788929,0.0287118977384464,0.15376197655756,0.0301916149796449,0.158423530319693,0.0290895275647147,0.124252843901044
AGCGTATTCTCAAACG-1,0.359112059404986,0.598152156543719,0.239235125810972,0.156575741842725,0.0251474926253687,0.146354749282622,0.0263870238932583,0.148926318226544,0.0254238158313567,0.118048919980192
AGCGTCGGTTACTGAC-1,0.372076763585515,0.570463558841902,0.231864263090346,0.144175086864491,0.0384095378564405,0.145255580954234,0.0410192467549076,0.150609673747371,0.0395219172596494,0.114899879339085
AGCGTCGTCATCGATG-1,0.409054197405854,0.449787178406961,0.188404431937265,0.0697711569950877,0.195280235988201,0.124060113807694,0.196730396231643,0.122224151569524,0.210814363018411,0.0926403816511714
AGCTCCTCAATCCGAT-1,0.36493442306765,0.592297746851257,0.238304937065078,0.155284422966838,0.0280604719764012,0.14988084237148,0.0298932156787518,0.153918504369972,0.0288020207620984,0.121456021537625
AGCTCTCTCTATCCTA-1,0.382347268431458,0.553002019262896,0.229109020475927,0.131241929257026,0.0794124877089479,0.139613832012062,0.0786708442568792,0.142255599930543,0.0821139964472374,0.107688122920692
AGCTTGAAGAAAGTGG-1,0.38909180770529,0.553510466754798,0.241978593884303,0.130969021659544,0.0766347099311701,0.143713827148485,0.0777330178826438,0.144551523219695,0.08268901005247,0.109396904663928
AGCTTGAAGCCATCGC-1,0.38540310526062,0.574284178566759,0.243485735143473,0.133784629311607,0.0318215339233038,0.156971937162589,0.03722531278641,0.160521695510409,0.0360718356282537,0.121197960621299
AGCTTGATCACTCCTG-1,0.376512850185641,0.536528320525299,0.228614489750262,0.128918886537002,0.0860250737463127,0.139774330042313,0.0865571114947674,0.142361714032143,0.092145930238528,0.107729970636852
AGGCCGTAGCGATATA-1,0.386994310236752,0.531356683179104,0.223728055199049,0.122522198703356,0.110176991150442,0.132216331890472,0.108937059061747,0.132362871640524,0.117621086570352,0.100308975637655
AGGCCGTGTTGAACTC-1,0.377266261632673,0.509231953745805,0.264373771032274,0.145459749457513,0.0634095378564405,0.144929721317057,0.0626105675980988,0.146630394937393,0.0671636427111891,0.112647077285757
AGGGAGTCAGACAAGC-1,0.359769034186798,0.580487237967953,0.239505940255979,0.148168856583729,0.0329891838741396,0.148412042215846,0.0348274612613765,0.156508653122649,0.033556151105361,0.1212502702665
AGGGAGTTCTGCCAGG-1,0.377356671006317,0.570202071560353,0.240377256296436,0.132746249184605,0.0290191740412979,0.149102670103594,0.0345503761962615,0.151921629912601,0.0332891805029315,0.116127412346471
AGGTCCGGTAGCTCCG-1,0.370075702782198,0.527376265671078,0.223527888000565,0.11762983079729,0.105801376597837,0.135494382568941,0.107349148496281,0.137586579460169,0.11450985224204,0.104151990905096
AGGTCCGGTGGTACAG-1,0.376241622064709,0.527579644667838,0.22823770443547,0.120884753118469,0.113028515240905,0.135859150819513,0.116748726474412,0.136694256333083,0.127129347256877,0.1033987320142
AGTAGTCTCGTTACAG-1,0.391454506003182,0.514272847451225,0.232935746329287,0.116045635475325,0.123242379547689,0.135465201108895,0.128173156851461,0.134446566726476,0.13934838636807,0.101721336058085
AGTCTTTTCTTGTACT-1,0.329994213800087,0.517454276043407,0.250208998104299,0.179653074537056,0.0271878072763028,0.13720636155829,0.0306072425773174,0.140065790742992,0.0294899834683588,0.106924402100755
AGTGAGGCAGCTCCGA-1,0.38624089878972,0.584336911835205,0.239776754700986,0.131694556491873,0.0351647000983284,0.159573950683333,0.0393673934821067,0.162451042812217,0.0393576276581544,0.124737579946574
AGTGGGAGTGCAGGTA-1,0.364162929745889,0.554977700945712,0.241637132192773,0.16009691547852,0.031256145526057,0.152317494285297,0.0339429204765863,0.160777334027898,0.0327038987976055,0.125386219547068
AGTGGGAGTTAAGTAG-1,0.367050002410917,0.599256213954705,0.260111387158685,0.145346592648801,0.0289945919370698,0.167190311755265,0.033026408338129,0.172758580772125,0.0318208421895697,0.13344190490804
AGTGTCAGTGGTCCGT-1,0.407227928058248,0.564725365719017,0.236350363244593,0.134823009438609,0.0311455260570305,0.146252614172462,0.0357333162819447,0.149321834423415,0.0344289396133034,0.113923432628664
AGTTGGTAGTAGGCCA-1,0.367025893244612,0.565335502709299,0.241601808569511,0.142590891542527,0.030641592920354,0.14742959972764,0.0348807468508217,0.151347649090313,0.034490548213864,0.114526737203317
ATAACGCAGGAGTAGA-1,0.36440402140894,0.565916585557186,0.244239305773057,0.160156822024309,0.0268805309734513,0.145294489567628,0.028827503889848,0.151265651829986,0.0277752107527544,0.118289544348117
ATCATGGCAGACGCTC-1,0.390761367471913,0.504438020250737,0.220525380023314,0.0974479811494069,0.139995083579154,0.131068527795341,0.141505211330648,0.131417491462638,0.153333538695335,0.0995452548177183
ATCCACCGTTAGGGTG-1,0.384824485269299,0.556444935136627,0.230733907145969,0.137805024162307,0.0724065880039331,0.141763532902096,0.0723192019950125,0.144676930794312,0.0753062460852868,0.109445726999449
ATCCGAACACTAGTAC-1,0.376042721442693,0.543661112483112,0.254106371204182,0.150684931506849,0.0346361848574238,0.144307183502748,0.0403904767994544,0.147233315969208,0.0417398268798324,0.113170173737768
ATCCGAACACTGTGTA-1,0.354127489271421,0.608161308598573,0.255813679661835,0.145479718306109,0.0301868239921337,0.18310393463353,0.0324296097363429,0.190691863942428,0.031245828584337,0.151523605599224
ATCCGAACATCACAAC-1,0.366055499300834,0.546711797434519,0.226365552402595,0.142198170853469,0.0478982300884956,0.144020232478965,0.0490014280537971,0.148159402674075,0.0499337707543973,0.114544173751718
ATCTACTCATGGAATA-1,0.367068084285645,0.589392332611822,0.250668205206702,0.152528721860564,0.028220255653884,0.145454987597879,0.0311614127075474,0.148979375277344,0.0300239246732177,0.114565097609798
ATCTGCCCACGTGAGA-1,0.372354018998023,0.511091418859044,0.24104840513841,0.148727984344423,0.0364675516224189,0.139501969748553,0.0407634759255707,0.143726727248172,0.0395321853597429,0.110118777767703
ATCTGCCTCGTGGACC-1,0.408017503254737,0.419774249313596,0.229014824147229,0.102919445664763,0.245648967551622,0.12620008754438,0.25104972611207,0.121683934325018,0.263181673494953,0.0915523410309882
ATGCGATTCCGTTGTC-1,0.368900380924828,0.595653500297805,0.253929753087873,0.144847371433896,0.02781465093412,0.156383444385001,0.0315237547157747,0.160285350465937,0.0303730400763947,0.123227574855102
ATGTGTGAGCACCGTC-1,0.354609672597522,0.576100062466406,0.238187191654205,0.155038140500819,0.0320919370698132,0.150556879529206,0.0322590958501183,0.154357430881133,0.0333302529033053,0.12123632102778
ATTATCCCAACTGCTA-1,0.366133854091326,0.505498496448131,0.226754112258475,0.123926674387955,0.0629547689282203,0.123972569427557,0.0631967090819959,0.127573266963786,0.0674819538140858,0.0979166811971237
ATTCTACGTCACAAGG-1,0.370105839240079,0.576419658032744,0.251504197623898,0.1469241316879,0.0317846607669617,0.155926268177618,0.0338789777692521,0.157415446354498,0.034069556110033,0.121466483466665
ATTGGACTCAATAAGG-1,0.368924490091133,0.601101151996746,0.253176182458289,0.147183726719651,0.0295722713864307,0.161217839599241,0.0323017243216744,0.166710076980957,0.0311226113832158,0.128859579988422
ATTGGTGCATCACAAC-1,0.395287863445682,0.487208913810887,0.228473195257215,0.0932012726812839,0.0944198623402163,0.107455863041681,0.0913101860732783,0.108438965098107,0.0980808920925361,0.0836535846056202
ATTGGTGCATCCGCGA-1,0.381322628863494,0.572148699100774,0.242449575527794,0.134683227498436,0.0276057030481809,0.148013228928554,0.0334207217000234,0.150932839420424,0.0322007618930269,0.115538057010539
CAACCAAAGAGACGAA-1,0.366839047205748,0.556880747272542,0.226447974190206,0.141272947535178,0.0327433628318584,0.141116677204416,0.0352857173306051,0.144469525959368,0.0358664736263849,0.109773534109376
CAACCAAAGTGCCATT-1,0.36656179179324,0.452561849005622,0.269060038385004,0.122495573571895,0.0725172074729597,0.125986090170712,0.0795660421595584,0.126960699195462,0.0830175892554601,0.0986873766364201
CAACCAATCGAGAACG-1,0.352765321375187,0.558086494181908,0.238952536824877,0.140514131288523,0.0401917404129793,0.144881085550314,0.0419997016006991,0.15318052902703,0.0404665824682459,0.119035828619653
CAACCTCAGAGCTGCA-1,0.372474564829548,0.547234771997618,0.229191442263538,0.131994089220816,0.0635570304818092,0.140606001653616,0.0645927915254599,0.143818371245008,0.0678824097177299,0.108933092476478
CAACTAGAGACAGACC-1,0.382925888422778,0.232433139154815,0.130544337034464,0.0448966279271004,0.127519665683382,0.0792568454841691,0.122908540614276,0.0799087418726245,0.134748277526209,0.0620043661117195
CAAGAAAAGTGATCGG-1,0.378170355369111,0.561514882984442,0.232888648164938,0.146884193990708,0.0537487708947886,0.144540635183114,0.0552997847262186,0.148371630877274,0.0563205290125168,0.112884214344002
CAAGTTGAGAGCAATT-1,0.367508076570712,0.50385693740285,0.221738157755301,0.122582105249145,0.11210668633235,0.121015514809591,0.114436131892491,0.122243445042542,0.120845269999692,0.0941399248136033
CACAAACAGCTGCAAG-1,0.36445223974155,0.597847088048579,0.249467202015801,0.147776135894671,0.0261061946902655,0.154058654734692,0.0303514717479805,0.159108448611835,0.0292435490661163,0.122589397183649
CACAAACAGGCTAGAC-1,0.345743526688847,0.57108822290338,0.247135842880524,0.143509458577952,0.0357300884955752,0.147415008997617,0.0377368544450839,0.157106750786209,0.03635934243087,0.12266960530629
CACAAACCACAACGTT-1,0.347696369159554,0.579746357336897,0.248972671290136,0.148867766284596,0.0324360865290069,0.149126987986966,0.0345290619604834,0.159036098088017,0.0332686443027447,0.124169148468722
CACAAACGTTCGGGCT-1,0.354416799267081,0.594389645103651,0.241013081515148,0.155251141552511,0.0263643067846608,0.152156996255046,0.0271223650276019,0.156050433138469,0.0261323147378041,0.123660001255431
CACACAAAGACCCACC-1,0.338848305125609,0.537690486221073,0.240153540015778,0.149420237762424,0.0284906588003933,0.135479791838918,0.0321098961996718,0.140316605892227,0.0309377855815338,0.108636671153672
CACACTCCAGGTGCCT-1,0.35743044505521,0.585789618954923,0.226648141388689,0.155757019050282,0.0241150442477876,0.145090219347308,0.0253639405759107,0.149341127896433,0.0244380782223865,0.119283427606938
CACAGTAAGAGACTAT-1,0.366724528665799,0.585731510670134,0.251033215980407,0.146724443201938,0.0300762045231072,0.144088322552405,0.0336018927041371,0.146374756419903,0.0323753195946154,0.11420241740307
CACAGTACACCATCCT-1,0.367345339698153,0.56888010808141,0.248289747907075,0.156535804145533,0.0304572271386431,0.156577987451972,0.0328026088624592,0.164433447164824,0.0316052120876074,0.126760219561017
CACATAGAGCGCTTAT-1,0.369497082790877,0.496084954312361,0.275017956175158,0.133272095530972,0.0449115044247788,0.132046106706872,0.0516017648187224,0.134195751577241,0.0556633706065367,0.103123234549474
CACATTTCAATCGAAA-1,0.3736800231448,0.55215944913346,0.229167893181363,0.139861815567714,0.0396878072763029,0.144297456349399,0.0431293560969371,0.148458451505856,0.0442555114027252,0.112497122969514
CACATTTGTTTCCACC-1,0.370563913399875,0.514447172305591,0.220207467413958,0.107998189491061,0.108947885939036,0.133626769126015,0.111089796875333,0.134702205243966,0.121389479304644,0.102059605097052
CACATTTTCAAGATCC-1,0.369352427793047,0.548295248195011,0.238304937065078,0.14313670673749,0.0365781710914454,0.135479791838918,0.0385467954046508,0.139072176882561,0.0391111932559119,0.106272275190581
CACATTTTCAGTCCCT-1,0.366664255750036,0.544881386463675,0.231251986953808,0.147283570962632,0.0386922320550639,0.144491999416371,0.0414348743525801,0.150580733537844,0.0435572805963713,0.11510911791989
CACCTTGGTTTCGCTC-1,0.370009402574859,0.524311053648474,0.222656571960108,0.117330298068347,0.106452802359882,0.134842663294587,0.10769017626873,0.137248943682352,0.114591997042787,0.10387300613069
CACTCCACAGTAGAGC-1,0.354061189064082,0.525894504408966,0.245369661717435,0.156222958850859,0.0342305801376598,0.13948737901853,0.0396018500756655,0.143591672937045,0.038156259947222,0.108891244760317
CACTCCATCAACACTG-1,0.375,0.537559742580298,0.223633858870351,0.123034732483992,0.0927851524090462,0.137464131122027,0.0927062685167423,0.140118847793791,0.0969000605817906,0.106059549300097
CAGAATCGTAGTACCT-1,0.369870774868605,0.573078431657394,0.247842315345759,0.139908409547772,0.03023598820059,0.152259131365206,0.0360636869365049,0.154806004128803,0.0347472507162,0.118606889529004
CAGAGAGAGGTGCTTT-1,0.355489657167655,0.548135450411842,0.213260488172473,0.133458471451203,0.0329768928220256,0.140810271873936,0.0349446895581559,0.145467963188053,0.0336691002063888,0.110948757471561
CAGAGAGAGTAGCGGT-1,0.429275760644197,0.327120589218008,0.169694686149607,0.0552671166313884,0.214786135693215,0.103039735421429,0.218524202314726,0.0991395111033937,0.235509143743133,0.0751515236055992
CAGAGAGTCTGGGCCA-1,0.35193958242924,0.525633017127417,0.237257002908312,0.141119853029274,0.0292527040314651,0.140041826759399,0.0340601487733657,0.146119117902414,0.0328168478986333,0.111478828542932
CAGATCAGTACTCGCG-1,0.346394474179083,0.476270029199413,0.226353777861508,0.140866914280389,0.0523598820058997,0.126905306162152,0.0545218151203189,0.127621500646331,0.0554066681042007,0.0974354324612734
CAGCCGACAAACAACA-1,0.376958869762284,0.55509391751529,0.250526910713655,0.135142511016148,0.0531833824975418,0.144633043139925,0.0561843255110088,0.146480870521503,0.0591237203380259,0.110812752394038
CAGCCGAGTGGAAAGA-1,0.394588697622836,0.499309964118134,0.215450552814704,0.102713100895936,0.0324975417895772,0.102392879723749,0.0334100645821344,0.105356832783469,0.0386285925515202,0.0814635541265335
CAGCGACCAAGAAAGG-1,0.346569265634794,0.507633975914116,0.23029824912574,0.13768521107073,0.0310594886922321,0.130426535674335,0.0354455740989407,0.135469120796435,0.0341517009107805,0.103091848762354
CAGCGACGTATAGGGC-1,0.352717103042577,0.59742580298386,0.23068680898162,0.150917901407138,0.0252581120943953,0.156689849715481,0.0252253980433532,0.161235554012078,0.0243045929211718,0.128727062220579
CAGGTGCGTAGCCTAT-1,0.378953903274025,0.563141914958525,0.232464764685796,0.145040403636993,0.0569075712881023,0.144968629930451,0.0580173497879234,0.148882907912253,0.0595652486420438,0.113152737189368
CAGTAACAGACCACGA-1,0.352186701383866,0.560207446576696,0.233807062369744,0.145299998668743,0.0300270403146509,0.143519284081514,0.0322590958501183,0.149886168509193,0.031081538982842,0.115307894571654
CAGTAACGTCGGCTCA-1,0.386463908578041,0.589857198890132,0.241071954220584,0.134124099737742,0.0291052114060964,0.149851660911434,0.0349127182044888,0.151275298566495,0.0342235776114346,0.118931209329251
CAGTAACTCCCAAGAT-1,0.369051063214234,0.51877623952235,0.222244463022054,0.110188106553776,0.116175024582104,0.132984777005009,0.118624379222883,0.134374216202659,0.128679830370986,0.101763183774246
CAGTCCTAGCCCGAAA-1,0.351330825980038,0.588448072984006,0.250491587090393,0.156755461480091,0.0278638151425762,0.147522007684451,0.029648101967304,0.152510080839652,0.0285658544599493,0.119925092588072
CAGTCCTAGGCTAGGT-1,0.408294758667245,0.523889768583756,0.2544596074368,0.134796384307148,0.108554572271386,0.157579884246875,0.111409510412004,0.156711234589338,0.116399182659233,0.120075046904315
CAGTCCTGTCTGGTCG-1,0.371106369641738,0.623109664860467,0.256343534010762,0.147423352902805,0.0260201573254671,0.160721754778464,0.0289980177760726,0.164013814126681,0.0279395003542495,0.127154285554866
CAGTCCTTCGCCAGCA-1,0.34285645402382,0.581910890945276,0.250668205206702,0.14507368505132,0.0291912487708948,0.151077282233354,0.0312040411791035,0.161896355462947,0.0300649970735915,0.126809041896538
CATATGGGTACATCCA-1,0.372414291913786,0.590612606592385,0.232888648164938,0.144421369330511,0.0311332350049164,0.159194591702738,0.0349127182044888,0.1639269934981,0.0336382959061085,0.126847402303019
CATCCACCAGTATCTG-1,0.368502579680795,0.554963173874515,0.226071188875414,0.143502802295086,0.0337266470009833,0.153669568600749,0.0375450263230812,0.160700160135826,0.0382178685477826,0.123820417500715
CATGACATCGGGAGTA-1,0.384571339023097,0.539535424263114,0.229250314968974,0.122142790580028,0.0524582104228122,0.137026409221341,0.0543299869983162,0.138131620072929,0.058754068734662,0.105477168583525
CATGCCTCAACTGCGC-1,0.385198177347027,0.555152025800078,0.228543842503738,0.13735239692746,0.0726032448377581,0.140139098292885,0.0720954025193427,0.142757230229014,0.075357586585754,0.108043828508059
CATGGCGAGGGATGGG-1,0.369708037996046,0.574560192919506,0.244392374807192,0.149872864997271,0.0363938053097345,0.147439326880988,0.0390157085917684,0.150199687445737,0.0415241967778702,0.113972254964185
CATTATCCAATAGCAA-1,0.394413906167125,0.520984354344321,0.221396696063771,0.10941597774139,0.117354965585054,0.12905987062886,0.118635036340772,0.128552410719454,0.128792779472014,0.0974807674871144
CATTCGCGTGTTGGGA-1,0.37382467814263,0.563214550314511,0.236326814162418,0.143389645486375,0.0393928220255654,0.145537668401342,0.0425965002024852,0.148400571086801,0.0451796404111347,0.112434351395273
CCAATCCAGCCCAATT-1,0.357508799845701,0.611734968113079,0.256461279421635,0.1446543392308,0.0297074729596854,0.180788872136569,0.0320672677281156,0.187590438154772,0.0308967131811601,0.148803504048767
CCAATCCTCAAAGTAG-1,0.393298857225517,0.512921829829888,0.22191477587161,0.106733495746635,0.0293141592920354,0.10835076114975,0.0310015559392118,0.111154521425402,0.0354865539229276,0.0856831988394233
CCACCTACATTAGGCT-1,0.378658565986788,0.600941354213577,0.250385616220608,0.146032189783937,0.0259587020648968,0.15853800885171,0.0298292729714176,0.160131002681793,0.0287404121615378,0.124587625630331
CCACCTAGTTTCCACC-1,0.363427600173586,0.594273428534073,0.258050842468415,0.151037714498715,0.0298180924287119,0.167987938329848,0.0331116652812413,0.175594721305782,0.0319029869903172,0.135991128284174
CCACTACAGCTAGTTC-1,0.372571001494768,0.581663930734925,0.249949958200379,0.147463290599997,0.0303834808259587,0.151009192159914,0.0346356331393738,0.154232023306515,0.0340284837096592,0.117215452966654
CCACTACCACTTAAGC-1,0.358907131491393,0.608364687595334,0.257061781017085,0.138044650345461,0.031256145526057,0.18395506055153,0.0336445211756932,0.190291524377303,0.0324163919949892,0.151827001541391
CCATGTCCAGTAAGCG-1,0.364584840156227,0.602902508825196,0.251680815740207,0.145526312286167,0.0290068829891839,0.168454841690579,0.0301703007438668,0.17180355385773,0.0290689913645278,0.134986783096313
CCATGTCCATGTAAGA-1,0.383968609865471,0.506558972645525,0.223916447856445,0.115652914786267,0.0953785644051131,0.131156072175478,0.096521516721018,0.135488414269453,0.102126523529351,0.102966305613871
CCATTCGTCAAACCGT-1,0.365187569313853,0.564449351366271,0.238187191654205,0.147336821225555,0.0421583087512291,0.146111570448908,0.0448238378412942,0.152987594296849,0.0438858597993613,0.118122153483474
CCCAATCAGTTTAGGA-1,0.383215198418439,0.572134172029577,0.24053032533057,0.133371939773953,0.0274090462143559,0.147731141481445,0.0334420359358015,0.150677200902935,0.0322212980932138,0.115060295584368
CCCAGTTTCGCGGATC-1,0.391309851005352,0.53533710068713,0.223916447856445,0.120292343943448,0.103060471976401,0.133685132046107,0.104173327365347,0.134041403793097,0.112445964123258,0.101557432503121
CCCATACCATTAGCCA-1,0.38506557693235,0.605691706495054,0.250679979747789,0.139542313990175,0.028220255653884,0.157263751763047,0.0316516401304431,0.159788543535722,0.0304962572775159,0.123007874345258
CCCATACGTCTTGATG-1,0.349492502049279,0.588186585702457,0.249679143755372,0.147969168097767,0.0295353982300885,0.152516900928943,0.0316836114841102,0.162590920491598,0.0305270615777963,0.127161260174226
CCCATACGTGATGTGG-1,0.361806258739573,0.498540029344684,0.251645492116945,0.154618794680299,0.0404129793510324,0.137960215942804,0.0428416139139331,0.137827747872895,0.046237254720759,0.105348138125362
CCCTCCTAGTGAAGTT-1,0.364976614108684,0.58981361767654,0.233077040822334,0.152588628406353,0.0286504424778761,0.153596614950635,0.0300211010934203,0.15815342169744,0.0289252379632197,0.124877072333777
CCCTCCTCACCAGGCT-1,0.41244153527171,0.5848744134695,0.234348691259758,0.13174115047193,0.0332841691248771,0.147410145420943,0.0387599377624315,0.147619185429569,0.0412777623756276,0.115485747365338
CCCTCCTTCCATGAGT-1,0.34319398235209,0.51934279529904,0.235643890779357,0.147137132739593,0.0281710914454277,0.132663780944507,0.0318114968987787,0.137716810403041,0.0306502787789175,0.105111001067117
CCGGTAGAGATGTTAG-1,0.396324557596798,0.419222220608103,0.195975461856374,0.0722206690895536,0.265105703048181,0.120300569038471,0.268740541807873,0.115770484844977,0.282906693774451,0.0872350516470564
CCGGTAGCAGGTCGTC-1,0.360582718549593,0.512369801124395,0.213719695274877,0.127414566609423,0.0500368731563422,0.121939594377705,0.0501310825500352,0.124587602014239,0.054503075295978,0.0973552243386317
CCGTACTAGTATCGAA-1,0.36493442306765,0.587271380217034,0.254989461785727,0.161195202151311,0.0283431661750246,0.155352366130052,0.0314598120084404,0.162045879878837,0.030311431475834,0.124939843908019
CCGTACTCAGTAAGCG-1,0.352168619509137,0.588767668550344,0.244003814951312,0.157281307826457,0.0275319567354966,0.144399591459559,0.0292751028411876,0.148434334664583,0.0282064709566789,0.117267762611855
CCGTGGAGTCGCCATG-1,0.401592410434447,0.470066969798219,0.227495908346972,0.0896601301968929,0.18102261553589,0.121078741306357,0.18690453353795,0.118558391696089,0.198626128207498,0.0899865389846349
CCGTGGAGTTAAAGTG-1,0.379990597425141,0.278585644348243,0.149195210116686,0.0524981029593834,0.213421828908555,0.088599776275473,0.213739156382548,0.0864299357527348,0.225682571953711,0.0650069397462633
CCGTTCACAATCTGCA-1,0.400706398572737,0.456469631157662,0.196658385239435,0.0816193404954937,0.105776794493609,0.0884733232819415,0.101306562653196,0.0904574482452586,0.109745453798684,0.0703390362470968
CCGTTCATCGGTCCGA-1,0.378302955783789,0.57829365021718,0.245616927080267,0.137225927553017,0.0310594886922321,0.150294246388794,0.0368203423066266,0.152259265690417,0.0359486184271324,0.117602544341143
CCTACCAAGCCACGCT-1,0.381684266358069,0.591861934715342,0.232982844493636,0.147989136946364,0.0329891838741396,0.165629103642819,0.0351152034443805,0.170771353051263,0.0338333898078838,0.132597975965462
CCTACCACATTCTTAC-1,0.39355200347172,0.591091999941892,0.232123302994266,0.146451535604457,0.0299655850540806,0.16296386362531,0.0327599803909031,0.16663772645714,0.0316052120876074,0.128521310949455
CCTATTAAGACAGGCT-1,0.353898452191523,0.596278164359283,0.235031614642819,0.15724802641213,0.0266715830875123,0.150517970915811,0.0271863077349362,0.154164496150952,0.0261939233383647,0.12266611799661
CCTCTGAAGGGAGTAA-1,0.362408987897198,0.515943460638901,0.239623685666851,0.146830943727785,0.046374139626352,0.131053937065318,0.0474241746062195,0.133684474542262,0.0524083828769163,0.10199683352281
CCTCTGACAGCTATTG-1,0.406516707652249,0.379941020090939,0.173156401229262,0.0510803147090539,0.164319075712881,0.0851952726034726,0.161284822132702,0.0850649225367058,0.174834940290998,0.0662274981342893
CCTCTGACAGTTCCCT-1,0.359943825642509,0.507779246626088,0.213554851699655,0.123087982746915,0.0680309734513274,0.120339477651865,0.0675874416522796,0.122831895969593,0.0725646633603384,0.0959637877762821
CCTCTGACATCCCATC-1,0.371064178600704,0.589668346964568,0.251763237527817,0.140713819774485,0.0273844641101278,0.153333981810223,0.0317368970735554,0.156687117748066,0.0305784020782635,0.120200590052798
CCTCTGAGTGACAAAT-1,0.372137036501278,0.527942821447768,0.223963546020794,0.121563693970739,0.101315142576205,0.135406838188804,0.103182215401667,0.137924215237985,0.110546365605972,0.104417026440782
CCTTCGAGTCTCTCTG-1,0.341217030715078,0.477809898746314,0.229544678496156,0.144860683999627,0.0522861356932153,0.128675648071592,0.0543086727625381,0.129285562694141,0.0549035311996221,0.0986036812040983
CCTTTCTAGCTAGTGG-1,0.384414629442114,0.490956898179758,0.225788599889319,0.100842685410759,0.0340953785644051,0.107898448519041,0.0359784299933926,0.110093380409407,0.0399839817638542,0.0847172140580428
CCTTTCTCAGCGTTCG-1,0.391786007039877,0.556096285427895,0.244192207608708,0.138290932811481,0.0337143559488692,0.140333641359856,0.0380032823923098,0.142217012984507,0.0403125609668443,0.110258270154906
CCTTTCTGTTAAAGAC-1,0.368165051352524,0.56090474599416,0.234501760293893,0.145945658106687,0.045759587020649,0.146695199649822,0.0478078308502249,0.152539021049179,0.0477466654344947,0.117267762611855
CCTTTCTTCCTTGGTC-1,0.375361637494575,0.502491392710316,0.219618740359594,0.104736610887016,0.140511307767945,0.131039346335295,0.142666837180553,0.132690860681831,0.154411689205146,0.100438006095817
CGACCTTAGTAGGCCA-1,0.352825594290949,0.585934889666894,0.242061015671914,0.157960248678728,0.0284169124877089,0.147215602353971,0.029658759085193,0.151559877293512,0.0285761225600427,0.119593798168465
CGACTTCCACAAGTAA-1,0.372558946911616,0.551752691139939,0.225788599889319,0.135435387462226,0.0410029498525074,0.141058314284325,0.0440671824711725,0.143987189133916,0.0463296676216,0.109177204154083
CGAGCCACATCGATTG-1,0.369255991127827,0.558260819036274,0.23537307633435,0.143462864597894,0.0499877089478859,0.144788677593502,0.0518575356480593,0.150643437325153,0.0525316000780376,0.115911199146307
CGATGGCGTCCGAAGA-1,0.39649934905251,0.529744178276218,0.247418431866618,0.135655044796784,0.107706489675516,0.148168863382131,0.112262079843127,0.146471223784994,0.118873794781752,0.113424747344414
CGATGGCGTGCGGTAA-1,0.365922898886157,0.560512515071836,0.231958459419044,0.142830517725681,0.0314159292035398,0.145440396867857,0.0347741756719313,0.149408655051996,0.035774060725544,0.113525879325136
CGCCAAGTCTCCGGTT-1,0.381961521770577,0.557970277612331,0.232865099082763,0.141752199901487,0.0653883972468043,0.142726521083605,0.0659888739689238,0.146519457467539,0.0682417932210003,0.111475341233252
CGCTATCCAATGACCT-1,0.348377453107672,0.592167003210483,0.236315039621331,0.157507621443881,0.0251843657817109,0.144871358396965,0.0258328537630283,0.148511508556655,0.0248898746264979,0.118477859070841
CGCTATCTCACGCATA-1,0.39055643955832,0.484884582419338,0.214791178513817,0.0952114701066337,0.180543264503441,0.126939351198872,0.185220708911482,0.12417279234435,0.200248488022261,0.0939969451167203
CGCTGGAAGGTGATAT-1,0.372124981918125,0.568952743437396,0.243002978958895,0.146498129584515,0.0357423795476893,0.145824619425125,0.0388558518234329,0.149032432328143,0.0406514082699278,0.112978371705364
CGCTGGACACATCCAA-1,0.376157239982641,0.556750003631768,0.249679143755372,0.140514131288523,0.0634464110127827,0.144049413939011,0.0644116205213462,0.147001794292991,0.068724393925392,0.111192869149166
CGGACACGTCCTAGCG-1,0.370256521529486,0.58981361767654,0.249478976556889,0.141812106447276,0.0266470009832842,0.154092699771412,0.0307990706993201,0.157743435395806,0.0296748092700408,0.12125724488586
CGGACGTAGGACGAAA-1,0.375747384155456,0.199936080886732,0.106159262442746,0.0355911444812759,0.382104228121927,0.110656096493361,0.398331095338577,0.101126738824256,0.407130168704885,0.0731149347524359
CGGACGTCAGTCTTCC-1,0.367212739283476,0.561703734910005,0.243780098670654,0.156955149966053,0.0321165191740413,0.154457468021983,0.0348914039687107,0.162190580926473,0.0336177597059216,0.124821275378896
CGGACGTCATGCCTTC-1,0.360046289599306,0.603076833679562,0.24508707273134,0.148581546121384,0.0295599803343166,0.172467292446865,0.0302662148048682,0.180654434604773,0.0291614042653688,0.142798356779679
CGGACGTGTCAGCTAT-1,0.384077101113843,0.592689977773581,0.224823087520164,0.148694702930096,0.0351155358898722,0.168474295997276,0.0366711426561801,0.172970808975324,0.035332532421526,0.134812417612309
CGGAGCTCATTCTCAT-1,0.396963450503882,0.526199572904107,0.224434527664284,0.11050095184845,0.0889503441494592,0.141038859977628,0.0895517616215871,0.141913140784473,0.0948156362628223,0.107046457939558
CGGAGTCAGGCAGTCA-1,0.371805535464584,0.597498438339846,0.253741360430477,0.14271736091697,0.0297320550639135,0.16350858421283,0.0333248076390221,0.166869248133356,0.032108348992186,0.129285031769391
CGGGTCAAGTGAAGTT-1,0.397976035488693,0.527303630315092,0.231946684877957,0.113489622855013,0.0933259587020649,0.13921501872477,0.0938998657203146,0.139959676641392,0.0989844849007588,0.105675945235289
CGTAGCGAGTGGCACA-1,0.383908336949708,0.585397388032599,0.238740595085307,0.138444027317385,0.0291666666666667,0.145187490880794,0.0330583796917962,0.146123941270668,0.0321391532924663,0.113944356486745
CGTAGGCCAGGGATTG-1,0.397355224456338,0.564013539230356,0.236727148559385,0.123334265212934,0.0459193706981318,0.153669568600749,0.0497793976596969,0.156142077135305,0.0524391871771966,0.117975686476911
CGTCACTCATTTGCTT-1,0.356803606731279,0.554309455670642,0.227825595497415,0.140906851977582,0.0307645034414946,0.139127474344633,0.0325361809152333,0.143982365765661,0.0313485095852714,0.110087391980583
CGTCAGGCATGCGCAC-1,0.401972129803751,0.475340296642794,0.209716351305208,0.0947055926088635,0.167588495575221,0.126452993531443,0.17216573949741,0.124703362852347,0.185801271190792,0.0941887471491243
CGTCAGGGTACCCAAT-1,0.352717103042577,0.564565567935848,0.241201474172544,0.153540476856104,0.0297197640117994,0.154749282622441,0.0328132659803483,0.162991260056723,0.0328065797985399,0.126662574889975
CGTCCATAGGACCACA-1,0.413815757751097,0.407586036579165,0.224187262301452,0.0843750416017679,0.251216814159292,0.119415398083751,0.254204233007225,0.114574289517856,0.266200494922424,0.0872071531696158
CGTCCATTCTGCTGCT-1,0.379791696803125,0.592893356770341,0.257768253482321,0.145153560445705,0.0297689282202557,0.15335343611692,0.0324828953257881,0.154767417182767,0.0312971690848042,0.12029474741416
CGTCTACAGGCAAAGA-1,0.360932301461015,0.555050336301698,0.221985423118134,0.136453798740631,0.032853982300885,0.141982393852439,0.0354349169810516,0.146866739981864,0.034141432810687,0.111942640730382
CGTCTACGTGGTACAG-1,0.378363228699552,0.565974693841975,0.242802811760412,0.140054847770811,0.0414577187807276,0.150206702008657,0.0455165505040817,0.15278501283016,0.0487015987431845,0.115562468178299
CGTGAGCGTTCCGTCT-1,0.392075317035537,0.53847494806572,0.229403384003108,0.118674867207157,0.047590953785644,0.145542531978017,0.0498433403670311,0.146519457467539,0.0541026193923338,0.111077787929724
CGTGAGCTCGGTGTTA-1,0.377193934133758,0.345540915496027,0.181410354531432,0.0610114887442257,0.322062438544739,0.117343514420505,0.331766737003645,0.109866682101445,0.342153631313598,0.0828584779985632
CGTGTAATCAAACCGT-1,0.38624089878972,0.502113688859189,0.214579236774247,0.0988391442682748,0.144641101278269,0.129687272019843,0.147526482937954,0.129960834249773,0.159956463255604,0.0984676761265754
CGTGTCTCACGTGAGA-1,0.349655238921838,0.513822508244113,0.263255189628984,0.168823302315055,0.0413593903638151,0.140547638733525,0.0489055139927958,0.140721768825606,0.0493792933493516,0.108375122927666
CGTTCTGGTCAAACTC-1,0.367122329909832,0.608204889812165,0.247029872010738,0.143070143908836,0.0281096361848574,0.169174651038374,0.0293390455485219,0.172729640562598,0.0282680795572395,0.13625616381986
CGTTGGGCACCAGCAC-1,0.379309513477024,0.625317779682438,0.25557818884009,0.141865356710199,0.0276057030481809,0.169096833811585,0.0317688684272225,0.17265729003878,0.0306092063785438,0.133180356682034
CGTTGGGGTCACACGC-1,0.358617821495733,0.516234002062844,0.232311695651662,0.142111639176218,0.0286504424778761,0.135528427605661,0.032450923972121,0.140360016206517,0.0312663647845239,0.107199899565481
CGTTGGGTCCGTTGTC-1,0.394124596171464,0.496985632726586,0.22329239717882,0.10564186535671,0.15438790560472,0.129886678663489,0.160378967112134,0.128118307576547,0.174054564683897,0.0969053613899021
CTAAGACAGAGGTACC-1,0.410518829258884,0.597382221770269,0.241707779439296,0.134343757072301,0.0279621435594887,0.155590681387092,0.0328345802161263,0.156624413960757,0.0316360163878877,0.120399366704562
CTAAGACGTCTGATCA-1,0.406058633492454,0.308424248587242,0.164843575221656,0.0598000452627235,0.345685840707965,0.12391907008414,0.350896263614468,0.114979452451236,0.363418866607112,0.0852054374132532
CTAATGGGTCTCCACT-1,0.371480061719466,0.597629181980621,0.251892757479777,0.140381005631215,0.027212389380531,0.158542872428384,0.0318434682524458,0.16281761879956,0.0306810830791979,0.125100260153302
CTACACCGTTAAGTAG-1,0.368460388639761,0.581867309731685,0.248466366023384,0.156469241316879,0.02984267453294,0.146087252565537,0.0321312104354498,0.149910285350466,0.0314922629865796,0.114488376796836
CTACATTTCTCTTGAT-1,0.328149862577752,0.492060955590743,0.233041717199072,0.158386250782113,0.02984267453294,0.130329264140849,0.032184496024895,0.133062260037429,0.0310096622821879,0.101930574638889
CTACCCAGTACATCCA-1,0.392322435990163,0.412786728067754,0.188015872081386,0.0717281041575143,0.264417404129794,0.119152764943339,0.26423258094081,0.114931218768691,0.280401277351652,0.086419021181919
CTACCCAGTCAGAAGC-1,0.447327498915087,0.235716257245377,0.127235690988944,0.0417615186974986,0.258812684365782,0.0972763970623997,0.262090500245114,0.0927533715344099,0.278429802133711,0.0695160311625993
CTACCCAGTTAGGGTG-1,0.39527580886253,0.609962665427023,0.245593377998093,0.141732231052891,0.0255653883972468,0.157696610087058,0.0297546731461943,0.15835600316413,0.0286685354608837,0.123670463184472
CTACGTCGTTCTCATT-1,0.3818289213559,0.587837935993724,0.246605988531597,0.137578710544883,0.0362340216322517,0.161752833033413,0.0388558518234329,0.164308039590207,0.039860764562733,0.126083681483083
CTAGAGTCAATCACAC-1,0.35414557114615,0.513372169037,0.23932932213967,0.155683799938762,0.0327310717797443,0.134117990370118,0.0350832320907134,0.135970751094905,0.0374580291408681,0.103827671104849
CTAGAGTGTGAGCGAT-1,0.401592410434447,0.478681523018144,0.230863427097929,0.0795958305044131,0.149434611602753,0.108375079033121,0.150936760662446,0.106938897570952,0.160664962162051,0.0824504627659945
CTAGCCTAGCTATGCT-1,0.36538646993587,0.604820082223223,0.255754806956399,0.145839157580841,0.0282448377581121,0.167015222994991,0.0315557260694418,0.172637996565762,0.030403844376675,0.134714772941267
CTAGTGAGTGTTCTTT-1,0.35620690486523,0.582215959440417,0.252022277431737,0.155111359612338,0.0300516224188791,0.145270171684257,0.0316622972483322,0.148743030232872,0.0305065253776094,0.116939955501928
CTCACACTCAGAGACG-1,0.360558609383288,0.55720034283888,0.248360395153599,0.143968742095664,0.0318338249754179,0.136544915130587,0.0346036617857067,0.13923134803496,0.0333405210033987,0.107974082314458
CTCAGAAGTCCCTTGT-1,0.352054100969188,0.559161497450499,0.240071118228167,0.140860257997524,0.0396386430678466,0.145099946500657,0.0414988170599143,0.1536291022747,0.0399839817638542,0.119433381923182
CTCATTACACCTCGGA-1,0.373336467524953,0.54624693115621,0.227013152162394,0.143595990255202,0.0658923303834808,0.139142065074656,0.0650190762410214,0.142289363508325,0.0678105330170758,0.109096996031442
CTCATTATCCACGAAT-1,0.362119677901538,0.608582593663292,0.250044154529077,0.145859126429437,0.0298180924287119,0.177097417440786,0.0312573267685487,0.184233373849627,0.0301163375740587,0.145647488788299
CTCCTAGAGGCCGAAT-1,0.400983653985245,0.568909162223804,0.239352871221844,0.136207516274612,0.0317354965585054,0.144793541170177,0.0365112858878445,0.14671239219772,0.0351785109201245,0.112681950382558
CTCCTAGCAGTTCATG-1,0.350173585997396,0.574255124424365,0.242567320938666,0.147270258396901,0.0293510324483776,0.156675258985458,0.0325574951510114,0.166488202041249,0.0318413783897565,0.130338199292774
CTCCTAGTCGGCGCTA-1,0.39988065962679,0.40133939596438,0.223469015295129,0.088655031484218,0.293055555555556,0.122960945479305,0.295980135132255,0.11834616349289,0.310014478021132,0.0889403460806126
CTCGAAAAGCACACAG-1,0.388513187713969,0.579572032482531,0.241366317747766,0.13777174274798,0.0311455260570305,0.151159963036817,0.0364473431805103,0.153595338696919,0.0364414872316175,0.116357574785356
CTCGAAAAGGGTTTCT-1,0.358629876078885,0.604689338582448,0.256673221161205,0.154612138397433,0.0272000983284169,0.148309907105686,0.0296054734957478,0.150194864077483,0.0285247820595755,0.117672290534744
CTCGAAAGTACTCTCC-1,0.400061478374078,0.516292110347633,0.228802882407658,0.111732364178548,0.0801499508357915,0.136588687320656,0.0791291003261078,0.137205533368062,0.0838082329626549,0.103674229478926
CTCTAATGTCATATGC-1,0.383944500699166,0.212661795255459,0.107077676647553,0.0401041042640148,0.41283185840708,0.118184913185156,0.412387833834218,0.110001736412572,0.428919077103164,0.0814705287458937
CTGAAACTCAGTTAGC-1,0.353187231785525,0.58297136714267,0.242861684465848,0.158379594499248,0.0279990167158309,0.146962696366908,0.0294882451989684,0.151694931604638,0.0284118329585477,0.119569387000704
CTGAAGTTCACCTTAT-1,0.391014513718116,0.581881836802882,0.230180503714868,0.151303965813331,0.0296091445427729,0.153975973931229,0.0335486071146919,0.15694757963381,0.0345418887143312,0.121839625602433
CTGCCTAAGCGATAGC-1,0.390791503929794,0.514272847451225,0.223104004521424,0.110101574876526,0.139147000983284,0.126428675648072,0.138734360679498,0.125778973973105,0.151464744478329,0.0953256101048285
CTGCTGTTCGGTGTTA-1,0.358250156709581,0.524863082353967,0.233571571547999,0.154259355405567,0.0346976401179941,0.131321433782404,0.0370867702538525,0.134176458104223,0.0391419975561922,0.102715219316906
CTGGTCTCAGAGTGTG-1,0.364753604320363,0.570725046123451,0.223351269884256,0.140946789674774,0.0330383480825959,0.153654977870726,0.0361489438796172,0.160526518878663,0.0348293955169475,0.123872727145916
CTGGTCTCATCGACGC-1,0.394215005545108,0.486104856399901,0.254895265457029,0.117929363526232,0.21779744346116,0.142050483925879,0.217192062578596,0.141093168181204,0.227376808469129,0.106945325958836
CTGTGCTAGCTCCTTC-1,0.366917401996239,0.522161047111292,0.238775918708568,0.127294753517845,0.0523844641101278,0.127172802879237,0.0545751007097641,0.129700372364029,0.0587027282341948,0.0991023664883489
CTGTTTACATCTCGCT-1,0.339282270119099,0.530412423551288,0.212177230392445,0.12896548051706,0.0294493608652901,0.135085842128301,0.0304260715732037,0.139790858752484,0.0293154257667704,0.107039483320198
CTTACCGCATACTCTT-1,0.359413423983799,0.524601595072417,0.232735579130803,0.156469241316879,0.0375491642084562,0.131209571518895,0.039463307543108,0.134436919989967,0.0412264218751604,0.102791940129867
CTTAGGAAGATAGCAT-1,0.365476879309514,0.591978151284919,0.256084494106842,0.14381564758976,0.0275073746312684,0.158815232722144,0.0309802417034337,0.162769385117015,0.0298493669716292,0.125180468275944
CTTAGGACACACCGAC-1,0.359485751482714,0.552028705492686,0.21985423118134,0.136214172557477,0.0316125860373648,0.142186664072759,0.0338789777692521,0.146220408635759,0.0326422901970448,0.111297488439568
GAAACTCAGCTTTGGT-1,0.395052799074208,0.600897772999985,0.237410071942446,0.133604909674242,0.0277900688298918,0.151062691503332,0.0333780932284673,0.151366942563331,0.0330735504009693,0.120162229646317
GAAACTCCAAGGGTCA-1,0.363596364337721,0.560425352644653,0.234960967396296,0.147403384054209,0.0410152409046214,0.145902436651914,0.0437368118166123,0.152018097277691,0.0425510067872142,0.117138732153693
GAAATGAAGCGTGAGT-1,0.385698442547857,0.589305170184639,0.238187191654205,0.141465979738275,0.0290068829891839,0.157336705413161,0.0311933840612145,0.161143910015242,0.030054728973498,0.124437671314088
GAAATGAAGCTCTCGG-1,0.390297266020541,0.561427720557258,0.236291490539156,0.129404795186176,0.0309611602753196,0.147526871261125,0.0360423727007268,0.150706141112462,0.0347267145160131,0.11463833111308
GAAATGACAATGAAAC-1,0.371757317131974,0.498598137629473,0.235596792615008,0.14650478586738,0.0336406096361849,0.134254170516998,0.0370441417822964,0.138898535625398,0.0356919159247964,0.106293199048662
GAACATCCACGAAAGC-1,0.349697429962872,0.577073376236617,0.249231711194056,0.149906146411598,0.0331243854473943,0.148436360099217,0.0355947737493872,0.157757905500569,0.0342954543120886,0.122948590080696
GAACCTAAGCCCGAAA-1,0.37941197743382,0.571378764327324,0.235855832518928,0.147230320699708,0.0458824975417896,0.150931374933126,0.0465396338214293,0.152563137890452,0.0496565320518744,0.118209336225475
GAACGGAAGGATGCGT-1,0.3698466657023,0.596670395281607,0.254388960190277,0.149227205559327,0.0257866273352999,0.152648217499149,0.0291578745444082,0.155003762227239,0.028093521855651,0.120727173814489
GAATAAGGTTCGGCAC-1,0.368165051352524,0.575286546479364,0.230992947049889,0.146298441098553,0.0576081612586037,0.143066971450805,0.0552358420188844,0.146340992842122,0.0580866422285884,0.114878955481005
GAATGAAGTAGTAGTA-1,0.377145715801148,0.597701817336607,0.237374748319184,0.148401826484018,0.0301991150442478,0.165118428092019,0.0319500394313362,0.169030117111381,0.0307837640801323,0.131670351590562
GAATGAAGTGCGAAAC-1,0.414056849414147,0.467074393131601,0.241966819343216,0.118661554641426,0.161160275319567,0.132605418024415,0.167433979154677,0.131311377361039,0.174372875786793,0.0992976558304331
GACACGCAGTGTGAAT-1,0.409560489898259,0.550169240379447,0.228508518880477,0.123580547678954,0.0911012782694199,0.154729828315743,0.0891361340239146,0.154733653604985,0.0952366283666533,0.118331392064278
GACACGCCAGGGTACA-1,0.386879791696803,0.606577857838081,0.241625357651686,0.141572480264121,0.0259341199606686,0.155133505179709,0.0295735021420807,0.156055256506724,0.0284939777592952,0.121895422557314
GACCAATCATAAGACA-1,0.364554703698346,0.51630663741883,0.253482320526558,0.152422221334718,0.0373525073746313,0.140761636107193,0.0438860114670588,0.144276591229187,0.0429822669911386,0.109602655935052
GACGCGTGTATTAGCC-1,0.382238777183085,0.55823176489388,0.23094584888554,0.135435387462226,0.0590953785644051,0.142405525023102,0.0596372317070571,0.14721402249619,0.0611568041565269,0.111492777781653
GACGGCTTCCGGCACA-1,0.407270119099282,0.489736624199195,0.255295599853996,0.118055832900675,0.188987217305801,0.144710860366714,0.201909755525716,0.141951727730509,0.204520017661132,0.108688980798873
GACGTGCAGGTGCAAC-1,0.38089469116158,0.553684791609164,0.230580838111835,0.139102999321059,0.0708087512291052,0.142454160789845,0.0706247202506554,0.145776658756343,0.073745494871084,0.111269589962128
GACTAACAGTTATCGC-1,0.342922754231159,0.505019103098624,0.232523637391233,0.141852044144468,0.0292527040314651,0.131691065609649,0.0334633501715796,0.136805193802936,0.0322418342934007,0.104029935066294
GACTGCGGTCAGGACA-1,0.404515646848932,0.45668753722562,0.208044366470817,0.0872838372139462,0.19240412979351,0.124998784105831,0.196378711341305,0.122537670506068,0.210444711415047,0.0924939146446083
GAGCAGAGTCTCGTTC-1,0.367990259896813,0.565596989990848,0.246829704812255,0.16068932465354,0.0298180924287119,0.15829969359467,0.0323336956753416,0.167023595917501,0.0311534156834961,0.131185615545032
GAGTCCGTCTGCCAGG-1,0.377567626211486,0.488705202144196,0.277184471735214,0.153141099884181,0.0896509341199607,0.140430912893342,0.0949549203913294,0.141671972371747,0.0962531702759039,0.107367290430125
GATCAGTCAATGAATG-1,0.391701624957809,0.499339018260529,0.220996361666804,0.0997244298893726,0.16080383480826,0.12562132192014,0.161103651128589,0.124457371071367,0.174783599790531,0.0942061836975247
GATCAGTGTTCACCTC-1,0.350083176623752,0.577233174019786,0.247524402736403,0.148714671778692,0.0337758112094395,0.148611448859491,0.0359890871112816,0.158172715170458,0.0346753740155459,0.123335681455185
GATCGATTCATGTGGT-1,0.382925888422778,0.544852332321281,0.229662423907028,0.132273653101162,0.0853613569321534,0.140095326102816,0.0837436323720613,0.143032162219521,0.0881721755023668,0.109428290451049
GATCGTAAGCGTAGTG-1,0.385951588794059,0.61167685982829,0.239246900352059,0.140554068985716,0.0250368731563422,0.157711200817081,0.0284012191742865,0.158732225887982,0.0273644867490168,0.125089798224262
GATCGTACAAAGTGCG-1,0.360010125849848,0.61414646193181,0.254683323717458,0.15337406978447,0.0251106194690265,0.152074315451583,0.027431421446384,0.153990854893789,0.0264300896405138,0.12031915858192
GATCTAGCATGTAAGA-1,0.360866001253677,0.576855470168659,0.242225859247136,0.151377184924851,0.0343534906588004,0.148305043529011,0.0368203423066266,0.156185487449596,0.0354762858228342,0.120988722040495
GATTCAGAGCCCAATT-1,0.366459327836443,0.602742711042027,0.251669041199119,0.148754609475884,0.0273352999016716,0.160021399737367,0.0294775880810794,0.164192278752098,0.0284015648584542,0.127286803322709
GCAAACTAGTGCCATT-1,0.396589758426154,0.587925098420907,0.222527052008148,0.147370102639882,0.039306784660767,0.167832303876271,0.0415840740030266,0.169198935000289,0.0419451888817012,0.133298925211157
GCAATCAGTGAGGGAG-1,0.411880997155118,0.507880936124468,0.217393352094102,0.0998708681124113,0.125835791543756,0.132206604737124,0.129356096937144,0.132015589126199,0.139605088870406,0.0997370568501224
GCAATCATCGTCTGCT-1,0.358907131491393,0.518718131237561,0.246500017661812,0.148029074643556,0.0295968534906588,0.142925927727251,0.035818573225057,0.147305666493025,0.0347267145160131,0.112064696569185
GCACATATCACAGGCC-1,0.332971695838758,0.523497537661432,0.251539521247159,0.176504652741723,0.02781465093412,0.140124507562862,0.0329944369844619,0.141797379946364,0.0317900378892893,0.108650620392392
GCACATATCGTTTGCC-1,0.414804233569603,0.53266411958685,0.237339424695922,0.109043225900928,0.138053097345133,0.137279315208404,0.141537182684315,0.137871158187185,0.146854367536375,0.105149361473598
GCAGCCACATTACCTT-1,0.381997685520035,0.489126487208914,0.216051054410154,0.0944127161627861,0.163384955752212,0.128451923544575,0.164652471385638,0.129078157859196,0.178069391820431,0.0977318537840797
GCAGCCAGTCTAAAGA-1,0.362258305607792,0.54207766172262,0.246582439449422,0.144834058868166,0.0328048180924287,0.144545498759788,0.0369162563676279,0.150956956261697,0.0392446785571266,0.114781310809963
GCAGTTACACGTGAGA-1,0.381292492405613,0.595638973226608,0.249914634577117,0.13861043438902,0.0291297935103245,0.153689022907446,0.0340068631839205,0.155548802839999,0.0327655073981661,0.11985185908479
GCAGTTATCTTACCTA-1,0.369720092579199,0.592355855136046,0.239082056776837,0.143542739992279,0.0285029498525074,0.158134331987744,0.0292005030159644,0.164158515174317,0.0281345942560248,0.128054011452325
GCATACACAGGTGGAT-1,0.376344086021505,0.598602495750832,0.253152633376114,0.149080767336289,0.0277409046214356,0.156334808618258,0.0309269561139885,0.158293299376821,0.029798026471162,0.122707965712771
GCATACAGTATAGGGC-1,0.371516225468923,0.260630184348533,0.161605576422659,0.0442775936206185,0.379363323500492,0.111589903214824,0.369951190400068,0.105327892573942,0.393124480177433,0.0761523814837805
GCATACAGTTTAGGAA-1,0.365404551810598,0.546261458227407,0.227566555593496,0.140394318196946,0.0486234021632252,0.144214775545936,0.0497474263060298,0.148632092763018,0.0505909291603775,0.114969625532687
GCATGATAGCCGATTT-1,0.352391629297459,0.51260223426355,0.260099612617598,0.166693291798128,0.0382497541789577,0.137906716599387,0.0453886650894132,0.140654241670043,0.0437318382979597,0.106781422403872
GCCAAATCATTCCTGC-1,0.364422103283668,0.587053474149077,0.249573172885587,0.151749936765313,0.0281465093411996,0.14817859053548,0.0310335272928789,0.152891126931759,0.0299007074720964,0.117546747386261
GCGAGAAGTCGGCATC-1,0.328993683398428,0.498728881270247,0.25867489314604,0.170447435334212,0.028822517207473,0.140051553912747,0.0358505445787241,0.138700777526963,0.0345418887143312,0.106481513771386
GCGCAACAGAGCTATA-1,0.340065818024013,0.52114415212749,0.24581709427875,0.169036303366748,0.0261061946902655,0.13730849666845,0.0307031566383187,0.142250776562289,0.0295823963691998,0.107949671146697
GCGCAACCACGGTGTC-1,0.377688172043011,0.58323285442422,0.239140929482273,0.156143083456475,0.0272000983284169,0.146529838042897,0.0301916149796449,0.149379714842469,0.0290895275647147,0.117905940283309
GCGCAGTAGCATGGCA-1,0.441125415883119,0.192483693362581,0.129602373747483,0.0357841766843724,0.36413470993117,0.105189436311463,0.376995545324722,0.0989224595319403,0.385947078212118,0.071521234228642
GCGCAGTTCCGCATCT-1,0.346400501470659,0.543849964408676,0.243379764273687,0.149393612630962,0.029830383480826,0.137673264919021,0.0337617494724727,0.142110898882908,0.032529341096017,0.110268732083947
GCGGGTTAGGCAGTCA-1,0.384414629442114,0.607449482109912,0.24693567568204,0.13550195029088,0.0295599803343166,0.160254851417733,0.0332395506959098,0.163213134996431,0.0320262041914385,0.125574534269792
GCGGGTTCAAGTCTGT-1,0.406685471816385,0.576739253599082,0.238269613441816,0.147057257345208,0.0477630285152409,0.155498273430281,0.0508344523307117,0.156880052478247,0.0544209304952305,0.121476945395705
GCTCTGTAGCAGGCTA-1,0.373372631274411,0.561253395702892,0.226495072354555,0.141372791778159,0.0339110127826942,0.152273722095229,0.0378647398597523,0.156870405741738,0.0381973323475957,0.119426407303821
GCTCTGTAGTGGGCTA-1,0.340282800520758,0.516568124700379,0.258945707591047,0.169642025107499,0.0294493608652901,0.141855940858908,0.0352750602127161,0.141146225232004,0.0350655618190966,0.108818011257036
GCTCTGTCAGTGACAG-1,0.379194994937075,0.595203161090692,0.222927386405115,0.148901047698923,0.0301622418879056,0.164286756480716,0.0316622972483322,0.167761571260443,0.0305065253776094,0.132594488655782
GCTGCAGAGACATAAC-1,0.385770770046772,0.535874602321426,0.228897078736356,0.118874555693119,0.102200098328417,0.135329020962015,0.102734616450327,0.136453087920357,0.110156177802421,0.10338827008516
GCTGCAGCAACGCACC-1,0.358015092338107,0.561994276333948,0.239129154941186,0.146291784815688,0.038901179941003,0.14613588833228,0.0414881599420253,0.153672512588991,0.0399737136637608,0.118987006284132
GCTGCAGTCCTCATTA-1,0.346846521047302,0.585528131673373,0.249702692837547,0.145832501297975,0.0288839724680433,0.154350469335149,0.0310122130571008,0.165031544828385,0.0298801712719096,0.129271082530671
GCTGCGAGTCATGCAT-1,0.357978928588649,0.577218646948589,0.244062687656749,0.163598120265719,0.0296828908554572,0.160381304411264,0.0314065264189952,0.169681271825741,0.0302600909753668,0.135126275483515
GCTGCGATCGGAGGTA-1,0.368689425719659,0.395092755349594,0.188592824594661,0.0693052171945099,0.267871189773845,0.114153008122173,0.274026472280836,0.110165730933225,0.286788035609771,0.0835943003410589
GCTTGAACAGAAGCAC-1,0.34697912146198,0.469253453811177,0.276160086660622,0.154106260899663,0.0465830875122911,0.138645980253879,0.0547989001854339,0.133636240859717,0.0568442021172822,0.103478940136842
GGAAAGCAGTACGATA-1,0.379086503688702,0.576579455815913,0.250715303371051,0.137678554787864,0.0365904621435595,0.155041097222898,0.0400920774985613,0.157367212671953,0.040446046268059,0.120695788027368
GGAAAGCCACAGGAGT-1,0.379478277641159,0.492627511367433,0.245887741525274,0.118934462238907,0.0728121927236971,0.12477019600214,0.0718396316900057,0.126164843433466,0.077924611609114,0.0963125187442895
GGAAAGCTCACCTTAT-1,0.41529244418728,0.483519037726804,0.250868372405186,0.126495999573998,0.184611602753196,0.143524147658188,0.189600784363877,0.142458181397233,0.195987226483484,0.109428290451049
GGACAAGTCGGAAATA-1,0.388073195428902,0.54758342170635,0.225458912738876,0.129990548078331,0.0909537856440511,0.137006954914644,0.0909798154187182,0.138348671644383,0.0965406770785202,0.104737858931349
GGACAAGTCGTTTATC-1,0.35369352427793,0.607115359472377,0.253800233135914,0.147782792177536,0.0302728613569322,0.180604056222946,0.0315770403052199,0.188907217688256,0.0304243805768619,0.150086834011034
GGATTACGTTTAGCTG-1,0.344833405660832,0.581489605880558,0.250526910713655,0.147523197145786,0.0314896755162242,0.149924614561549,0.0336125498220261,0.160357700989755,0.0323855876947088,0.125347859140587
GGCGTGTTCGTAGGTT-1,0.382588360094508,0.573906474715633,0.242743939054975,0.136387235911977,0.0323500491642085,0.157711200817081,0.037491740733636,0.160950975285061,0.0377763402437647,0.121543204279626
GGGACCTGTACATGTC-1,0.38554776025845,0.452852390429565,0.19199566696888,0.0876432764886777,0.0465830875122911,0.0840182870482953,0.0413389602915787,0.0892081958673381,0.0447278440070234,0.0694148991818772
GGGACCTTCTCGCATC-1,0.360444090843339,0.591033891657103,0.239835627406422,0.155104703329473,0.0308751229105211,0.145634939934828,0.0320139821386704,0.149210896953561,0.0308453726806929,0.117755985967066
GGGATGAGTCGAAAGC-1,0.348220743526689,0.511018783503058,0.232712030048629,0.156981775097515,0.0317477876106195,0.131010164875249,0.0343585480742588,0.133525303389863,0.0353119962213392,0.101934061948569
GGGCACTGTACATCCA-1,0.381690293649646,0.49140723738687,0.206419479800775,0.107838438702291,0.0208333333333333,0.095073196828948,0.0191295266108234,0.0999160733923714,0.0212138947930464,0.0773345794653257
GGGTCTGCACGCTTTC-1,0.372775929408361,0.592007205427314,0.252716975355885,0.142244764833526,0.0271140609636185,0.15938913476971,0.0314917833621076,0.163463950145666,0.0303422357761143,0.125647767773074
GGGTCTGTCGGCCGAT-1,0.376000530401659,0.550663160800151,0.228225929894382,0.140467537308465,0.0680924287118977,0.142590340936725,0.0673103565871646,0.145574077289653,0.0702748770395014,0.111464879304212
GGGTTGCAGTGGTAAT-1,0.405238921838083,0.595014309165129,0.236326814162418,0.132606467244432,0.0325467059980334,0.150055931131754,0.0371613700790758,0.150440855858463,0.0378482169444188,0.11841160018692
GGTATTGCATATGCTG-1,0.383673272578234,0.543995235120647,0.248254424283814,0.131767775603392,0.0855580137659784,0.156237537084772,0.0842658311486242,0.160748393818371,0.0906467876248858,0.122129072305879
GGTGAAGTCCATTCTA-1,0.387536766478615,0.554483780525008,0.235384850875437,0.132453372738528,0.0928466076696165,0.140085598949467,0.0885393354221284,0.142598059076614,0.0929263058456294,0.110519818380912
GGTGTTAAGTTAGCGG-1,0.330379960460967,0.528175254586923,0.238375584311601,0.167565264853495,0.0264749262536873,0.134672438110987,0.0292324743696315,0.139752271806448,0.0281653985563051,0.106554747274667
GTAACGTCAGTAACGG-1,0.361342157288201,0.606941034618011,0.252151797383697,0.150338804797849,0.0245821042281219,0.150211565585331,0.0278683632798346,0.152635488414269,0.0268510817443448,0.118453447903081
GTAACTGCACCCTATC-1,0.351837118472443,0.565291921495707,0.239588362043589,0.151017745650119,0.029633726647001,0.157998151840864,0.0331649508706865,0.166825837819066,0.0338025855076035,0.130299838886293
GTACGTATCACCAGGC-1,0.358099474420175,0.584307857692811,0.244733836498722,0.163132180465141,0.0293756145526057,0.162924955011916,0.0310228701749899,0.172367887943509,0.029890439372003,0.137731295814531
GTACTCCAGGCTATCT-1,0.398422055065336,0.523221523308686,0.218723875236963,0.101341906625664,0.117858898721731,0.137084772141433,0.120127032845237,0.137157299685516,0.130363798786311,0.103911366537171
GTACTCCGTCACTTCC-1,0.36346979121462,0.568066592094368,0.228508518880477,0.140001597507888,0.0363077679449361,0.147984047468508,0.0387919091160986,0.1553896316876,0.0373758843401205,0.119496153497423
GTACTCCTCTGCAAGT-1,0.370624186315637,0.58276798814591,0.255849003285097,0.148914360264654,0.0309119960668633,0.162599095374739,0.0350192893833792,0.168214967876367,0.0337409769070429,0.128971173898184
GTACTTTAGCGATAGC-1,0.37842952890689,0.548731060330927,0.224834862061251,0.128805729728291,0.0819567354965585,0.138592480910462,0.0825393780506,0.141078698076441,0.0857899762806888,0.106777935094192
GTAGTCAGTACTCGCG-1,0.342928781522735,0.598137629472522,0.254165243909619,0.161741017346273,0.0270648967551622,0.148509313749331,0.0281667625807277,0.151858926125292,0.0271385885469612,0.120158742336637
GTATCTTTCGACCAGC-1,0.365748107430445,0.563112860816131,0.226247806991723,0.138457339883116,0.0352261553588987,0.146111570448908,0.0378647398597523,0.152133858115799,0.0364825596319913,0.115949559552787
GTATTCTGTGCTAGCC-1,0.367013838661459,0.563200023243314,0.245840643360925,0.160502948733309,0.0289208456243854,0.151952726034726,0.0312892981222158,0.159942891319866,0.030147141874339,0.124782914972415
GTCAAGTCAGTACACT-1,0.362125705193114,0.520330636140448,0.243014753499982,0.134177350000666,0.0394419862340216,0.135854287242838,0.0433318413368289,0.140634948197025,0.0460113565187033,0.107478884339887
GTCACAAAGCGTGAGT-1,0.386102271083466,0.549108764182053,0.233418502513865,0.120964628512853,0.0691986234021632,0.144671951753319,0.0698254364089776,0.14645675368023,0.0748031091807083,0.110854600110199
GTCACGGGTAAGGGAA-1,0.370431312985197,0.575141275767392,0.252528582698489,0.146964069385093,0.0272861356932153,0.147507416954428,0.0315237547157747,0.151116127414096,0.0303730400763947,0.117891991044589
GTCATTTAGAGGTACC-1,0.345870099811948,0.583988262126473,0.248902024043613,0.148115606320806,0.0309119960668633,0.150566606682554,0.0325148666794552,0.161486369161313,0.0313279733850846,0.126181326154125
GTCATTTCAAGTCATC-1,0.35433844447659,0.545128346674027,0.243992040410225,0.148528295858461,0.0300024582104228,0.146841106950051,0.0332075793422427,0.153850977214408,0.0319953998911581,0.118296518967477
GTCCTCACACCACCAG-1,0.362903225806452,0.574560192919506,0.238952536824877,0.149247174407924,0.0355948869223206,0.146354749282622,0.0377581686808619,0.154342960776369,0.0363798786310569,0.119496153497423
GTCCTCACATGGTCAT-1,0.361806258739573,0.594273428534073,0.250597557960179,0.157833779304285,0.0295476892822026,0.166100870580225,0.0315024404799966,0.17501591711524,0.0303525038762078,0.137856838963014
GTCGTAAGTGGTCTCG-1,0.332857177298809,0.510423173583974,0.244309953019581,0.168204268008573,0.0291543756145526,0.136520597247216,0.0321205533175608,0.138488549323764,0.0309480536816273,0.106251351332501
GTCGTAATCAGCTGGC-1,0.357177298809007,0.558347981463457,0.243909618622614,0.149127361316346,0.0309242871189774,0.148679538932931,0.0333887503463563,0.155881615249561,0.0321699575927466,0.120800407317771
GTCTTCGTCGGAGGTA-1,0.370274603404214,0.511193108357424,0.235655665320444,0.141958544670314,0.104437069813176,0.127552161859832,0.106347379414711,0.128499353668654,0.11227140642167,0.0979968893197654
GTGAAGGAGTGAAGAG-1,0.358129610878056,0.550663160800151,0.231722968597299,0.150531837000945,0.0295722713864307,0.136574096590633,0.0304154144553147,0.14233759719087,0.0293051576666769,0.109079559483041
GTGCATAAGTCCGGTC-1,0.374222479386663,0.556924328486134,0.225670854478447,0.133531690562722,0.0331612586037365,0.148460677982588,0.0371080844896306,0.151868572861801,0.0384951072503055,0.11512655446829
GTGCGGTCATGCAATC-1,0.401441728145041,0.461742958002237,0.209798773092819,0.0918833286739353,0.194972959685349,0.12483828607558,0.198947076752563,0.122421909667959,0.213925597346723,0.0924067319026064
GTGCGGTTCTCTAGGA-1,0.364156902454313,0.564667257434229,0.237657337305279,0.152009531797063,0.0381882989183874,0.1466806089198,0.0413389602915787,0.152891126931759,0.0398299602624526,0.117592082412102
GTGCTTCAGGGTGTGT-1,0.383233280293167,0.474584888940541,0.230310023666828,0.108211190542753,0.101745329400197,0.117304605807111,0.0986635974167146,0.1183027531786,0.104847570054113,0.0904782496495254
GTGGGTCCAATGACCT-1,0.366977674912002,0.58513590075105,0.250067703611252,0.146464848170188,0.0289454277286136,0.156543942415252,0.0319713536671143,0.162383515656653,0.0308043002803191,0.1250130774113
GTGTGCGCAAGAGGCT-1,0.352855730748831,0.587053474149077,0.25201050289065,0.155670487373031,0.0280358898721731,0.148815719079811,0.0295735021420807,0.152157974957072,0.0284939777592952,0.119687955529827
GTGTGCGGTGCAACTT-1,0.396915232171272,0.539259409910368,0.233241884397556,0.114834191993823,0.0892576204523107,0.137157725791547,0.088709849308353,0.139120410565106,0.0952879688671205,0.105051716802555
GTGTTAGAGCAGCCTC-1,0.371968272337143,0.560890218922963,0.246817930271168,0.151337247227658,0.0294739429695182,0.145294489567628,0.0329624656307948,0.149109606220216,0.031759233589009,0.115914686455987
GTTCATTAGACGCAAC-1,0.40479290226144,0.379795749378968,0.182116826996668,0.0766138157807154,0.156710914454277,0.105821701279121,0.158599228424665,0.104025583145222,0.172134429966423,0.0793083967442477
GTTCATTTCTTCCTTC-1,0.373505231689088,0.596423435071255,0.248772504091653,0.145626156529148,0.0281219272369715,0.14824668060892,0.0328132659803483,0.150411915648936,0.0316154801877009,0.116591224533921
GTTCTCGTCTTCGGTC-1,0.404509619557356,0.270392376193036,0.117427498263255,0.0296936778625344,0.195292527040315,0.0818102232381693,0.190122983140439,0.0812158746695993,0.206563369579727,0.0628831681510982
GTTTCTAAGCTAACAA-1,0.350981243068615,0.537908392289031,0.226141836121937,0.145839157580841,0.0287610619469027,0.137216088711639,0.0298186158535286,0.143389091470356,0.0287301440614443,0.1089993513604
GTTTCTATCTGCAAGT-1,0.404835093302474,0.609933611284629,0.237892828127024,0.136493736437824,0.026622418879056,0.155026506492875,0.0316622972483322,0.15529316432251,0.0306502787789175,0.122871869267735
TAAACCGGTGAAAGAG-1,0.388024977096292,0.250272382584947,0.119193679426344,0.0384000958504733,0.316420845624385,0.0993288264189485,0.32262292985485,0.0952229360807239,0.331259177114459,0.0692475083172336
TACACGAGTGTGCCTG-1,0.370515695067265,0.594622078242805,0.250362067138433,0.143409614334971,0.0278392330383481,0.16098925149555,0.0304047573374257,0.165292006714129,0.0292948895665835,0.127499529213193
TACAGTGAGCAGATCG-1,0.35419378947876,0.60977381350146,0.256661446620118,0.142517672431008,0.0302236971484759,0.18477214143281,0.0324189526184539,0.192307692307692,0.0312355604842436,0.153633427955669
TACAGTGGTGAGCGAT-1,0.395553064275037,0.611284628905966,0.242908782630197,0.141326197798102,0.025196656833825,0.155736588687321,0.0296054734957478,0.156199957554359,0.0285247820595755,0.122850945409654
TACCTTAGTAGATTAG-1,0.340608274265876,0.459215247613929,0.329675375902224,0.134769759175686,0.036897738446411,0.14657847380964,0.0500351684890338,0.144276591229187,0.0535789462875684,0.115318356500694
TACGGATAGATATACG-1,0.379610878055837,0.544924967677267,0.231087143378587,0.128053569764501,0.0713864306784661,0.141423082534896,0.0722659164055673,0.1435434392545,0.0766102947971537,0.108668056940792
TACGGATGTCTGGTCG-1,0.355489657167655,0.495213330040531,0.250103027234514,0.131880932412104,0.0419739429695182,0.126856670395409,0.0429801564464906,0.130004244564064,0.046843072626272,0.0993569400949943
TACGGGCAGCCCAATT-1,0.382570278219779,0.300521521855979,0.167999152233042,0.0492098992238774,0.359673058013766,0.115811487768105,0.359581814694034,0.109201057282321,0.37800983683989,0.0797373358348968
TACGGGCGTGTAACGG-1,0.36572399826414,0.560323663146273,0.241531161322987,0.145606187680552,0.0293018682399213,0.144127231165799,0.0308843276424324,0.150136983658428,0.0297569540707883,0.115321843810374
TACGGTAGTATGCTTG-1,0.389194271662086,0.260252480497407,0.155188451530102,0.0567847491246988,0.115904621435595,0.0816059530178493,0.110258541679988,0.0830535779745712,0.123514976023986,0.0644594321264917
TACTCGCCAAATACAG-1,0.354495154057573,0.576550401673519,0.252893593472194,0.153813384453586,0.0307890855457227,0.145182627304119,0.032728009037236,0.149066195905925,0.0315333353869534,0.116748153469524
TACTCGCGTATTACCG-1,0.401489946477651,0.526678966253614,0.24633517408659,0.124339363925609,0.136467551622419,0.143572783424931,0.14037555683441,0.14294534159094,0.147593670743102,0.109658452889934
TACTCGCTCTATCCCG-1,0.373101403153479,0.599386957595479,0.253164407917201,0.142917049402931,0.0260939036381514,0.155430183356841,0.0307990706993201,0.158447647160965,0.0296748092700408,0.121933782963795
TACTTACAGTCGCCGT-1,0.365127296398091,0.563025698388948,0.237669111846366,0.142457765885219,0.0306907571288102,0.143465784738096,0.0342946053669246,0.146968030715209,0.0343057224121821,0.11184848336902
TACTTACCACAACTGT-1,0.325521963450504,0.525240786205093,0.247076970175087,0.180478453612365,0.0253195673549656,0.135936968046301,0.0282413624059509,0.140721768825606,0.0272104652476152,0.106938351339476
TACTTGTGTCAAAGAT-1,0.360546554800135,0.581663930734925,0.239305773057495,0.146258503401361,0.0301622418879056,0.157078935849424,0.0331969222243536,0.165335417028419,0.0319851317910647,0.128660803336658
TAGACCACAGACTCGC-1,0.377260234341097,0.598035939974142,0.236738923100472,0.143895522984145,0.0259955752212389,0.150892466319732,0.0273568216211608,0.153691806062009,0.0263582129398597,0.120510960614324
TAGACCAGTATATCCG-1,0.379176913062346,0.598704185249212,0.223245299014471,0.151137558741696,0.0277654867256637,0.164048441223676,0.0294349596095232,0.167722984314406,0.0283604924580805,0.131869128242326
TAGAGCTAGCCCAATT-1,0.366640146583731,0.601464328776675,0.251716139363468,0.152562003274891,0.0277040314650934,0.153173483779972,0.029658759085193,0.155269047481237,0.0285761225600427,0.121142163666418
TAGCCGGAGCCAACAG-1,0.39050822122571,0.570332815201127,0.246170330511368,0.13156808711743,0.0469272369714848,0.147171830163903,0.0511328516316047,0.149717350620285,0.0532811713848587,0.113341051912092
TAGCCGGAGGCGACAT-1,0.396601813009306,0.503159637985386,0.23425449493106,0.112797369437012,0.158185840707965,0.132381693497398,0.162222648506938,0.13154772240551,0.16896158703755,0.100811148231585
TAGGCATGTTAAGGGC-1,0.364271420994262,0.519836715719744,0.226247806991723,0.136274079103266,0.0623156342182891,0.124556198628471,0.0612571136261909,0.127843375586039,0.0663627309039009,0.0989628741011459
TAGGCATTCCATGAGT-1,0.362836925599113,0.562647994537821,0.228155282647859,0.140427599611273,0.0316986234021632,0.143251787364428,0.0344331478994821,0.147913410893095,0.0331762314019037,0.113327102673372
TAGTTGGGTAAGTAGT-1,0.368580934471286,0.480366663277017,0.279904390726371,0.128559447262271,0.0614183874139626,0.132965322698312,0.0686744676769614,0.134007640215315,0.0739200525726725,0.103932290395252
TATCTCATCGTAGATC-1,0.370401176527316,0.594317009747665,0.23894076228379,0.155836894444666,0.028834808259587,0.1499148874082,0.031044184410768,0.153918504369972,0.0299109755721899,0.120960823563054
TCAACGATCCTTTCGG-1,0.359503833357443,0.590888620945131,0.246664861237033,0.143123394171759,0.0258972468043265,0.155697680073926,0.0299678155039751,0.161004032335861,0.0288738974627525,0.123987808365358
TCAACGATCGTCTGCT-1,0.39050822122571,0.5735578250069,0.239823852865335,0.132400122475605,0.0289823008849558,0.149730071494577,0.0344651192531492,0.152447377052343,0.033207035702184,0.116228544327193
TCACAAGCACGTGAGA-1,0.371817590047736,0.61311503987681,0.25888683488561,0.142444453319488,0.030653883972468,0.181348183454112,0.0356267451030543,0.18636047924987,0.034326258612369,0.145455686755895
TCACAAGCAGGGTTAG-1,0.370666377356671,0.573383500152534,0.235773410731317,0.14650478586738,0.0333702064896755,0.144983220660474,0.0356906878103886,0.149476182207559,0.0343878672129296,0.113623523996178
TCACAAGCAGTAACGG-1,0.37102198755967,0.576448712175138,0.238870115037266,0.14591237669236,0.0375614552605703,0.144185594085891,0.039463307543108,0.150112866817156,0.0380227746460072,0.115084706752129
TCACAAGTCACGACTA-1,0.408349004291432,0.253366648749946,0.166786374501054,0.0531504186801922,0.35039331366765,0.113034385487087,0.351919346931816,0.104787675329436,0.372732033391862,0.0777809551043752
TCACAAGTCGGGAGTA-1,0.357599209219345,0.609279893080756,0.255401570723781,0.139382563201406,0.0313544739429695,0.183254705510432,0.0324296097363429,0.190084119542359,0.031245828584337,0.151976955857634
TCACGAACAAGTCATC-1,0.358418920873716,0.497958946496797,0.230027434680733,0.144760839756646,0.0350663716814159,0.129001507708769,0.0372892554937443,0.131364434411838,0.0401688075655361,0.100120660914931
TCAGATGCACATCCAA-1,0.389784946236559,0.529584380493049,0.226683465011951,0.115519789128959,0.116211897738446,0.132532464374301,0.117686552848648,0.13295614593583,0.127786505662857,0.100710016250863
TCAGATGCAGCGTTCG-1,0.370630213607213,0.501663349652077,0.223327720802082,0.129091949891503,0.0428957718780728,0.126151451777637,0.0439925826459492,0.128272655360691,0.0485578453418764,0.0980457116552864
TCAGATGTCTATCCCG-1,0.376205458315251,0.59274808605837,0.248619435057519,0.139016467643809,0.026413470993117,0.15406838188804,0.0316729543662212,0.157135690995736,0.0305167934777028,0.12077948345969
TCAGCTCTCCTAGTGA-1,0.401417618978736,0.508534654328341,0.218088050018251,0.105215863253325,0.120673549655851,0.138801614707456,0.123164311443613,0.138908182361907,0.130168704884535,0.10481457974431
TCAGGATGTGGTAACG-1,0.373010993779835,0.584424074262388,0.240671619823617,0.141752199901487,0.0282448377581121,0.156855211322406,0.0300530724470874,0.162205051031236,0.0289560422635,0.125211854063065
TCATTACGTCTAAAGA-1,0.361269829789286,0.562444615541061,0.229521129413981,0.144667651796531,0.0322148475909538,0.155274548903263,0.0358505445787241,0.163082904053559,0.0357945969257308,0.126554468289893
TCCACACGTTCCACTC-1,0.355574039249723,0.566788209829016,0.237586690058755,0.147217008133978,0.0308628318584071,0.156524488108555,0.0341667199522561,0.16517624587602,0.0343673310127427,0.128685214504418
TCCCGATCACGTCAGC-1,0.349896330584888,0.576899051382251,0.247983609838807,0.148554920989922,0.0334562438544739,0.149102670103594,0.035807916107168,0.15865505199591,0.0345008163139574,0.123701848971592
TCGAGGCTCATCGCTC-1,0.377073388302233,0.594331536818862,0.235337752711088,0.152282439394544,0.0304080629301868,0.160566120324887,0.0317688684272225,0.16462155852675,0.0306092063785438,0.128193503839528
TCGAGGCTCGTATCAG-1,0.344435604416799,0.58513590075105,0.251398226754112,0.146950756819362,0.0290437561455261,0.153324254656875,0.0307564422277639,0.164650498736278,0.029633736869667,0.128845630749702
TCGCGAGAGCTCTCGG-1,0.357611263802498,0.587213271932246,0.246759057565731,0.153693571362009,0.0316248770894789,0.146437430086085,0.0327812946266812,0.154347784144624,0.0315846758874206,0.119565899691024
TCGCGAGAGTGCAAGC-1,0.360956410627321,0.608248471025757,0.259652180056282,0.143762397326837,0.0301868239921337,0.182646758426147,0.0339962060660315,0.189490845247053,0.0327552392980727,0.149079001513492
TCGCGAGTCCTCAACC-1,0.383468344664641,0.528335052370092,0.245534505292656,0.149779677037155,0.0325221238938053,0.144355819269491,0.0374171409084127,0.148009878258185,0.0376017825421762,0.114467452938756
TCGCGTTAGATCCCAT-1,0.336931626404359,0.524107674651713,0.235679214402619,0.144328181370396,0.0283677482792527,0.13839793784349,0.0324296097363429,0.14459975690224,0.031245828584337,0.110582589955153
TCGCGTTTCTTCAACT-1,0.396342639471527,0.572148699100774,0.229839042023337,0.151297309530466,0.0296951819075713,0.151466368367297,0.033868320651363,0.154521425401787,0.0342235776114346,0.120340082440001
TCGGGACAGATAGCAT-1,0.354742273012199,0.161482923427808,0.103757256060945,0.0321099085426734,0.432030481809243,0.111103545547396,0.416842509111836,0.103466072427698,0.436445594471655,0.0749806454312756
TCTATTGCAATCAGAA-1,0.374909590626356,0.597876142190973,0.246240977757892,0.14624519083563,0.031256145526057,0.164607752541219,0.0333887503463563,0.167780864733461,0.0326114858967645,0.130216143453971
TCTATTGCATCACGAT-1,0.361324075413472,0.582884204715487,0.252210670089133,0.153094505904123,0.0295722713864307,0.145109673654005,0.0318221540166677,0.14816422604233,0.030660546879011,0.116357574785356
TCTATTGTCGTGGACC-1,0.368538743430252,0.550430727660996,0.221479117851382,0.135608450816726,0.0383726647000983,0.145109673654005,0.0418824733039197,0.150180393972719,0.0437421063980532,0.114952188984286
TCTCTAAAGTGAACGC-1,0.347690341867978,0.583349070993797,0.248489915105559,0.148421795332614,0.0309119960668633,0.150717377559457,0.0328452373340154,0.160970268758079,0.0316462844879812,0.125860493663558
TCTGAGAAGAAGGCCT-1,0.364590867447804,0.56033819021747,0.221349597899422,0.137305802947402,0.0361971484759095,0.144273138466028,0.0389197945307671,0.149688410410758,0.038833954553389,0.114558122990438
TCTGAGAAGCGGCTTC-1,0.396408939678866,0.60720252189956,0.238269613441816,0.140753757471678,0.025811209439528,0.153358299693595,0.0300957009186436,0.153672512588991,0.0289971146638737,0.122149996163959
TCTTCGGCACAGGAGT-1,0.364229229953228,0.613710649795895,0.25518962898421,0.138750216329193,0.0304572271386431,0.181187685423861,0.0314491548905514,0.187001987227721,0.0303011633757406,0.149085976132853
TCTTTCCTCACTCTTA-1,0.364229229953228,0.574894315557041,0.249785114625157,0.153913228696567,0.0289823008849558,0.14725937454404,0.03246158109001,0.152288205899944,0.0312766328846174,0.116741178850164
TGACTTTAGCCTCGTG-1,0.369002844881624,0.588143004488865,0.238363809770514,0.150997776801523,0.033271878072763,0.152006225378143,0.0356480593388324,0.15824988906253,0.0343467948125558,0.122272052002762
TGACTTTTCTCTGCTG-1,0.394480206374464,0.612737336025684,0.246064359641583,0.140807007734601,0.0257005899705015,0.158319147901367,0.0303621288658695,0.159016804614999,0.0292538171662097,0.123984321055678
TGAGAGGAGGCAAAGA-1,0.42830536670042,0.23960951232622,0.100954915282177,0.0276768241543193,0.189380530973451,0.0785662175964204,0.185114137732592,0.0782832667708514,0.202261035640575,0.0607524219365728
TGAGCCGCAATGGATA-1,0.363180481218959,0.567049697110566,0.233948356862791,0.146458191887322,0.0316371681415929,0.142279072029571,0.0335592642325809,0.146543574308811,0.0323342471942416,0.111656681336616
TGCACCTTCCGCAGTG-1,0.373595641062732,0.544721588680506,0.236844893970258,0.134044224343358,0.0585668633235005,0.142770293273673,0.060724257731739,0.145733248442052,0.0648533201901652,0.110226884367786
TGCTACCGTTCAGCGC-1,0.37363180481219,0.527826604878191,0.224834862061251,0.11663138836748,0.111172566371681,0.13509556928165,0.112858878444913,0.137027068742644,0.120804197599318,0.103712589885407
TGCTGCTAGAAACGAG-1,0.341590722792806,0.506384647791159,0.236538755901989,0.157194776149207,0.0304080629301868,0.131764019259764,0.0323443527932306,0.13461056124713,0.0333405210033987,0.103022102568752
TGCTGCTGTCATGCAT-1,0.378604320362602,0.587794354780133,0.244463022053715,0.138510590146039,0.0291297935103245,0.150143475511891,0.0349020610865997,0.151940923385619,0.0340284837096592,0.118519706787002
TGGCCAGAGCGATCCC-1,0.32847533632287,0.524543486787629,0.252128248301522,0.17922707243367,0.0259095378564405,0.138694616020622,0.031054841528657,0.142877814435377,0.0299212436722833,0.108437894501908
TGGCGCAAGTCTCCTC-1,0.386138434832923,0.590743350233159,0.221278950652898,0.148335263655364,0.0338864306784661,0.163600992169642,0.0356054308672763,0.166608786247612,0.0343057224121821,0.131792407429365
TGGCTGGTCATTGCCC-1,0.379779642219972,0.499760303325247,0.218829846106748,0.103811387568726,0.158333333333333,0.129901269393512,0.159952682396573,0.131219733364203,0.171929067964555,0.0991825746109906
TGGGAAGGTGTGGTTT-1,0.396408939678866,0.533768176997836,0.241083728761672,0.13970872106181,0.0748156342182891,0.141899713048976,0.074429311337042,0.143572379464027,0.0795161671235971,0.11091737168444
TGGTTAGGTATTAGCC-1,0.370696513814552,0.589944361317315,0.255436894347043,0.13894324853229,0.0287610619469027,0.156889256359127,0.0333354647569111,0.159667959329359,0.0321186170922794,0.122289488551162
TGGTTCCAGCTCCCAG-1,0.382401514055644,0.564638203291834,0.235950028847626,0.128499540716482,0.0306170108161259,0.150342882155537,0.0356374022209434,0.152973124192086,0.0343365267124624,0.1165598387468
TGGTTCCTCATTATCC-1,0.366959593037273,0.586995365864288,0.252634553568275,0.158100030618901,0.0299778761061947,0.165590195029425,0.0326640663299017,0.17421523798499,0.0314717267863927,0.136465402400664
TGGTTCCTCCGTCAAA-1,0.358491248372631,0.563025698388948,0.236868443052432,0.150625024961061,0.0310226155358899,0.154467195175332,0.0342839482490355,0.162229167872509,0.0340798242101264,0.125773310921556
TGTATTCGTGTGGCTC-1,0.380364289502869,0.63354010198004,0.256084494106842,0.14147263602114,0.0257497541789577,0.164456981664316,0.0288381610077371,0.167838745152515,0.0277854788528479,0.130254503860452
TGTGGTATCGCAGGCT-1,0.366507546169053,0.571800049392042,0.229332736756585,0.142863799140008,0.0326819075712881,0.147094012937114,0.0349233753223778,0.152008450541182,0.0336485640062019,0.116026280365749
TGTGTTTCAAGTTAAG-1,0.379791696803125,0.572337551026338,0.244816258286333,0.139648814516022,0.0376597836774828,0.161315111132727,0.0427456998529318,0.164115104860026,0.0437215701978663,0.123994782984719
TGTGTTTTCACAAACC-1,0.386560345243261,0.555253715298459,0.229203216804625,0.134230600263589,0.0752704031465093,0.14023636982637,0.0747809962273803,0.142950164959194,0.0779656840094877,0.108193782824302
TGTGTTTTCTGTTTGT-1,0.356719224649212,0.600244054796113,0.24594661423071,0.153147756167046,0.0289331366764995,0.166217596420408,0.0304260715732037,0.174794042175532,0.0293154257667704,0.137187275504439
TGTTCCGAGAGCCTAG-1,0.35850933024736,0.527550590525444,0.227484133805885,0.145013778505531,0.0369591937069813,0.127313846602792,0.0382697103395358,0.130631282437152,0.0412469580753473,0.101254036560955
TGTTCCGAGGACACCA-1,0.370027484449588,0.549370251463602,0.227566555593496,0.142710704634104,0.0562315634218289,0.143650600651719,0.0566319244623484,0.147209199127935,0.0583022723305507,0.113403823486333
TTAACTCTCTTTAGGG-1,0.36759245865278,0.57659398288711,0.229933238352035,0.153354100935873,0.0275196656833825,0.149049170760177,0.0286356757678453,0.153045474715904,0.0275903849510725,0.120810869246811
TTAGGCAAGGGAAACA-1,0.351963691595545,0.590293011026047,0.23425449493106,0.153467257744585,0.0261922320550639,0.155011915762852,0.0266108233689281,0.159870540796049,0.025639445933319,0.127178696722626
TTAGGCATCAACACGT-1,0.390942186219201,0.27613056931592,0.145674622331595,0.0451695355245817,0.113974926253687,0.0724867467535626,0.106773664130273,0.0749069089926878,0.118411730277547,0.0584159244509231
TTATGCTAGGCGATAC-1,0.348413616857129,0.539855019829452,0.217299155765404,0.133658159937165,0.0292035398230088,0.135834832936141,0.030511328516316,0.140379309679535,0.0293975705675179,0.10713364068156
TTCCCAGCAAGAGTCG-1,0.36548290660109,0.577465607158941,0.254930589080291,0.141432698323948,0.0294985250737463,0.150941102086474,0.0350512607370463,0.153518164804847,0.0337717812073232,0.1175048996701
TTCCCAGTCCTATGTT-1,0.372094845460244,0.511527230994959,0.220395860071354,0.134164037434935,0.0425147492625369,0.127858567190312,0.0441844107679519,0.129758252783083,0.0475413034326259,0.09962197563068
TTCGAAGGTCTCTTAT-1,0.367514103862288,0.58220143236922,0.253105535211765,0.144581120119281,0.0297812192723697,0.152200768445115,0.0342626340132575,0.155071289382802,0.0330119418004087,0.118690584961326
TTCGAAGTCGGATGTT-1,0.374324943343459,0.612040036608219,0.253246829704812,0.145552937417629,0.0255530973451327,0.155858178104178,0.0290406462476288,0.158577878103837,0.0279805727546232,0.122435955557725
TTCTACACATGGATGG-1,0.441963209412219,0.330941208942865,0.165479400440368,0.052810948254057,0.319395280235988,0.112489664899567,0.324903553083104,0.104237811348421,0.33974062779164,0.0773415540846858
TTCTACAGTCCAACTA-1,0.372643328993683,0.51764312796897,0.222020746741396,0.114874129691015,0.120907079646018,0.134560575847478,0.123345482447727,0.137162123053771,0.13283841090883,0.103695153337007
TTCTCAACAAGTTGTC-1,0.375482183326101,0.569838894780423,0.240294834508825,0.141272947535178,0.0333087512291052,0.152964349982977,0.0378434256239743,0.156590650382975,0.0387518097526415,0.118376727090119
TTCTCAACAGCCTTTC-1,0.357020589228024,0.574618301204294,0.244321727560668,0.150079209766098,0.0351524090462144,0.147551189144497,0.0375876547946373,0.155958789141633,0.0362155890295619,0.121117752498657
TTCTCCTCAGCGAACA-1,0.337311345773663,0.527652280023824,0.245357887176347,0.173050041934582,0.0321656833824975,0.138115850396381,0.0368309994245156,0.141286102911385,0.0354865539229276,0.107716021398132
TTCTTAGAGTGAACAT-1,0.350270022662616,0.532969188081991,0.21331936087791,0.129697671632254,0.0307030481809243,0.13683186615437,0.0326107807404565,0.141064227971677,0.0316976249884484,0.107848539165975
TTCTTAGGTCAAGCGA-1,0.394546506581802,0.527492482240655,0.245428534422871,0.128120132593155,0.110275319567355,0.135936968046301,0.111825138009677,0.137046362215662,0.116296501658298,0.104138041666376
TTCTTAGTCCGCAAGC-1,0.385083658807078,0.606970088760405,0.253081986129591,0.145592875114821,0.0281833824975418,0.161932785370361,0.0314598120084404,0.16417298527908,0.030311431475834,0.12877239724642
TTCTTAGTCTGGTGTA-1,0.385921452336178,0.548658424974941,0.228908853277444,0.131721181623334,0.0863200589970501,0.138787023977433,0.085907027303536,0.141454920800293,0.0899998973189991,0.107046457939558
TTGAACGAGGAATTAC-1,0.391484642461064,0.532228307450935,0.231758292220561,0.117343610634077,0.109488692232055,0.136428189290404,0.111526738708784,0.137162123053771,0.121831007608662,0.103719564504767
TTGAACGCAAACAACA-1,0.392882974106755,0.474831849150893,0.189004933532716,0.112790713154146,0.0207472959685349,0.0872963377267643,0.0179892149966963,0.0927292546931373,0.0214500610951956,0.0720024829644922
TTGACTTAGTCATCCA-1,0.350583441824582,0.499673140898064,0.246829704812255,0.1444812758763,0.0331612586037365,0.130256310490735,0.034411833663704,0.133568713704154,0.0360821037283471,0.101773645703286
TTGACTTGTTGCCTCT-1,0.377459134963113,0.532547903017273,0.228308351681993,0.124432551885725,0.0981194690265487,0.136257964106804,0.100635164226187,0.137437055044279,0.108975346291676,0.104036909685654
TTGGAACGTACCCAAT-1,0.365995226385072,0.5607013669974,0.223563211623827,0.138157807154173,0.0329400196656834,0.145508486941297,0.0357759447535009,0.150098396712392,0.0344700120136771,0.114352371719313
TTGGAACTCCGCATCT-1,0.376549013935098,0.625826227174339,0.253176182458289,0.1423845467737,0.0266592920353982,0.16122756675259,0.0295948163778588,0.164804846520422,0.0285145139594821,0.127175209412946
TTGGAACTCTCCCTGA-1,0.38703047398621,0.57278789023345,0.238198966195293,0.125430994315534,0.038102261553589,0.159710130830213,0.040560990685679,0.16236904555189,0.0450358870098266,0.125292062185706
TTGGCAAGTTCGGGCT-1,0.37495178166739,0.58286967764429,0.254341862025928,0.140294473953965,0.0312192723697148,0.159024366519138,0.0359997442291707,0.162050703247092,0.0348910041175081,0.123883189074956
TTTACTGCAGGACGTA-1,0.379152803896041,0.511236689571016,0.234996291019558,0.127967038087251,0.0522000983284169,0.130124993920529,0.0539143594006437,0.133679651174008,0.057819671626159,0.10243274723282
TTTACTGGTTTGTGTG-1,0.359823279810984,0.580705144035911,0.236303265080243,0.145479718306109,0.0307645034414946,0.154224016341618,0.0333461218748002,0.161491192529567,0.0321288851923729,0.125054925127461
TTTACTGTCATGTCTT-1,0.400266406287671,0.585760564812528,0.235773410731317,0.150758150618369,0.0350663716814159,0.158781187685424,0.0392608223032163,0.160647103085026,0.0414009795767489,0.124357463191446
TTTACTGTCCCAAGAT-1,0.357918655672887,0.518630968810378,0.250562234336917,0.163311900102507,0.0477015732546706,0.141354992461456,0.0508770808022678,0.14138739364473,0.0549035311996221,0.10903771176688
TTTATGCAGGCATGGT-1,0.363005689763248,0.524427270218051,0.215792014506235,0.124592302674494,0.0458210422812193,0.12786829434366,0.0475200886672208,0.131364434411838,0.0500569879555186,0.0999149096438062
TTTATGCCACTTCTGC-1,0.391129032258065,0.536005345962201,0.227448810182623,0.12183660156822,0.105506391347099,0.134263897670347,0.106208836882154,0.134948197024946,0.114756286644282,0.102244432510096
TTTATGCTCGGTGTTA-1,0.375271228120932,0.519473538939814,0.22389289877427,0.116731232610461,0.117514749262537,0.134964252711444,0.120841059743803,0.136684609596573,0.130969616691823,0.10336734622708
TTTCCTCAGCACCGCT-1,0.354651863638555,0.582448392579572,0.24409801128001,0.146890850273573,0.0281342182890855,0.154355332911823,0.0308416991708762,0.162740444907488,0.0297158816704145,0.126718371844857
TTTCCTCCATGGTTGT-1,0.378218573701721,0.589624765750977,0.2267305631763,0.151929656402678,0.0305555555555556,0.153912747434463,0.0327706375087921,0.156826995427447,0.0316668206881681,0.123367067242305
TTTCCTCGTCCGTGAC-1,0.365259896812768,0.546261458227407,0.22823770443547,0.139422500898598,0.048193215339233,0.144166139779194,0.0494277127693587,0.148825027493199,0.0501904732567333,0.115164914874771
TTTGTCATCGGCTTGG-1,0.406956699937316,0.277191045513314,0.120936311507259,0.0358241143815648,0.160226155358899,0.073444871358397,0.154581494980497,0.0750130230942872,0.17146700346035,0.0582171477991589
