Cellname,MES2,MES1,MES,AC,OPC,NPC1,NPC2,NPC
AAACGGGTCACTGGGC-1,0.283883653129026,0.529493524984745,0.387307729398717,0.567674361172044,0.229756620235726,0.14559691853492,0.138697456251128,0.144108524035837
AAAGTAGCAGCTCGCA-1,0.271848938911113,0.599114064230343,0.41819157143546,0.530615802548048,0.201379976215427,0.0791239966786604,0.11316375007517,0.0983266104876393
AAATGCCCAGGCTGAA-1,0.364985196736502,0.551551517617014,0.441794445248083,0.466943649490826,0.166703952713443,0.0900106098348556,0.122785495219195,0.107851751268022
AACACGTTCCGCAGTG-1,0.303105295274256,0.536872556331503,0.401489946477651,0.550939175152897,0.226283130614984,0.129128609650337,0.130543027241566,0.131461586591584
AACCGCGAGTAGGTGC-1,0.327694532962687,0.477930707166588,0.386331308163364,0.283931606548804,0.111952336657679,0.0542600793431128,0.0569246497083409,0.0478719863679327
AACCGCGTCGAGAACG-1,0.324021967591023,0.559540759825525,0.42432735426009,0.466086552290193,0.174545797077559,0.0705323369314512,0.110794395333454,0.0908382922640681
AACGTTGCAGAGTGTG-1,0.327457228738672,0.528205302054377,0.407541347220213,0.26280924502811,0.120006122761365,0.0397407509917889,0.0443081363882374,0.0393652568659558
AACTCCCGTTGACGTT-1,0.276843627816575,0.572422989129207,0.405636723082116,0.410157328181065,0.168999988225459,0.0541678199095858,0.08302363341151,0.0669821744744865
AACTCTTCAGCTGTGC-1,0.29980563654033,0.538533685899609,0.401755147307006,0.523381321091855,0.210069587537826,0.107424577913092,0.134632268927777,0.122801762583703
AACTGGTAGCGTTCCG-1,0.295918367346939,0.572987999186386,0.415925309802787,0.43358949402211,0.170460031320279,0.0573853676538426,0.08681219556197,0.0720609183007841
AAGACCTGTGGACGAT-1,0.275724907903361,0.535132325355391,0.386783355031583,0.546987811787266,0.208927457052361,0.109661869176123,0.134788622286367,0.123467390870242
AAGTCTGGTTTGGGCC-1,0.345910457206138,0.556546206522476,0.432843917257341,0.361898397664047,0.177795570417643,0.048436202601716,0.0683504720668711,0.0592276049362994
AATCGGTAGGAACTGC-1,0.251565077858386,0.568343616516374,0.391996962245046,0.542687798712902,0.203193255542865,0.0990289694621275,0.132286968548921,0.11881464914733
AATCGGTAGTACACCT-1,0.293285420480485,0.551495016611296,0.405347413086455,0.49958597847088,0.18090404926468,0.0856513516007012,0.126321486559625,0.106733495746635
ACACCAAGTTCCAACA-1,0.254570931362578,0.607397111668588,0.413954385457351,0.573485189650914,0.218394188086519,0.0977488698219393,0.13579890552649,0.11982640414287
ACACTGATCGGCCGAT-1,0.365584107397112,0.565721969851063,0.447978446405323,0.509507968098552,0.221537990556818,0.09137143647938,0.123495098923567,0.107485655710425
ACAGCTAAGCACCGTC-1,0.291477388297512,0.550726602933532,0.403707989777713,0.515899879425309,0.214202451459454,0.10309991696651,0.131853990017439,0.118994368784696
ACAGCTAAGGACAGAA-1,0.316620335841978,0.567202296200872,0.424893919668258,0.501721457936865,0.196057883643985,0.0822954147061537,0.120380058933189,0.101761252446184
ACAGCTATCGGCGCTA-1,0.335683775171198,0.522069292833412,0.411392786537442,0.507851881982074,0.204559102308987,0.103538149275763,0.12445727343797,0.116365137052864
ACATCAGCATCGATGT-1,0.301805772142744,0.546070920062377,0.406263561406047,0.534886761480018,0.215933308999282,0.112579573761417,0.133886583679115,0.124692146917475
ACATCAGGTACAGTTC-1,0.303037494067394,0.508870657897711,0.386970201070447,0.546857068146491,0.21899468968197,0.129924347264508,0.133597931324794,0.135528575422341
ACATGGTGTAAATGAC-1,0.257373381246186,0.600119782132122,0.410621293215681,0.48672952046138,0.197035170554228,0.0813728203708829,0.107378675807325,0.09489862481196
ACCCACTCACAACTGT-1,0.341706782380726,0.528126200646372,0.416962003953903,0.495561979749263,0.199354755148418,0.106847956453547,0.127512177521198,0.117336954351212
ACCCACTGTGAGTATA-1,0.275973512328519,0.559088751779782,0.398922320266165,0.511047837645452,0.21147075792721,0.0919249930805425,0.113849299416682,0.104323921349362
ACCGTAACAGAAGCAC-1,0.274447985174136,0.562614414536579,0.400682289406432,0.463791275041039,0.205689458253365,0.0799427991512132,0.123398881472127,0.102992664776282
ACCTTTATCTAACGGT-1,0.259520419463466,0.587610459466179,0.406691499107961,0.531734387030231,0.186544054445478,0.0867353999446443,0.130903842684467,0.110640733788623
ACGAGGAGTATATGAG-1,0.263656293082017,0.579621217257667,0.40316553353585,0.403358658860787,0.15549458959837,0.0461297167635391,0.0845991941788442,0.0604922986807247
ACGATACTCCTTGGTC-1,0.290708974619748,0.549031572761995,0.402442258546699,0.517120153405872,0.214014058802058,0.103538149275763,0.131757772565999,0.119200713553523
ACGCCAGAGGGCTTGA-1,0.269645399688114,0.570614956946234,0.402598968127682,0.518732658308758,0.200155423942352,0.0938393763262294,0.13214264237176,0.115979072646671
ACGCCAGGTCTCTTAT-1,0.409971297489095,0.504836486089452,0.438919427166209,0.164606243735201,0.0892745705236138,0.01811744625888,0.0232124601599615,0.0199821611619207
ACGCCGAGTAGCGTCC-1,0.243541935046444,0.57458132754763,0.391068759342302,0.595566337870622,0.232311695651662,0.122359073715287,0.13957544049552,0.13550195029088
ACGCCGAGTTATGTGC-1,0.257271679435894,0.557755328044839,0.388766333960172,0.591585920362596,0.233383178890603,0.137201310083956,0.136352155872271,0.140540756419985
ACGGAGACATGGTTGT-1,0.35743666237259,0.576626663954618,0.449551569506726,0.512369801124395,0.195916589150938,0.081568871667128,0.116375007516988,0.0980603591730234
ACGGAGAGTTCCAACA-1,0.271351730060795,0.561868601261102,0.397590288827812,0.404666095268533,0.167151385274759,0.0548251683734662,0.0675687052739191,0.0593407617450111
ACGGCCATCAGCTCGG-1,0.366974032137772,0.507028725111307,0.418951010174068,0.526402951900867,0.208915682511274,0.115658732355383,0.129953695351494,0.123520641133166
ACGGCCATCTAACGGT-1,0.251463376048094,0.564264243903541,0.390092338106948,0.535743858680651,0.201980477810877,0.0959382784389704,0.136123639425101,0.118302115366695
ACGGGCTAGCTTCGCG-1,0.303625104526861,0.550274594887789,0.407571483678094,0.39840492758255,0.175687927563023,0.055344127687056,0.0741355463347165,0.0638803466592116
ACGGGCTAGTGAAGTT-1,0.226376929509345,0.579643817659954,0.386735136698973,0.473844008309485,0.17767782500677,0.0957998892886798,0.113969571230982,0.105701771902499
ACGGGTCAGCTCAACT-1,0.285092774651389,0.536160643659457,0.39228024494913,0.558682104100992,0.231758292220561,0.141433711597011,0.131866017198869,0.138916623400828
ACGGGTCCATGCCCGA-1,0.260074129319502,0.626788256830972,0.426304305897102,0.592515652919215,0.22290383732294,0.0988444505950734,0.14350832882314,0.123973268368013
ACGTCAATCTCGTATT-1,0.295681063122924,0.544364589689696,0.402809923332851,0.521100570913898,0.211647376043519,0.105325675800351,0.133261170244753,0.120898065684199
ACTATCTCATCGATTG-1,0.391518069021629,0.502599046263023,0.42943247022518,0.493382919069686,0.196705483403784,0.0929513792785312,0.126441758373925,0.109615666227352
ACTGAACCAGCTCGCA-1,0.288799240626483,0.544986100752593,0.397047832585949,0.302540784752386,0.137244050913116,0.0502813912722576,0.0494076613145709,0.0463809790060838
ACTGATGAGTCTTGCA-1,0.265633828282143,0.57334960562298,0.401935966054294,0.558638522887401,0.202157095927186,0.0989597748869822,0.141776414697216,0.12232916650026
ACTGATGAGTTGAGAT-1,0.376522702104097,0.55444436910977,0.449244177636337,0.482066330607086,0.1756172803165,0.0856974813174647,0.120139515304588,0.101428438302914
ACTGCTCGTAGATTAG-1,0.393778109250345,0.552195629082198,0.457296639182217,0.490128855121519,0.166515560056047,0.0913253067626165,0.12449335498226,0.109469228004313
ACTGCTCTCTATGTGG-1,0.276052613736525,0.555924695459579,0.397939871739235,0.543603004198324,0.210599441886752,0.110215425777286,0.129388417824283,0.124086425176724
ACTGTCCAGGGAGTAA-1,0.271894139715687,0.528160101249802,0.381503447610782,0.571785522320845,0.235891156142189,0.154499953870283,0.13573876961934,0.147789448460402
ACTGTCCCAGGATCGA-1,0.360521617284788,0.564682351345854,0.446266695597666,0.541932391010648,0.190547398415147,0.10075883384076,0.124036322087919,0.111579269672644
ACTGTCCCATTCCTGC-1,0.295884466743508,0.539030894749927,0.399103139013453,0.551636474570362,0.221879452248349,0.127491004705231,0.132912381983282,0.134164037434935
ACTGTCCTCCCTTGCA-1,0.274594887789003,0.562557913530861,0.400712425864314,0.463413571189912,0.205395094726183,0.0797813451425408,0.123410908653557,0.102906133099032
ACTGTCCTCTAACTCT-1,0.333242931724185,0.538974393744209,0.416335165629973,0.331028371370048,0.150772998622379,0.0424393394224559,0.0658848998737146,0.053296856903231
ACTTACTCACCTCGGA-1,0.318371867019233,0.578660700160463,0.431065866242345,0.478478144021384,0.181563423565567,0.0678452809299751,0.106296229478622,0.0883488424724097
ACTTGTTAGCTACCTA-1,0.258062693515945,0.590763215585237,0.407722165967501,0.518703604166364,0.181221961874036,0.0743034412768706,0.117974622647183,0.0979405460814463
ACTTTCATCGTATCAG-1,0.226569032928786,0.558794946550049,0.376542986643522,0.445036826125485,0.16895289006111,0.073161730786973,0.104997293884178,0.0899130689457779
AGAGCGAGTCCGAAGA-1,0.297353492892173,0.545856216240649,0.404154009354357,0.531705332887837,0.214920698465777,0.103941784297444,0.125491611040953,0.117097328168058
AGAGCTTAGTACGCCC-1,0.243982642891043,0.549347978394015,0.378791166401466,0.532504321803681,0.197788741183812,0.0986599317280192,0.134367670936316,0.118874555693119
AGAGCTTTCTCATTCA-1,0.282222523560919,0.534205708861618,0.389790973528135,0.563229077385708,0.226506846895642,0.12135575237568,0.134379698117746,0.129983891795466
AGCATACAGCATGGCA-1,0.351142450335616,0.514735462291229,0.414786151694874,0.53219925330854,0.21529748378057,0.117711504751361,0.129208010102832,0.124572333825898
AGCTCCTTCACCCTCA-1,0.297805500937917,0.49116324270572,0.378718838902551,0.204846230951378,0.082610180268224,0.0356582710582157,0.0453424739912202,0.0353182368837946
AGCTCTCCATGTAAGA-1,0.372251226071824,0.54831966008995,0.442903466898115,0.408312390139024,0.159156471876509,0.0598648399298828,0.100811834746527,0.079442735998509
AGCTTGAAGAGATGAG-1,0.259249214636021,0.5837005898705,0.403533198322002,0.538126298356988,0.207961944683206,0.0804732908939939,0.120524385110349,0.102040816326531
AGCTTGACAATCACAC-1,0.245609871855719,0.569473636630732,0.389109889580018,0.579964263404855,0.233677542417784,0.117411661592398,0.133621985687654,0.129837453572427
AGGCCGTCACATCTTT-1,0.270809320405903,0.579056207200488,0.406498625777521,0.458561529410056,0.204794593130733,0.0737844819632807,0.118527872992964,0.0967091337513479
AGGGATGTCCAAATGC-1,0.255181142224332,0.560184871290709,0.390164665605863,0.532896552726005,0.187992322999211,0.0918903957929698,0.132659811173252,0.11420184512161
AGGGTGAAGGACAGAA-1,0.25081926458291,0.597351232851945,0.406679444524808,0.52999113848657,0.192195834167363,0.0856859488882738,0.129701124541464,0.109309477215544
AGGTCCGAGCGGCTTC-1,0.281634913101453,0.542172350667842,0.394178841795651,0.549297616107617,0.222373982974014,0.121586400959498,0.130988032954477,0.129338232357522
AGTCTTTCATCTACGA-1,0.424322552941442,0.507175627726174,0.447466126621341,0.176779929398434,0.092665638356745,0.0117746102038933,0.0255818149016778,0.0184844975172065
AGTCTTTGTACATGTC-1,0.311117137885054,0.492971274888693,0.386524181493804,0.347792611531589,0.135572066078725,0.0524494879601439,0.0789343917252992,0.0613443028874955
AGTGAGGGTGTGCCTG-1,0.255633150270075,0.501887133590978,0.361113120208303,0.534799599052835,0.199613795052338,0.114044192268659,0.127319742618317,0.12274851232078
AGTGGGATCTGTTGAG-1,0.361425633376274,0.532341175672927,0.42907686002218,0.495227857111728,0.19655241436965,0.0938047790386567,0.127271633892597,0.110800484577393
AGTGTCACAATCACAC-1,0.277928447126359,0.587926865098199,0.41459930565601,0.480540988131383,0.209445536860201,0.0721468770181751,0.100607372662217,0.0874901819827735
AGTGTCATCTTCCTTC-1,0.251711980473252,0.534849820326802,0.375632865615507,0.54151110594593,0.195575127459407,0.10206199833933,0.134536051476337,0.120006123780236
ATCACGACAATGCCAT-1,0.289725857120257,0.533900603430741,0.392895028689908,0.559829742725569,0.226483297813468,0.141825814189501,0.136785134403752,0.141153134443601
ATCACGAGTTTGACAC-1,0.283691549709585,0.520622867087034,0.383022325087998,0.554832430233741,0.228920627818531,0.133349478734201,0.130579108785856,0.134689883781301
ATCACGATCTGCCAGG-1,0.253734716477953,0.588672678373675,0.4029244418728,0.579499397126545,0.227566555593496,0.111991419872682,0.136436346142282,0.128306508513386
ATCATCTCAAAGCAAT-1,0.285431780685696,0.571530273238864,0.410000482183326,0.495620088034051,0.202204194091535,0.0795045668419596,0.111973059113597,0.0973081992092336
ATCCACCCAACTTGAC-1,0.264097000926616,0.553043144167966,0.390110419981677,0.562110492903526,0.228426097092866,0.122312943998524,0.129833423537194,0.130037142058389
ATCGAGTAGCATGGCA-1,0.352272470449974,0.558003932469998,0.438322725300159,0.536804334878045,0.193161346536519,0.0965956269028508,0.127644476516928,0.111865489835856
ATCGAGTTCTTGGGTA-1,0.243169028408706,0.561959002870251,0.384939003809248,0.591658555718582,0.231534575939903,0.117838361472461,0.137446629382404,0.131375054914334
ATCTACTGTGAGTGAC-1,0.244931859787104,0.596300314145592,0.403454843531511,0.495649142176446,0.185449022124363,0.0631054525325214,0.103265379758254,0.0835496625264587
ATCTGCCAGTGTGGCA-1,0.285465681289127,0.558365538906593,0.404352909976373,0.49357177099525,0.212483368460714,0.0947850355198819,0.129051656744242,0.113516247986474
ATGAGGGCACCTATCC-1,0.228456166519764,0.568027210884354,0.381340710738223,0.472725423827302,0.180221125881619,0.108889196420334,0.120103433760298,0.114508034133419
ATGCGATAGGAGTTTA-1,0.28010938594707,0.527380387370895,0.385608033174213,0.541031712596423,0.214237775082716,0.121159701079435,0.133597931324794,0.130356643635928
ATGGGAGCAATGTTGC-1,0.332079011006396,0.508881958098854,0.400296542745552,0.159841364382527,0.101202180645009,0.0365232032475321,0.0246797762944254,0.0295139582251687
ATTATCCGTAACGACG-1,0.275860510317084,0.545065202160599,0.392286272240706,0.537152984586777,0.193691200885446,0.0957537595719162,0.130013831258645,0.113482966572147
CAACCTCAGTACGCCC-1,0.257452482654191,0.547777250435058,0.384486956941029,0.521129625056292,0.210305078359571,0.0961458621644063,0.132780082987552,0.116438356164384
CAACCTCGTGTCTGAT-1,0.257169977625602,0.554591271724637,0.388247986884614,0.535816494036637,0.211141070776766,0.101462312021404,0.138372722352517,0.121956414659797
CAAGAAAAGTTAACGA-1,0.272549551382015,0.590243406332633,0.412965909638845,0.524369161933263,0.206619646999258,0.0835870467755328,0.107077996271574,0.0981069531530812
CAAGGCCAGATGGCGT-1,0.318654372047822,0.584378601939115,0.435297024928878,0.491087641820533,0.177289265150891,0.0745225574314974,0.112754825906549,0.0954843777041149
CACAAACAGCAATCTC-1,0.4138359662802,0.504542680859719,0.443922079174502,0.315760419541816,0.138209563282271,0.0584232862810222,0.0875939623549221,0.0677409907211417
CACACAACAGCCTATA-1,0.271509932876805,0.518125522634303,0.377567626211486,0.52391882272615,0.193149571995431,0.104622197619707,0.129220037284262,0.118788024015869
CACACCTTCCTAGAAC-1,0.269080389630935,0.558489841119172,0.395637446357105,0.555326350654445,0.226754112258475,0.116892702278808,0.127812857056949,0.125916902964708
CACAGTAAGTGTTGAA-1,0.308145184984293,0.561326191606211,0.417944452480833,0.513183317111437,0.175923418384768,0.0915559553464342,0.127379878525468,0.111146611286393
CACAGTAAGTTTAGGA-1,0.310529527425588,0.545268605781183,0.409650899271903,0.492482240655461,0.198353919156001,0.0799773964387859,0.105273919057069,0.0947255614574597
CACATTTCACTAAGTC-1,0.232897145569191,0.593656067077994,0.395197454072038,0.590598079521188,0.229038373229403,0.0964341728941784,0.132623729628961,0.11771636247454
CACATTTTCAGAAATG-1,0.285397880082265,0.584242999525392,0.416552148126718,0.476981855688075,0.184012528111717,0.0701287019097703,0.0928859221841361,0.0824114381564759
CACCAGGGTAGCTGCC-1,0.374782471127986,0.545856216240649,0.443584550846232,0.478245710882229,0.200485111092795,0.0879232401513055,0.120307895844609,0.105282426081979
CACCAGGGTAGGCATG-1,0.298167107374511,0.544070784459963,0.400712425864314,0.247570347342272,0.107737050948439,0.043638712058308,0.0335077274640688,0.0333546334385026
CAGAGAGGTCACTTCC-1,0.230388500915316,0.569349334418153,0.381684266358069,0.48359167308279,0.174687091570606,0.108647015407325,0.124794034518011,0.114401533607572
CAGCAGCGTCCAGTAT-1,0.292426605193572,0.606651298393111,0.431668595399971,0.49300521521856,0.238257838900729,0.100032290801734,0.113801190690962,0.107472343144694
CAGCAGCGTTCGTGAT-1,0.237372025222049,0.562750016950302,0.381913303437967,0.516669814198759,0.190500300250798,0.0804963557523757,0.115124180648265,0.0973547931892914
CAGCAGCTCTCTTGAT-1,0.261622256876172,0.586740343978123,0.406004387868268,0.493862312419193,0.219548093113071,0.0742227142725344,0.111323591316375,0.0946589986288057
CAGCATAAGGGAAACA-1,0.311591746333085,0.546918435148146,0.411308404455374,0.482473088600607,0.198059555628819,0.102085063197712,0.126285405015335,0.118109083163598
CAGCATAAGTCTCGGC-1,0.252073586909847,0.562015503875969,0.388868797916968,0.57335444601014,0.231275536035983,0.122105360273088,0.13567863371219,0.132792843164663
CAGCCGAGTACTTCTT-1,0.297466494903609,0.520837570908762,0.390013983316457,0.550198294521841,0.224328556794499,0.138481409724144,0.136881351855193,0.139568939121637
CAGCGACCAATGAATG-1,0.259407417452031,0.556885212556783,0.390435893726795,0.53636852274213,0.199507824182552,0.101716025463604,0.137314330386674,0.121457193444893
CAGGTGCTCCCATTTA-1,0.387676000632811,0.54254525730558,0.448412411398814,0.474875430364484,0.21095267811937,0.0892148722206846,0.123916050273618,0.106573744957866
CAGTAACAGGACCACA-1,0.395495739824169,0.573214003209257,0.468513428805632,0.481761262111946,0.178725759163537,0.0782705969185349,0.112706717180829,0.0967291025999441
CAGTAACTCGAGGTAG-1,0.253135805817344,0.610945374827672,0.414032740247842,0.515289742435028,0.196128530890509,0.0860203893348095,0.117180828672801,0.104417109309477
CATATGGAGGGAAACA-1,0.331265396524058,0.564241643501254,0.431415449153768,0.512456963551578,0.174380953502337,0.0876233969923425,0.125816344939563,0.108776974586312
CATATTCAGCTGCCCA-1,0.277634641896626,0.563789635455511,0.40306909687063,0.487891686157154,0.212118357687009,0.0919826552264969,0.126826628179686,0.110913641386104
CATCAAGAGAAGGTTT-1,0.332169412615545,0.518057721427441,0.406914508896282,0.544852332321281,0.216510261512558,0.132023249377249,0.135438090083589,0.136327329366189
CATCCACCACACTGCG-1,0.390060343074107,0.51679209889936,0.436080572833791,0.470953121141247,0.200096551236916,0.0857782083218009,0.123350772746407,0.104709985755555
CATCCACCATCCAACA-1,0.31410039098696,0.563337627409768,0.421681373258113,0.544692534538112,0.204111669747672,0.101762155180367,0.131312766853088,0.116704607478999
CATCGAAAGAAGGTTT-1,0.23604990168825,0.553156146179402,0.376826269347606,0.533550270929878,0.208126788258428,0.0996171233508626,0.134127127307715,0.118761398884407
CATCGAATCAGCACAT-1,0.264616810179221,0.584073496508238,0.406028497034573,0.496114008454755,0.229403384003108,0.107689823784482,0.12436105598653,0.115972416363806
CATCGAATCATCATTC-1,0.379359052591136,0.486236355007119,0.415871064178601,0.26831500501184,0.115661317100166,0.0664152597103054,0.0868603042876902,0.0723537947468616
CATCGGGTCACTCTTA-1,0.248050715302732,0.559495559020951,0.386041998167703,0.518035358891294,0.191618881654088,0.0871159701079435,0.127704612424078,0.1086638177776
CATCGGGTCTGGTTCC-1,0.300155942775781,0.543980382850815,0.404581947056271,0.55015471330825,0.21959519127742,0.121828581972507,0.132551566540381,0.131075522185391
CATGCCTAGCCGTCGT-1,0.308088683978575,0.591045720613827,0.432446116013308,0.407121170300856,0.164325495413816,0.0491166159239782,0.0740032473389861,0.0602526724975705
CCAATCCAGATCGATA-1,0.272323547359143,0.568162813298077,0.401592410434447,0.52495024478115,0.215109091123173,0.101058676999723,0.127957183234109,0.117583236817232
CCAATCCTCAGCACAT-1,0.283250841864985,0.54162994101295,0.394178841795651,0.545912808518675,0.219748260311554,0.11912999354184,0.126862709723976,0.125757152175939
CCACGGAAGATTACCC-1,0.289386851085949,0.593091057020815,0.423959689473938,0.509711347095312,0.192266481413887,0.0707514530860781,0.108016116423116,0.0911577938416071
CCACTACGTACAGACG-1,0.39827558930549,0.526080864239383,0.443415786682097,0.219721951857286,0.130720955150773,0.0243103607343851,0.0425281135365927,0.0340868245536962
CCACTACTCCGAGCCA-1,0.407677356656948,0.54636472529211,0.461455470369835,0.482342344959833,0.168493682958707,0.0957191622843436,0.126092970112454,0.11167245763276
CCAGCGAGTCTAGGTT-1,0.271204827445929,0.556015097068728,0.395836346979121,0.553524993825995,0.220431183694616,0.114932189316358,0.138913945516868,0.129005418214252
CCATGTCCACCGTTGG-1,0.253101905213913,0.573417406829842,0.394570615748107,0.546043552159449,0.201427074379776,0.0945082572193007,0.132575620903241,0.115293475511535
CCATGTCCATTGCGGC-1,0.250954866996633,0.572083983094899,0.393256666184483,0.597716344407804,0.231204888789459,0.1208252606329,0.138829755246858,0.134423632466685
CCATTCGTCAATCTCT-1,0.31031482360386,0.538307681876737,0.40709532764357,0.52438368900446,0.20738499216993,0.108012731801827,0.136460400505142,0.124139675439647
CCCAATCAGCCCAATT-1,0.327118222704364,0.523018509729473,0.406932590771011,0.550532417159377,0.21688704682735,0.133038103146047,0.136809188766613,0.13810455689125
CCCAATCGTACGCACC-1,0.264356905552919,0.581723054670373,0.405666859539997,0.513125208826648,0.186485181740042,0.0821454931266722,0.118900715617295,0.10236031790407
CCCTCCTCACATCCGG-1,0.280177187153931,0.572027482089181,0.407649838468586,0.535002978049595,0.215603621848838,0.101346987729495,0.126165133201034,0.117090671885192
CCCTCCTCACGAAAGC-1,0.306291951996746,0.51556037697471,0.392250108491248,0.539390153551143,0.215061992958824,0.123835224651721,0.134283480666306,0.132673030073086
CCCTCCTTCCGCGTTT-1,0.308314688001446,0.529945533030488,0.40189377501326,0.534392841059314,0.206961108690789,0.113951932835132,0.137879607913885,0.127987006935847
CCGGGATCACTACAGT-1,0.279917282527629,0.565642868443058,0.404660301846762,0.460261196740125,0.20725547221797,0.0770712242826829,0.119802754224547,0.0998575555466805
CCGTACTAGGTTACCT-1,0.248954731394219,0.586627341966687,0.400254351704518,0.588753141479146,0.219889554804601,0.101381585017068,0.140693968368513,0.12318117070703
CCGTGGAAGGGCACTA-1,0.276176915949104,0.542500056501006,0.388718115627562,0.269157575141276,0.106606695004062,0.0474328812621091,0.0444043538396777,0.0435720276368865
CCGTGGATCAGCTCTC-1,0.286335796777183,0.585565123059191,0.418010752688172,0.464735534668855,0.184424637049771,0.0646969277608636,0.0857658307775573,0.0760147503228297
CCGTGGATCATCGGAT-1,0.36810405225213,0.581169344814338,0.458797434784705,0.45535104667548,0.201403525297602,0.0871851646830888,0.110662096337723,0.0997909927180265
CCGTTCACACTTGGAT-1,0.275069496237033,0.518532329875472,0.37818843724384,0.545404361026773,0.221797030460738,0.122705046591014,0.134223344759156,0.130716082910659
CCTAAAGCAATCGAAA-1,0.250570660157751,0.568241914706082,0.391581079126284,0.523453956447841,0.21366082256944,0.0962150567395516,0.134728486379217,0.118175645992252
CCTAAAGTCTATCCTA-1,0.283940154134744,0.518091622030872,0.381822894064323,0.562618940395427,0.230863427097929,0.154511486299474,0.135462144446449,0.147110507608131
CCTACCAGTCACTGGC-1,0.320778809862816,0.469342554297467,0.379526495973769,0.287839388700844,0.106747989497109,0.0562205923055632,0.0603163148716098,0.0494761505384933
CCTAGCTTCAGTTTGG-1,0.263543291070581,0.570106447894772,0.398759583393606,0.520519488066011,0.213543077158568,0.103791862717963,0.131721691021709,0.121457193444893
CCTAGCTTCCAATGGT-1,0.305455737112121,0.508294347639388,0.387832103765852,0.547031393000857,0.221467343310294,0.132911246424947,0.13571471525648,0.137625304524941
CCTATTACAATCCGAT-1,0.277792844712636,0.562546613329717,0.402249385216259,0.502258959571161,0.187062134253317,0.102903865670265,0.130326537975825,0.116904295964961
CCTATTAGTACGAAAT-1,0.248367120934753,0.611736388907723,0.413032209846183,0.578845678922672,0.218064500936076,0.0952693975458991,0.134235371940586,0.117310329219751
CCTCAGTCAGTCAGCC-1,0.330858589282889,0.53645444888919,0.4153888808525,0.561747316123596,0.223280622637733,0.121897776547652,0.129412472187143,0.12695528309171
CCTCAGTTCAGGATCT-1,0.267159355436527,0.555845594051574,0.393389266599161,0.547568894635153,0.225388265492352,0.113317649229634,0.123699561007878,0.12190982067974
CCTCTGATCATTGCCC-1,0.299251926684295,0.540793726128325,0.402388012922513,0.552667896625361,0.224987931095386,0.150175292923701,0.128606651031331,0.140720476057351
CCTTACGGTGTAAGTA-1,0.420209279725179,0.568038511085497,0.477692993876272,0.398826212647268,0.194727360501124,0.0564512408893809,0.0889289794936557,0.0726999214558622
CCTTCCCTCAACTCTT-1,0.259633421474902,0.560727280945601,0.392075317035537,0.587721719424147,0.230545514488573,0.122485930436387,0.129123819832822,0.129777547026638
CCTTCGAAGTGTTAGA-1,0.287285013673243,0.530600944696816,0.388489078547664,0.22098580705144,0.112152503856162,0.050143002121967,0.0421552709122617,0.0430195561590585
CCTTTCTAGTTCGCAT-1,0.310947634867901,0.549155874974575,0.412188389025507,0.537269201156355,0.220490056400052,0.115405018913184,0.130061939984365,0.1256107139529
CGAACATGTTAAAGTG-1,0.359493298980722,0.552105227473049,0.437707941559381,0.446562168601188,0.205901399992935,0.083367930620906,0.0980095014733297,0.090871573678395
CGAATGTGTTTGGGCC-1,0.408208466110697,0.517628313783985,0.443940161049231,0.160436974301611,0.0958447644503056,0.0241027770089492,0.0273858921161826,0.0237030232836775
CGACCTTAGTGAACGC-1,0.27906976744186,0.57852509774674,0.410313901345291,0.550634106657757,0.220937488961368,0.0966417566196144,0.115990137711227,0.109682229056006
CGACTTCCATGTAAGA-1,0.378760141930526,0.540070513255136,0.442463474613048,0.427400961692113,0.194385898809594,0.0894455208045023,0.115641349449756,0.104603485229708
CGAGAAGCAATCGGTT-1,0.393450403417181,0.577089972201505,0.469875596701866,0.519459011868617,0.182081503373406,0.0933088845834487,0.118804498165855,0.106007960914307
CGAGCCAGTAGCGTCC-1,0.309501209121522,0.505390195945488,0.386343362746516,0.202899603410956,0.100660551754995,0.0365001383891503,0.0464489746827831,0.0393785694316866
CGATCGGGTGATGCCC-1,0.270391212963591,0.572773295364657,0.40263513187714,0.436335110478376,0.182246346948628,0.0662422732724421,0.0767213903421733,0.07148847797436
CGATCGGTCATCGGAT-1,0.270210409745293,0.580898139986892,0.407221900766671,0.467277772128361,0.19397378987154,0.0679144755051204,0.0864513801190691,0.0779384160709294
CGATGGCTCACATACG-1,0.40301037358465,0.533437295183854,0.452149332176093,0.43709051818063,0.170483580402454,0.0671994648952855,0.112947260809429,0.0891475964162573
CGATGTATCGGTTAAC-1,0.279566976292178,0.547698149027053,0.395589228024495,0.538823597774453,0.221903001330523,0.112395054894363,0.123843887185038,0.120545282692333
CGATTGACACATCTTT-1,0.35087124550817,0.553325649196556,0.434145812237813,0.422955677905777,0.193608779097835,0.0543062090598764,0.0796921041553912,0.0667292357256014
CGCCAAGCAGGACGTA-1,0.323321355120121,0.540861527335187,0.414713824195959,0.493484608568067,0.197494377656631,0.0869429836700803,0.122520897227735,0.105229175819056
CGCGGTAGTCCTGCTT-1,0.250310755531448,0.550240694284358,0.38216644968417,0.53400061013699,0.206984657772963,0.105268013654396,0.131120331950207,0.120731658612564
CGCTTCACAGGGTATG-1,0.376873008339548,0.430865369403575,0.390026037899609,0.177883986809419,0.064300768877533,0.0405134237475782,0.0546394852366348,0.0418480503747487
CGGACACGTTTGACAC-1,0.277171333649739,0.585960630099216,0.415087516273687,0.514766767871929,0.177748472253294,0.0757680597841129,0.122244272054844,0.100416683307374
CGGACGTAGAAACCGC-1,0.315027007480733,0.573756412864149,0.425990886735137,0.432877667533449,0.168234643054787,0.0463488329181659,0.0689037224126526,0.0569112184991413
CGGACTGCAAGCGTAG-1,0.26944199606753,0.581564851854363,0.406763826606876,0.372459578424394,0.149795711712136,0.0417704585293846,0.0658969270551446,0.0516128173382856
CGGAGCTAGATGCCTT-1,0.385800167242977,0.508780256288562,0.429390279184146,0.489693042985604,0.197753417560551,0.0975182212381216,0.129472608094293,0.113482966572147
CGGAGCTCAGGGTACA-1,0.373042240151875,0.573485208036703,0.457194175225421,0.521885032758546,0.184165597145851,0.0919941876556878,0.120476276384629,0.105109362727478
CGGAGCTTCGATGAGG-1,0.295522860306913,0.532691481908378,0.396842904672356,0.534421895201708,0.208668417148442,0.113698219392933,0.133754284683384,0.125584088821439
CGGAGTCAGCTCCTCT-1,0.290437769792302,0.592887653400231,0.423555860938329,0.499498816043697,0.195940138233112,0.060948888273826,0.0893980395694269,0.0760014377570989
CGGAGTCAGTGACTCT-1,0.328666350261035,0.511006395913847,0.399338203384927,0.164025160887314,0.0995655194338801,0.0352661684657256,0.0305129592879909,0.030492431806382
CGGAGTCCATGCCTTC-1,0.302540285217077,0.526849277917147,0.395872510728579,0.534233043276145,0.213437106288782,0.11809207491466,0.129628961452884,0.126935314243114
CGGAGTCGTCCGACGT-1,0.320778809862816,0.549777386037472,0.417661169776749,0.552508098842192,0.199083940703411,0.104414613894271,0.129713151722894,0.116797795439115
CGGCTAGTCGCGGATC-1,0.288437634189889,0.545664112821208,0.39913930276291,0.56718044075134,0.229744845694639,0.143544146138943,0.128642732575621,0.137565397979153
CGGGTCAGTATGGTTC-1,0.266775148597645,0.557608425429973,0.393919668257872,0.504612345105103,0.199872834956258,0.093873973613802,0.116158518251248,0.105794959862614
CGGGTCAGTTGCGTTA-1,0.390602752728999,0.537245462969241,0.446622305800665,0.481921059895115,0.222468179302712,0.0857320786050374,0.129965722532924,0.111592582238375
CGTAGCGAGCTCTCGG-1,0.273340565462065,0.583937894094515,0.410741839047206,0.511672501706931,0.214944247547952,0.106813359165975,0.129039629562812,0.11881464914733
CGTCACTCAGCGTTCG-1,0.377302415983005,0.532454177684363,0.437496986354212,0.496390022807502,0.21537990556818,0.0949349570993634,0.13201034337603,0.1149540050854
CGTCAGGAGTAGCGGT-1,0.308292087599159,0.541550839604945,0.406697526399537,0.448465214928018,0.237845729962675,0.108773872128425,0.122172108966264,0.119686622202697
CGTCTACCAATGGACG-1,0.311004135873619,0.575304540420819,0.425653358406866,0.48472478463617,0.218029177312814,0.105325675800351,0.123651452282158,0.115206943834285
CGTGAGCAGTGGTCCC-1,0.295590661513775,0.580287929125138,0.420138386614591,0.528465796010866,0.221820579542912,0.0954193191253806,0.122905767033496,0.113216715257532
CGTTAGAAGATATACG-1,0.404117793296721,0.538488485095035,0.455554751916679,0.320147595043363,0.154693920804437,0.0419203801088661,0.0909976546996211,0.0646458191887322
CGTTGGGTCTCTAGGA-1,0.278798562614415,0.542748660926164,0.392370654322774,0.572032482531197,0.233288982561905,0.127652458713903,0.133561849780504,0.133445158885472
CTAACTTCATAGTAAG-1,0.272877257215178,0.530454042081949,0.383606972370895,0.544503682612548,0.208797937100402,0.117077221145862,0.133682121594804,0.128033600915905
CTAATGGCAGCATGAG-1,0.282075620946053,0.537753972020702,0.389736727903949,0.287882969914436,0.127200367365682,0.045333979149368,0.0491310361416802,0.0430461812905201
CTACATTGTTGCCTCT-1,0.278764662010984,0.561789499853097,0.402580886252953,0.478841320801313,0.210199107489786,0.088269213027032,0.126032834205304,0.108683786626196
CTACCCAAGCGATATA-1,0.283149140054693,0.54787895224535,0.397403442788948,0.530993506399175,0.210575892804578,0.111068825537411,0.130807625233027,0.124645552937418
CTACGTCAGGCTACGA-1,0.430051754921238,0.531708364408886,0.464680071363132,0.324767203684065,0.19285520846825,0.0607759018359627,0.0794034518010704,0.0700307520268381
CTACGTCCACACAGAG-1,0.249293737428526,0.591610730671006,0.402285548965717,0.52078097534756,0.206337058013164,0.0972183780791586,0.121149798544711,0.110088262310795
CTACGTCCATGTCCTC-1,0.287567518701833,0.55504327977038,0.403888808525001,0.488327498293069,0.210269754736309,0.0930667035704401,0.129316254735703,0.1128572759828
CTAGAGTGTTGAGTTC-1,0.275397202070197,0.597362533053088,0.418330199141714,0.501314699943344,0.191854372475833,0.0715010609834856,0.0983462625533706,0.0866315214931374
CTAGCCTAGGCCCTTG-1,0.358453680475512,0.543347571586774,0.434073484738898,0.472420355332161,0.215262160157308,0.10022834209798,0.130061939984365,0.117529986554309
CTCGAAACAGTAAGAT-1,0.257169977625602,0.564252943702398,0.392002989536622,0.581852782660488,0.232193950240789,0.124596364978319,0.135113356184978,0.134576726972589
CTCGGGATCTCACATT-1,0.317400049720885,0.533765001017018,0.407643811177009,0.569257811932536,0.224764214814728,0.139969093089768,0.136737025678032,0.141159790726467
CTCGTCAAGAAGATTC-1,0.248819128980496,0.564591949736705,0.388718115627562,0.596641341139213,0.229921463810948,0.117676907463788,0.137374466293824,0.13088914626516
CTCGTCACACAGTCGC-1,0.282618030600945,0.592062738716749,0.41965620328849,0.486656885105394,0.200885445489762,0.0703016883476335,0.102279150880991,0.0877564332973894
CTCGTCAGTATGAAAC-1,0.306585757226479,0.540409519289443,0.404238391436424,0.528247889942909,0.228567391585913,0.114655411015776,0.125407420770942,0.121776695022432
CTCGTCATCGTTGCCT-1,0.379596356815151,0.554308766696047,0.450684700323063,0.531661751674245,0.190382554839925,0.107159332041701,0.125708100306693,0.11645832501298
CTCTAATAGACAAAGG-1,0.399145704793545,0.526578073089701,0.446278750180819,0.498060635995177,0.192172285085189,0.092870652274195,0.125684045943833,0.108630536363273
CTCTACGGTGCAGACA-1,0.35453251067869,0.416288109928357,0.372564974203192,0.171041736275549,0.0570829751910419,0.0414590829412307,0.0491671176859703,0.0399443534752453
CTGAAACGTAATCACC-1,0.250186453318869,0.542692159920447,0.379146776604465,0.520417798567631,0.188074744786822,0.0908870744533629,0.130976005773047,0.11193205266451
CTGCGGAAGCCAGAAC-1,0.265362623454697,0.528555608289828,0.378718838902551,0.550677687871348,0.212189004933533,0.109834855613987,0.133742257501954,0.12318117070703
CTGTTTAAGAATCTCC-1,0.344723936086062,0.531651863403169,0.420825497854284,0.472972384037654,0.236656501312861,0.107862810222345,0.141475735161465,0.126196466845055
CTGTTTAAGGCCGAAT-1,0.328451646439307,0.526928379325152,0.408083803462076,0.310763107049988,0.164949546091441,0.0499469508257219,0.0581634493956341,0.0526977914453453
CTGTTTAAGTTCGCAT-1,0.295929667548082,0.527199584152598,0.393642412845364,0.541830701512268,0.21353130261748,0.120721468770182,0.134175236033436,0.129917328966812
CTTAACTGTGGTCTCG-1,0.24655908875178,0.606436594571383,0.408801051159651,0.520272527855659,0.210564118263491,0.0921902389519328,0.130254374887245,0.114102000878629
CTTACCGCAAACGCGA-1,0.370047686848826,0.538420683888173,0.437165485317518,0.488821418713773,0.21529748378057,0.0937355844635114,0.128931384929942,0.113629404795186
CTTAGGAGTTACAGAA-1,0.327468528939815,0.568626121544964,0.429757943970297,0.436538489475137,0.174027717269719,0.0469139219485192,0.0687954777797823,0.0570842818536417
CTTGGCTAGACTGTAA-1,0.266560444775917,0.589102086017131,0.409506244274073,0.548629370832546,0.217840784655418,0.0833102684749516,0.111419808767815,0.099245177523064
GAAACTCTCTGTACGA-1,0.355549528781612,0.535516532194273,0.428040165871064,0.416418495867048,0.217852559196505,0.0914636959129071,0.11323591316375,0.10522251953619
GAAACTCTCTTGTCAT-1,0.328937555088481,0.53736976518182,0.415611890640822,0.486119383471098,0.170860365717246,0.104472276040225,0.134211317577726,0.120052717760294
GAAATGACACAGCGTC-1,0.238411643727258,0.579835921079395,0.391918607454554,0.490971425250955,0.189311071600984,0.0811075744994926,0.118900715617295,0.100922560805144
GAAATGACAGAAGCAC-1,0.391563269826203,0.540420819490587,0.449340614301557,0.395790054767058,0.156424778344264,0.0545022603561214,0.100823861927957,0.0765938469321192
GAAATGAGTCGAATCT-1,0.267939069315434,0.581056342802902,0.406552871401707,0.525502273486642,0.222126717611181,0.105291078512778,0.132804137350412,0.122941544523876
GAAATGATCTTCGAGA-1,0.329796370375393,0.558116934481434,0.426268142147645,0.418524921190639,0.248030708003156,0.0905065042900637,0.103734439834025,0.0995313976862761
GAACATCAGCGACGTA-1,0.36930187357335,0.566388681718535,0.451860022180433,0.532867498583611,0.18717987966419,0.0969992619245318,0.123627397919298,0.109655603924544
GAACATCGTCGCCATG-1,0.432922006011707,0.517040703324519,0.458357442499638,0.228016909510874,0.103215627170931,0.0286350216809669,0.0538096097179626,0.040510137518804
GAACGGAGTGCATCTA-1,0.273148462042624,0.546895834745858,0.390381648102609,0.378154190333687,0.167916730445431,0.0597033859212104,0.0593902219014974,0.0582957253351438
GAAGCAGAGCGATGAC-1,0.297715099328768,0.579576016453093,0.421434254303486,0.500675508810669,0.185354825795665,0.0878771104345419,0.118311383727224,0.103651636779957
GAATGAAAGAAGAAGC-1,0.269995705923565,0.462901439645626,0.345779690438305,0.152853843136685,0.0863544843339731,0.0306070670726082,0.0221660953755487,0.01913015695515
GAATGAACAAGGTTCT-1,0.263068682622551,0.587429656247881,0.407203818891943,0.50241875735433,0.196352247171167,0.091071593320417,0.120440194840339,0.109056538466659
GAATGAAGTAGCTTGT-1,0.242185910909214,0.562670915542297,0.384812430686147,0.523105306739108,0.192219383249538,0.0852361841498293,0.125696073125263,0.105016174767363
GACACGCGTACCATCA-1,0.305173232083531,0.548184057676227,0.408825160325956,0.565626044133242,0.228084635401335,0.146265799427992,0.131517228937399,0.139276062675559
GACACGCTCTCCTATA-1,0.290008362148846,0.509526069564038,0.380448671584937,0.556938855557331,0.228590940668087,0.156368207399207,0.137783390462445,0.149360331216635
GACCTGGAGCCCTAAT-1,0.297319592288743,0.563066422582322,0.412333044023338,0.489998111480744,0.206019145403808,0.10557938924255,0.131252630945938,0.119040962764754
GACCTGGCAAGGCTCC-1,0.231292517006803,0.574231021312179,0.384993249433435,0.458372677484492,0.182481837770373,0.0999515637973983,0.112718744362259,0.104244045954977
GACCTGGGTCGGCATC-1,0.272719054399168,0.590559811964653,0.413478229422827,0.482720048810959,0.2341249749791,0.100043823230925,0.118852606891575,0.108783630869177
GACCTGGGTCTACCTC-1,0.285804687323434,0.530939950731123,0.389543854573509,0.562313871900286,0.229203216804625,0.127848510010149,0.132936436346142,0.132779530598932
GACGTGCCATATACGC-1,0.445329626867358,0.518498429272041,0.465433482810164,0.247265278847132,0.139610733671655,0.0354737521911615,0.0504179445546936,0.0419013006376719
GACGTGCTCCAGAAGG-1,0.253260108029923,0.564885754966438,0.390646848931964,0.572366605168732,0.231522801398815,0.11666205369499,0.127620422154068,0.12728809723498
GACGTGCTCTAGAGTC-1,0.246920695188374,0.590785815987525,0.400760644196924,0.558653049958598,0.216357192478423,0.0833794630500969,0.120151542486018,0.104224077106381
GACGTTAAGTGGACGT-1,0.266922051212512,0.617194386060072,0.425159120497613,0.587503813356189,0.211612052420257,0.0891802749331119,0.143592519093151,0.117782925303194
GACTAACCACGAGAGT-1,0.273069360634619,0.568750423757543,0.402791841458122,0.493978528988771,0.214555687692072,0.0902066611311007,0.120452222021769,0.106593713806462
GACTAACGTATAATGG-1,0.239835469071349,0.585768526679775,0.395209508655191,0.598863983032381,0.23636213778568,0.117215610296153,0.144109687894642,0.13357828454278
GACTGCGTCCCTAACC-1,0.239033154790155,0.574762130765928,0.38909180770529,0.59675755770879,0.234195622225624,0.121194298367008,0.142293583498707,0.135249011541994
GAGCAGACAATGGATA-1,0.335446470947183,0.506927023301015,0.400055451082502,0.162136641631681,0.0966101096209775,0.0272165328904881,0.0217691983883577,0.0203682255681137
GAGGTGAAGGGAAACA-1,0.261034646416706,0.581779555676091,0.404123872896475,0.529293839069105,0.192737463057377,0.0926169388319956,0.133525768236214,0.115406632320247
GATCAGTAGCGATATA-1,0.258186995728524,0.525888760819943,0.374361107092917,0.512195476270029,0.185790483815893,0.0916943444967248,0.12830597149558,0.111399550035278
GATCAGTTCCGTACAA-1,0.284550364996497,0.546319524487536,0.397349197164762,0.569359501430917,0.231169565166198,0.134894824245779,0.130518972878706,0.136081046900169
GATCGATCAGTGGAGT-1,0.381438289601555,0.540635523312315,0.442571965861421,0.301814431192527,0.15541216781076,0.0309415075191438,0.055108545312406,0.0440379674374642
GATCGCGGTAGAGGAA-1,0.262029064117341,0.540918028340905,0.38187713968851,0.353211209088136,0.147711617939691,0.0532106282867423,0.0574177641469722,0.0525580095051719
GATCTAGTCAACCAAC-1,0.397213370397993,0.525493253779917,0.445308356237041,0.379911965948545,0.175346465871493,0.0538333794630501,0.10207468879668,0.0777786652821598
GATGAAAGTTGATTCG-1,0.244310348724207,0.577530680046105,0.392611745985824,0.596423435071255,0.230274700043566,0.1165236645447,0.140681941187083,0.133112344742202
GATGAAATCTCTGCTG-1,0.346170361832441,0.541641241214094,0.426352524229712,0.425483388294086,0.225506010903225,0.0965494971860873,0.115304588369716,0.109143070143909
GATGAGGCACACGCTG-1,0.291997197550116,0.570468054331367,0.414460677949756,0.524601595072417,0.185896454685679,0.0931474305747763,0.131421011485958,0.114188532555879
GATTCAGAGCCCAATT-1,0.307919180961421,0.510769091689832,0.390110419981677,0.527463428098261,0.211871092324177,0.150774979241627,0.134091045763425,0.144294899956069
GATTCAGCACGGCTAC-1,0.283623748502723,0.523142811942053,0.382588360094508,0.215683426064471,0.0986824288523355,0.0457145493126672,0.0462204582356125,0.0424670846812306
GCAGCCAAGATGGCGT-1,0.295319456686329,0.507808438990214,0.380478808042818,0.153725467408516,0.077829716586796,0.0323830611680044,0.0188465933008599,0.0194696273812852
GCAGCCAGTATCGCAT-1,0.353526792776911,0.546986236355007,0.432934326630985,0.414413760041838,0.168764497403714,0.0651812897868807,0.0959769078116543,0.0768001917009465
GCATACACAAAGTCAA-1,0.223043370171989,0.566083576287658,0.377422971213655,0.465302090445545,0.179279162594638,0.105106559645724,0.118672199170124,0.109988418067814
GCATACATCCGGGTGT-1,0.400445227925057,0.551641919226162,0.460491103717633,0.474425091157372,0.165067291502314,0.0898952855429468,0.123182392206386,0.107572187387675
GCATGATTCAGTCAGT-1,0.254582231563722,0.532973986936968,0.375759438738608,0.549050655897265,0.206725617869044,0.10752836977581,0.13572674243791,0.123380859192992
GCATGATTCAGTGCAT-1,0.276301218161683,0.574796031369358,0.406504653069097,0.467771692549065,0.198365693697088,0.0755028139127226,0.103084972036803,0.0904455715750097
GCCAAATCAGCCAGAA-1,0.275272899857617,0.563846136461229,0.400995708568398,0.499004895622993,0.206925785067527,0.0852015868622567,0.111973059113597,0.100902591956548
GCCTCTAGTAGCTGCC-1,0.277295635862318,0.563891337265803,0.402641159168716,0.490099800979125,0.214543913150985,0.0905987637235907,0.122833603944916,0.10833100363433
GCCTCTAGTTAAGTAG-1,0.352125567835107,0.523786923407237,0.420277014320845,0.511527230994959,0.206148665355768,0.11887628009964,0.129015575199952,0.123680391921935
GCGACCACAGCCAGAA-1,0.261667457680747,0.563778335254367,0.394383769709243,0.572569984165492,0.229368060379847,0.120836793062091,0.137410547838114,0.132060652049469
GCGAGAAAGCCAGGAT-1,0.246412186136913,0.584005695301376,0.396806740922899,0.52448537850284,0.22019569287287,0.100747301411569,0.12830597149558,0.116012354060998
GCGCAACAGCTTCGCG-1,0.299082423667141,0.539392501186521,0.401785283764887,0.535322573615933,0.207844199272333,0.110238490635667,0.132491430633231,0.123114607878376
GCGCAACAGGACTGGT-1,0.287047709449228,0.589373290844577,0.420222768696658,0.508636343826721,0.205724781876626,0.06764922963373,0.0963978591617055,0.0833499740404968
GCGCAACGTTATCCGA-1,0.395473139421882,0.552862340949669,0.458520179372197,0.497072795153769,0.169883078807003,0.0915559553464342,0.123627397919298,0.109269539518351
GCGCAGTCATTTCAGG-1,0.2930820168599,0.542183650868985,0.400175996914027,0.524369161933263,0.216474937889296,0.102223452348003,0.121558722713332,0.114268407950264
GCGCCAATCATTCACT-1,0.318270165208941,0.451273532668881,0.368900380924828,0.298865435739501,0.106901058531244,0.0547559737983209,0.0676889770882194,0.0549076773566569
GCGCGATTCTTCTGGC-1,0.301670169729021,0.598040545121703,0.432837889965765,0.428374275462324,0.210670089133276,0.0727926930528646,0.0999458776835649,0.0879960594805437
GCTCCTAAGAAGAAGC-1,0.287951725540715,0.551517617013583,0.400260378996094,0.348460856806659,0.151726736450447,0.0547213765107482,0.0574899272355524,0.0536296710465008
GCTCCTACAACTGCGC-1,0.299003322259136,0.522204895247135,0.392382708905926,0.554948646803318,0.226059414334326,0.159493495709936,0.132479403451801,0.148002449512094
GCTGCGAAGAAGGACA-1,0.234953782177323,0.591599430469862,0.395366218236173,0.580327440184784,0.222644797419021,0.093078235999631,0.127572313428348,0.11336315348057
GCTGCGAGTCTCTCGT-1,0.287657920310982,0.541290934978643,0.396830850089204,0.53780670279065,0.213495978994219,0.113340714088015,0.130915869865897,0.124073112610994
GCTGCTTAGATCTGAA-1,0.280561393992813,0.592266142337334,0.417908288731376,0.461757485073434,0.175581956693238,0.0567049543315804,0.0835528293944314,0.0698576886723378
GCTGGGTTCCAAGTAC-1,0.25113567021493,0.517006802721088,0.366423164086986,0.523947876868544,0.191206772716033,0.101070209428914,0.128835167478501,0.117443454877058
GGAACTTTCCTTAATC-1,0.340136054421769,0.548929870951703,0.425683494864748,0.372445051353197,0.18584935652133,0.0436041147707353,0.0689157495940826,0.054707988870695
GGACAAGGTTCGTTGA-1,0.31457499943499,0.599091463828056,0.440257485896138,0.500864360736232,0.186285014541558,0.0876003321339607,0.117697997474292,0.103192353262244
GGACAGAAGCATCATC-1,0.252875901191041,0.571507672836576,0.394938280534259,0.548425991835786,0.198966195292538,0.0966994187655688,0.140922484815683,0.12073831489543
GGACAGATCAGCTCGG-1,0.273069360634619,0.571914480077745,0.40405154539756,0.504249168325174,0.204582651391162,0.08576667589261,0.107571110710205,0.0979738274957733
GGACATTCAGTCCTTC-1,0.28090040002712,0.537573168802405,0.391707652249385,0.530049246771358,0.217087214025833,0.108647015407325,0.125010523783751,0.118575022964176
GGACGTCAGATCGATA-1,0.336011481004362,0.574558727145343,0.438630117170548,0.519938405218124,0.184613029707167,0.0957998892886798,0.129027602381382,0.114454783870495
GGACGTCTCCTAGGGC-1,0.263430289059145,0.598775058196036,0.412839336515743,0.531254993680724,0.206925785067527,0.0721007473014116,0.105237837512779,0.0903057896348363
GGAGCAACAAAGCAAT-1,0.381370488394693,0.575666146857414,0.462612710352476,0.466929122419629,0.185920003767853,0.0876579942799151,0.117301100487101,0.102693132047339
GGAGCAATCCTTTCTC-1,0.335830677786065,0.530024634438493,0.414912724817976,0.516698868341154,0.203699560809617,0.110492204077867,0.132262914186061,0.121423912030566
GGATGTTGTACACCGC-1,0.328316044025584,0.521843288810541,0.405449877043252,0.290512369801124,0.160251504197624,0.0490474213488329,0.0515484996091166,0.0481582065311447
GGCAATTAGTCGATAA-1,0.340655863674373,0.521074875132777,0.410717729880901,0.167918415968157,0.094243426862438,0.0318986991419873,0.0221901497384088,0.0248811853508527
GGCCGATCAAACTGCT-1,0.307930481162565,0.491400546929735,0.378821302859347,0.174179583654139,0.0847884703693674,0.0277585570624596,0.0264477719646401,0.018997031297842
GGCCGATTCTACCTGC-1,0.404942707980202,0.547777250435058,0.45994864747577,0.37160248122376,0.161417183765263,0.055540178983301,0.0820013229899573,0.0676078650638337
GGCGTGTGTAACGTTC-1,0.406615137749452,0.505797003186657,0.439275037369208,0.473335560817584,0.1860612982609,0.0841406033766953,0.122761440856335,0.103298853788091
GGCTGGTAGCCAACAG-1,0.290980179447194,0.558489841119172,0.406498625777521,0.503929572758836,0.199378304230593,0.0830104253159886,0.105322027782789,0.0959636300704235
GGGAATGAGCAGCGTA-1,0.266176237937035,0.591237824033268,0.412067843193982,0.48245856152941,0.179844340566826,0.0668765568779408,0.102651993505322,0.0853402026172504
GGGACCTCAGATGGGT-1,0.260413135353809,0.568637421746107,0.396535512801967,0.562444615541061,0.224399204041023,0.113306116800443,0.129953695351494,0.124965054514957
GGGATGATCTCTTATG-1,0.320010396185052,0.529945533030488,0.407173682434061,0.550692214942545,0.223280622637733,0.140326598394686,0.132335077274641,0.136294047951862
GGGTTGCAGACGCTTT-1,0.335898478992926,0.540782425927182,0.418944982882492,0.354838241062219,0.16658620730257,0.049335732078605,0.0684346623368813,0.0579562549090086
GGTATTGAGATATGGT-1,0.309987117770696,0.577813185074694,0.42667799797483,0.49644813109229,0.183953655406281,0.0978872589722299,0.124300920079379,0.111765645592875
GGTATTGAGATGCGAC-1,0.23712342079689,0.581011141998328,0.391339987463234,0.601449801705478,0.231004721590976,0.115232032475321,0.140645859642793,0.13198743293795
GGTGTTACATCTGGTA-1,0.27827875336181,0.568840825366692,0.405636723082116,0.54207766172262,0.220490056400052,0.103353630408709,0.122737386493475,0.116152136001172
GGTGTTAGTACACCGC-1,0.308303387800303,0.552817140145095,0.411935242779305,0.454174353908509,0.177112647034582,0.0610296152781622,0.0940766131457093,0.0787504825805077
GGTGTTAGTCTTCAAG-1,0.328892354283906,0.566038375483084,0.430535464583635,0.493862312419193,0.184648353330429,0.0977719346803211,0.125479583859523,0.111739020461414
GTAACTGTCTGAGGGA-1,0.242807421972111,0.589441092051438,0.398120690486523,0.529221203713119,0.202945990180033,0.0984177507150106,0.132599675266101,0.118401959609676
GTAGTCACAATGACCT-1,0.246491287544918,0.570253350509639,0.390954240802353,0.533187094149948,0.195445607507447,0.0900336746932374,0.134656323290637,0.113682655058109
GTATCTTCACAGGCCT-1,0.234784279160169,0.579960223291975,0.388440860215054,0.600650812789634,0.234325142177584,0.108047329089399,0.129412472187143,0.124692146917475
GTATTCTTCTTCGGTC-1,0.338746129681108,0.517244106945104,0.410301846762139,0.526708020396008,0.205936723616197,0.120017990589538,0.132647783991822,0.129537920843484
GTCACGGCACGGACAA-1,0.422910027798495,0.555664790833277,0.47399223684845,0.4506152214652,0.17140199460726,0.085870467755328,0.112598472547958,0.10019036968995
GTCACGGTCGTTTAGG-1,0.319128980495853,0.569032928786132,0.426786489223203,0.572715254877464,0.204735720425296,0.105429467663069,0.131589392025979,0.118408615892541
GTCATTTGTCGCGAAA-1,0.283239541663842,0.575575745248265,0.410579102174647,0.43966180978253,0.175240495001707,0.0604414613894271,0.0855854230561068,0.0724070450097847
GTCCTCATCCTAGGGC-1,0.224738400343526,0.57562094605284,0.383884227783403,0.488647093859407,0.180833402018156,0.107436110342282,0.127909074508389,0.116658013498942
GTCCTCATCTTGCAAG-1,0.277951047528646,0.561710398445092,0.401960075220599,0.595101471592312,0.232606059178843,0.12747947227604,0.139022190149738,0.136666799792324
GTCGTAAAGAAGATTC-1,0.304483919813773,0.545257305580039,0.406649308066927,0.550808431512123,0.226177159745199,0.128667312482701,0.128943412111372,0.130403237615986
GTCTCGTCAATACGCT-1,0.316868940267137,0.555337085000113,0.418541154346883,0.486903845315746,0.231381506905768,0.104057108589353,0.123338745564977,0.118002582637752
GTCTCGTCATCGGACC-1,0.28910434605736,0.532081271046625,0.392015044119774,0.557650682045993,0.220054398379823,0.130143463419135,0.134560105839197,0.135927952394265
GTCTCGTGTTCGAATC-1,0.271882839514543,0.576197256311162,0.4067577993153,0.562560832110638,0.228072860860248,0.113444505950733,0.131336821215948,0.125377744052611
GTCTTCGTCCCAAGAT-1,0.391495468619341,0.532024770040907,0.444687545204687,0.49187210366518,0.191383390832342,0.0877041239966787,0.125202958686632,0.105708428185364
GTCTTCGTCTACTATC-1,0.312405360815423,0.580898139986892,0.428154684411013,0.438296265089995,0.171814103545314,0.0447573576898238,0.0694689999398641,0.0563986847185058
GTCTTCGTCTCGTTTA-1,0.249067733405655,0.584988812800868,0.399374367134385,0.503464706480526,0.198000682923383,0.0769443675615832,0.111371700042095,0.0960834431620006
GTGCATATCCTAGAAC-1,0.305941645761295,0.570038646687911,0.42020468682193,0.500864360736232,0.207361443087756,0.110250023064858,0.1322388598232,0.121610287950797
GTGCGGTCATGAAGTA-1,0.405643320451104,0.53295138653468,0.452516996962245,0.375379519735026,0.157767076028212,0.052437955530953,0.098502615911961,0.073904708654499
GTGCTTCGTTGTGGAG-1,0.30390760955545,0.487490677334057,0.37372824147741,0.187006987521246,0.10622990968927,0.0251637604945106,0.0398460520776956,0.0327289428491553
GTGGGTCCAATAGCAA-1,0.307388071507673,0.520170859041291,0.393991995756787,0.184377587634557,0.109632752063488,0.02932696743242,0.0310902639966324,0.0276501990228577
GTTAAGCGTCGCCATG-1,0.258503401360544,0.598356950753723,0.409078306572159,0.416738091433386,0.170118569628749,0.0558284897130732,0.0767213903421733,0.0652382283637526
GTTAAGCGTTCCGTCT-1,0.251282572829796,0.515707279589577,0.366103717633444,0.514592443017563,0.185060462268483,0.0944390626441554,0.126862709723976,0.112198303979126
GTTCATTAGAAACGCC-1,0.276188216150247,0.545652812620065,0.392141617242876,0.572657146592675,0.229156118640276,0.143843989297906,0.137795417643875,0.143003581080182
GTTCATTAGCCAGGAT-1,0.272402648767148,0.569620539245599,0.402653213751868,0.511425541496579,0.211258816187639,0.0911869176123259,0.111540080582116,0.102633225501551
GTTCTCGAGTAGTGCG-1,0.390162044884399,0.570953962980541,0.464011041998168,0.465592631869489,0.176618116308917,0.0761025002306486,0.111756569847856,0.0920497357455702
GTTCTCGAGTGGAGAA-1,0.382398806698759,0.514746762492372,0.431120111866532,0.49413832677194,0.197588573985329,0.0941046221976197,0.125659991580973,0.110367826191142
GTTCTCGGTGACTCAT-1,0.271758537301964,0.567111894591724,0.400820917112686,0.527536063454247,0.217511097504975,0.102085063197712,0.127163389259727,0.117396860897001
GTTCTCGTCTTTACGT-1,0.274470585576423,0.564422446719552,0.401393509812431,0.506631608001511,0.216109927115591,0.0949349570993634,0.120969390823261,0.109269539518351
GTTTCTATCAACCATG-1,0.325784798969422,0.524939543923882,0.407577510969671,0.52381713322777,0.213284037254648,0.138400682719808,0.129292200372843,0.134623320952647
TAAACCGAGACTGGGT-1,0.285205776662825,0.525617555992497,0.386349390038092,0.557287505266063,0.225682629019534,0.148825998708368,0.132563593721811,0.14271736091697
TAAACCGCAGCTCGCA-1,0.292743010825593,0.588638777770244,0.422452866579874,0.450455423682031,0.175381789494754,0.0624135067810684,0.086415298574779,0.0745903057896348
TAAGAGACACTGAAGG-1,0.369595678803083,0.498180667615884,0.415804763971262,0.476008541917864,0.195645774705931,0.100781898699142,0.130506945697276,0.115300131794401
TAAGCGTTCCTTGCCA-1,0.293115917463331,0.563235925599476,0.409138579487921,0.475471040283568,0.185237080384792,0.0692753021496448,0.0917192855854231,0.0819787797702251
TAAGTGCCAGCGATCC-1,0.245542070648858,0.562772617352589,0.386409662953855,0.59038017345323,0.227790271874154,0.117319402158871,0.142028985507246,0.132207090272508
TACCTATGTTTAGCTG-1,0.244909259384817,0.589938300901756,0.400338733786586,0.590423754666822,0.22982726748225,0.112060614447827,0.140032473389861,0.128905573971271
TACCTTAGTTACTGAC-1,0.283974054738174,0.529346622369878,0.388163604802546,0.566163545767538,0.229532903955068,0.155099640188209,0.130976005773047,0.145299998668743
TACGGATGTGATGATA-1,0.286607001604629,0.588830881189685,0.419746612662134,0.461786539215829,0.1830116921193,0.0611103422824984,0.0848517649888749,0.0735053316825752
TACTCATCAATTCCTT-1,0.390783555947296,0.539934910841413,0.448689666811322,0.51584177114052,0.193702975426533,0.0972414429375404,0.126453785555355,0.111346299772355
TACTCATGTCCGACGT-1,0.244638054557371,0.519730151196691,0.364699358696176,0.513052573470663,0.187756832177466,0.0937701817510841,0.129208010102832,0.112790713154146
TACTCATTCGTTTAGG-1,0.25479693538545,0.551901823852465,0.385168040889146,0.585077792466261,0.234607731163678,0.129266998800627,0.137326357568104,0.138018025214
TACTTGTCATTGGTAC-1,0.283906253531313,0.607849119714331,0.428070302328945,0.485000798988916,0.184295117097811,0.063647476704493,0.0915148235011125,0.0786306694889306
TAGACCATCTAACTCT-1,0.425723777883246,0.512780527493389,0.453077535078837,0.249662245594666,0.126493894900446,0.0354506873327798,0.0655601659751037,0.0498622149446863
TAGAGCTGTGAGGGTT-1,0.240038872691934,0.557868330056275,0.381419065528714,0.544895913534872,0.202604528488502,0.0959382784389704,0.135353899813579,0.116797795439115
TAGCCGGCACCGAATT-1,0.368499559292155,0.531504960788302,0.433048845170934,0.463689585542659,0.206996432314051,0.0844404465356583,0.12442119189368,0.105568646245191
TATCTCAAGGAGTCTG-1,0.330259678622279,0.532725382511809,0.413351656299725,0.547859436059096,0.218818071565661,0.114643878586585,0.130807625233027,0.123540609981762
TATCTCATCTTCCTTC-1,0.399914118471309,0.506294212036974,0.435821399296012,0.4691372372416,0.192702139434116,0.0860895839099548,0.121125744181851,0.104104264014804
TATGCCCCACGCATCG-1,0.34765068818225,0.523583519786652,0.418083080187087,0.478594360590961,0.193761848131969,0.0938855060429929,0.123795778459318,0.109655603924544
TATGCCCGTCAAAGCG-1,0.261531855267024,0.560037968675842,0.392081344327113,0.579891628048869,0.230486641783136,0.130166528277516,0.139322869685489,0.139369250635675
TATTACCAGGGCTTCC-1,0.279646077700183,0.541121431961489,0.392635855152129,0.533622906285864,0.206984657772963,0.111172617400129,0.132359131637501,0.125377744052611
TATTACCTCACCTCGT-1,0.291816394331819,0.534770718918797,0.395101017406818,0.531356683179104,0.213001448268554,0.112072146877018,0.131721691021709,0.123773579882051
TCAACGACAAAGGCGT-1,0.277826745316067,0.518724433294913,0.379285404310719,0.565931112628383,0.230828103474667,0.157809761048067,0.133201034337603,0.147656322803094
TCAACGATCCTGCAGG-1,0.280086785544783,0.559913666463263,0.402201166883649,0.507633975914116,0.215827338129496,0.0975297536673125,0.125599855673823,0.11294380766005
TCAATCTGTGGTCCGT-1,0.29626867358239,0.558885348159197,0.409144606779498,0.557171288696486,0.223327720802082,0.126060983485561,0.131120331950207,0.127208221840595
TCAATCTGTTCGGCAC-1,0.284324360973625,0.535335728975976,0.39134601475481,0.545593212952337,0.222585924713584,0.12564581603469,0.134054964219135,0.132313590798355
TCAGATGCAGGGTATG-1,0.260514837164102,0.563145523990327,0.393756931385313,0.532606011302061,0.202145321386099,0.0985446074361103,0.132323050093211,0.118561710398445
TCAGATGGTGTTCTTT-1,0.260989445612132,0.579835921079395,0.402870196248614,0.530238098696922,0.213543077158568,0.101358520158686,0.135317818269289,0.121184285847411
TCAGCAACACATCCAA-1,0.306597057427622,0.551133410174701,0.411085394667052,0.565684152418031,0.220054398379823,0.126914383245687,0.136724998496602,0.136280735386131
TCAGGATTCGCGATCG-1,0.267238456844532,0.587282753633015,0.409928154684411,0.590031523744498,0.220643125434186,0.108358704677553,0.139395032774069,0.12653593727119
TCAGGTATCTCGCATC-1,0.285533482495988,0.544861798540014,0.395944838227494,0.525022880137136,0.20863309352518,0.0993518774794723,0.11310361416802,0.109043225900928
TCATTACAGCAACGGT-1,0.355865934413633,0.508192645829096,0.41411712232991,0.533869866496216,0.211247041646552,0.110619060798967,0.127981237596969,0.120545282692333
TCATTTGAGGATCGCA-1,0.254277126132845,0.567609103442041,0.393473648681229,0.522553278033616,0.193938466248278,0.0857205461758465,0.130927897047327,0.109176351558236
TCATTTGCATTAGGCT-1,0.265961534115307,0.561235789997062,0.395366218236173,0.568400714731903,0.228167057188946,0.121863179260079,0.133982801130555,0.131887588694969
TCCCGATAGGCGCTCT-1,0.311478744321649,0.520498564874455,0.397596316119389,0.543733747839098,0.214814727595992,0.124769351416182,0.135161464910698,0.133238814116645
TCCCGATGTACAGCAG-1,0.316733337853414,0.529708228806473,0.403605525820917,0.307988436451327,0.170130344169836,0.0513077774702463,0.0571170846112214,0.0522984144734215
TCGAGGCTCCGCATCT-1,0.295455059100052,0.537979976043574,0.398699310477844,0.556909801414937,0.227943340908288,0.149195036442476,0.130579108785856,0.141352822929563
TCGCGTTCATCGGGTC-1,0.267193256039958,0.581926458290958,0.406390134529148,0.512732977904325,0.214591011315334,0.0985330750069195,0.123723615370738,0.112078490887549
TCGCGTTTCTCCCTGA-1,0.273453567473501,0.565507266029335,0.401658710641786,0.487760942516379,0.212895477398768,0.0908986068825537,0.12468578988514,0.109183007841101
TCGGGACTCTACTATC-1,0.380093565665469,0.535708635613714,0.439823520902647,0.40571204439473,0.191618881654088,0.056139865301227,0.092440916471225,0.0741975851005764
TCGTACCCAGTTCCCT-1,0.323999367188736,0.548116256469365,0.416208592506871,0.308903641936749,0.131757114766452,0.0449188116984962,0.0494798244031511,0.0452028169389086
TCGTAGAAGGAGTCTG-1,0.243824440075033,0.570660157750808,0.390664930806693,0.458474366982873,0.170942787504857,0.0735307685210813,0.107968007697396,0.0916237336421849
TCGTAGAAGTGAACAT-1,0.37463556851312,0.565631568241915,0.454674767346545,0.479436930720397,0.168964664602197,0.0786972967985977,0.116074327981238,0.0989057070969288
TCGTAGATCACGCGGT-1,0.250423757542884,0.557020814970506,0.385806933796229,0.53713845751558,0.195316087555488,0.0904257772857275,0.132671838354682,0.112837307134204
TCTATTGTCCGCAGTG-1,0.427441408457071,0.558693244739756,0.478205313660254,0.453070296497523,0.170554227648977,0.0770250945659194,0.110277226531962,0.0947388740231905
TCTATTGTCTAACTTC-1,0.381483490406129,0.541652541415237,0.445320410820194,0.365312259395383,0.170848591176159,0.0497970292462404,0.0835528293944314,0.0667292357256014
TCTCATAAGATTACCC-1,0.292336203584424,0.517504011571406,0.386090216500313,0.550314511091419,0.223786927904485,0.155687794076944,0.133152925611883,0.146338378795745
TCTCTAAGTGTAAGTA-1,0.339774447985174,0.414491377946527,0.365175514730701,0.167250170693087,0.0580838111834591,0.0425200664267921,0.0506584881832942,0.0408163265306122
TCTGAGAGTGTGACGA-1,0.294957850249734,0.542002847650688,0.400459279618111,0.487877159085957,0.194915753158521,0.104207030168835,0.12812556377413,0.118634929509964
TCTGGAAGTAGAAAGG-1,0.23620810450426,0.570049946889055,0.385463378176383,0.412496186643811,0.149760388088874,0.0513885044745825,0.069829815382765,0.0582025373750283
TCTGGAAGTTTACTCT-1,0.27632381856397,0.557303319999096,0.399199575678673,0.560251027790287,0.223869349692096,0.117896023618415,0.131553310481689,0.128552790979405
TCTTCGGGTGGTCTCG-1,0.276843627816575,0.587644360069609,0.414804233569603,0.524804974069178,0.195787069198978,0.0987060614447827,0.13216669673462,0.118362021912483
TGAAAGATCGAACTGT-1,0.284945872036522,0.53187786742604,0.388772361251748,0.240001743248544,0.107372040174734,0.0401905157302334,0.0382825184917914,0.0342399190596004
TGACTTTTCATAAAGG-1,0.292370104187855,0.582084661106968,0.419722503495829,0.604326161802519,0.225352941869091,0.113640557246979,0.141920740874376,0.129917328966812
TGAGAGGAGTACCGGA-1,0.243315931023572,0.603012633624879,0.405118376006558,0.528015456803754,0.20050866017497,0.0891226127871575,0.125900535209574,0.109875261259102
TGAGAGGTCCTCAACC-1,0.266311840350758,0.552952742558818,0.391472587877911,0.551273297790432,0.203464069987872,0.103526616846573,0.130362619520115,0.119080900461946
TGAGCATCAGGAATGC-1,0.271442131669944,0.56558636743734,0.400796807946381,0.556938855557331,0.198695380847531,0.0951886705415629,0.136147693787961,0.116258636527018
TGAGCCGCATTTCACT-1,0.249824846882274,0.56571066964992,0.389893437484932,0.595159579877101,0.233889484157355,0.127940769443676,0.13590715015936,0.136573611832208
TGAGGGAAGTGCCATT-1,0.376850407937261,0.534861120527945,0.438841072375717,0.468396356610544,0.23068680898162,0.0941968816311468,0.134451861206326,0.116817764287711
TGAGGGAGTGCGAAAC-1,0.329084457703347,0.557020814970506,0.425761849655239,0.522306317823264,0.187556664978982,0.0909332041701264,0.125587828492393,0.107299279790194
TGATTTCAGAGCTGGT-1,0.265746830293579,0.538307681876737,0.383805872992912,0.543719220767901,0.208279857292562,0.115474213488329,0.131553310481689,0.126961939374576
TGATTTCGTATGAATG-1,0.349402219359505,0.530408841277375,0.422675876368195,0.503566395978907,0.204111669747672,0.0993864747670449,0.130446809790126,0.116251980244152
TGATTTCGTGTGTGCC-1,0.291025380251768,0.507119126720456,0.379610878055837,0.555704054505571,0.229862591105512,0.152458713903497,0.139840038486981,0.148528295858461
TGATTTCTCTGTCCGT-1,0.286177593961172,0.544703595724004,0.39801219923815,0.528131673373331,0.213966960637709,0.108347172248362,0.130976005773047,0.121344036636181
TGCACCTTCAGAGCTT-1,0.316778538657988,0.541855945035822,0.410151164472733,0.352136205819545,0.150831871327815,0.0430851554571455,0.0536292019965121,0.0469667318982387
TGCCCATAGGCTCATT-1,0.318733473455828,0.557913530860849,0.42123535368147,0.493862312419193,0.176029389254554,0.0975989482424578,0.130627217511576,0.113496279137878
TGCCCATCATTACGAC-1,0.259350916446313,0.595328496847244,0.409222961569989,0.522698548745587,0.201815634235656,0.0915905526340068,0.125335257682362,0.111000173063354
TGCCCTACATTTCACT-1,0.295997468754944,0.541935046443827,0.401483919186075,0.524935717709953,0.2107407363798,0.107436110342282,0.132876300438992,0.121849914133951
TGCCCTATCCGTTGTC-1,0.260356634348091,0.566637286143693,0.395480736776122,0.569708151139649,0.227872693661765,0.118691761232586,0.134271453484876,0.130349987353063
TGCGCAGAGAGGTTAT-1,0.294686645422289,0.536827355526928,0.398373836732726,0.530049246771358,0.209162947874107,0.110642125657348,0.133489686691924,0.123826830144974
TGCGCAGCAATCTGCA-1,0.304958528261803,0.576479761339752,0.422434784705145,0.371558900010169,0.15429358640747,0.0505005074268844,0.066426123038066,0.0565251540929483
TGCGTGGGTCTCCACT-1,0.375618686012611,0.568693922751825,0.456259945031101,0.511381960282987,0.175499534905627,0.0914290986253344,0.126020807023874,0.110787172011662
TGCGTGGGTCTGATTG-1,0.298709517029403,0.543132867765046,0.403189642702155,0.556401353923036,0.226707014094126,0.152158870744534,0.130254374887245,0.14180545016441
TGCTACCTCTCTAAGG-1,0.400693832350216,0.514690261486654,0.441071170258932,0.440504379911966,0.192348903201498,0.0710743611034228,0.117240964579951,0.0941065271509778
TGGACGCTCGTACGGC-1,0.296799783036138,0.52988903202477,0.394787598244853,0.545941862661069,0.222821415535329,0.12356997878033,0.132587648084671,0.130017173209793
TGGCCAGGTACACCGC-1,0.328361244830158,0.519526747576107,0.405672886831573,0.534407368130511,0.211823994159828,0.127121966971123,0.133176979974743,0.133391908622549
TGGCCAGTCTCTAGGA-1,0.376217596673221,0.535957240038873,0.438907372583056,0.530732019117626,0.201450623461951,0.102281114493957,0.127488123158338,0.114594565810669
TGGCTGGAGTTCGCGC-1,0.253237507627636,0.58354238705449,0.400001205458315,0.581446024666967,0.227083799408918,0.115497278346711,0.138084069998196,0.130769333173583
TGGGAAGAGCTAGTCT-1,0.303319999095984,0.58111284380862,0.42377887072665,0.407368130511208,0.16353660116097,0.0565089030353354,0.07924709844248,0.0673149886177563
TGGGAAGGTAGGCATG-1,0.420299681334328,0.565993174678509,0.477988331163508,0.457007132791958,0.174121913598417,0.0700941046221976,0.10549040832281,0.0892407843763729
TGGGAAGGTCCTCTTG-1,0.289206047867652,0.536409248084616,0.394733352620666,0.548905385185293,0.21662800692343,0.12343158963004,0.133080762523303,0.131108803599718
TGGGCGTTCAACACGT-1,0.344328429046037,0.562987321174317,0.437213703650128,0.551505730929587,0.193514582769137,0.100528185256943,0.128065427866979,0.114168563707283
TGGTTCCGTTGTGGCC-1,0.27386037471467,0.565236061201889,0.40170090168282,0.484318026642649,0.212895477398768,0.0898837531137559,0.12456551807084,0.108637192646139
TGGTTCCTCGTGGGAA-1,0.295003051054309,0.591328225642416,0.426304305897102,0.489809259555181,0.193856044460667,0.0715125934126764,0.104456070719827,0.089680099045489
TGTATTCTCCACGCAG-1,0.26076344158926,0.579180509413068,0.401272963980906,0.583857518485698,0.228779333325484,0.118599501799059,0.138877863972578,0.133298720662433
TGTGGTAAGCGTCAAG-1,0.268334576355459,0.512091215223631,0.369569410289792,0.214898964219824,0.103721932437683,0.0477903865670265,0.0432858259666847,0.0426201791871347
TGTGTTTCACTTGGAT-1,0.305037629669808,0.515029267520962,0.390875886011862,0.546522945508956,0.223233524473384,0.140038287664914,0.138637320343977,0.141013352503428
TGTGTTTTCTCTTGAT-1,0.373742852622777,0.538895292336204,0.439214764453445,0.533375946075512,0.200002354908217,0.101174001291632,0.127307715436887,0.11394225008986
TGTTCCGCAGCCAATT-1,0.373799353628495,0.560659479738739,0.451142774482858,0.504830251173061,0.177242166986542,0.0956038379924347,0.125166877142342,0.112457899010876
TGTTCCGGTCAATACC-1,0.267114154631952,0.566592085339119,0.398988620473504,0.572250388599155,0.227707850086543,0.121078974075099,0.136556617956582,0.132786186881798
TTAACTCCACAGAGGT-1,0.404355097520736,0.543065066558185,0.458447851873282,0.404622514054941,0.164702280728609,0.0517690746378817,0.103301461302544,0.0759947814742335
TTAGGACCACAGACAG-1,0.387314394196217,0.525606255791353,0.438599980712667,0.317663465868646,0.201603692496085,0.0611680044284528,0.0845991941788442,0.0722672630696114
TTAGGCATCATATCGG-1,0.333186430718467,0.547901552647637,0.422621630744009,0.540131034182199,0.220643125434186,0.126533813082388,0.130158157435805,0.126642437797037
TTAGTTCGTCCAGTGC-1,0.280380590774516,0.580355730332,0.41299001880515,0.526911399392768,0.197223563211624,0.0993172801918996,0.133429550784774,0.119466964868139
TTATGCTAGTAGCGGT-1,0.289375550884806,0.528770312111556,0.389827137277593,0.557403721835641,0.227072024867831,0.135725159147523,0.13569066089362,0.13803133777973
TTCGGTCAGGATGGTC-1,0.422152914321875,0.509356566546885,0.449852934085539,0.258131528102619,0.220219241955045,0.0711204908201864,0.0805580612183535,0.0751560898331936
TTCTCAAAGACAAAGG-1,0.235224987004769,0.579847221280539,0.389170162495781,0.604878190508012,0.236067774258498,0.115070578466648,0.132719947080402,0.128912230254137
TTCTCAAAGTGGGTTG-1,0.256537166361561,0.589859199493751,0.405636723082116,0.522930981884742,0.203770208056141,0.0928591198450042,0.129328281917133,0.113130183580281
TTCTCAATCCGCTGTT-1,0.357176757746288,0.53490632133252,0.42859467669608,0.495925156529192,0.202180645009361,0.105556324384168,0.125335257682362,0.11545988258317
TTGAACGAGATATGGT-1,0.28253892919294,0.557054715573937,0.401260909397753,0.316312448247309,0.140117038938407,0.0473290893993911,0.0690119670455229,0.0561923399496785
TTGAACGCATATGCTG-1,0.261079847221281,0.58294347639388,0.404726602054101,0.5370367680172,0.213342909960084,0.0996632530676262,0.142618317397318,0.123314296364338
TTGCCGTTCACGCGGT-1,0.291330485682645,0.532081271046625,0.392702155359468,0.554846957304938,0.223021582733813,0.131342836054987,0.133393469240483,0.135701638776841
TTGCGTCAGCCACGCT-1,0.327491129342102,0.569869143670757,0.432066396644004,0.475674419280329,0.174863709686915,0.0923055632438417,0.117758133381442,0.104796517432805
TTGTAGGAGTCATGCT-1,0.264503808167785,0.571586774244582,0.400471334201263,0.541176983308395,0.197258886834886,0.0951310083956085,0.132731974261832,0.116684638630403
TTGTAGGGTAATCACC-1,0.217076863968179,0.561868601261102,0.37181156275616,0.501794093292851,0.166256520152127,0.0974144293754036,0.129616934271453,0.109888573824833
TTTATGCGTCACCTAA-1,0.36460098989762,0.523685221596944,0.426611697767491,0.528509377224458,0.208009042847555,0.10909678014577,0.128726922845631,0.119846372991467
TTTCCTCGTGACGGTA-1,0.263181684633987,0.604233055348385,0.415744491055499,0.514287374522423,0.221514441474644,0.103272903404373,0.133044680979013,0.120938003381392
TTTGTCAAGTCACGCC-1,0.239586864646191,0.56849051913124,0.387235401899802,0.443729389717739,0.168269966678049,0.0637166712796383,0.0982259907390703,0.0809337433603578
TTTGTCAGTGCCTTGG-1,0.337344904739304,0.583440685244197,0.443385650224215,0.579542978340137,0.211482532468297,0.100032290801734,0.135293763906429,0.118342053063887
