Cellname,M1_UP,M1_DN,TCells_Myeloid_S1,TCells_Myeloid_S2,Myeloid_Myeloid_S1,Myeloid_Myeloid_S2,Glioma_Myeloid_S1,Glioma_Myeloid_S2
AACCATGAGGACTGGT-1,0.209443953227297,0.0640320800099428,0.207152392327689,0.196136743691092,0.147254759574401,0.221338211310442,0.260198131103773,0.181626536625013
AACCATGGTATAGGTA-1,0.20497001367681,0.0585672196106241,0.231546406239022,0.182977348738218,0.103021500962965,0.23129986335787,0.265453523501721,0.183853161299062
ACATCAGAGAGGGCTT-1,0.210391064042574,0.0589693163624135,0.215400829059229,0.211272423228945,0.141697976194235,0.238688455943933,0.256994309000211,0.202707507873616
ACTATCTCAGTTTACG-1,0.19512138582844,0.0684149346044465,0.229396472985316,0.0849137275767711,0.0421178922110315,0.164560100498083,0.259903042225813,0.0792525991398286
AGAATAGTCCTCAACC-1,0.212043540604893,0.0589985597625436,0.212070540293684,0.22850790513834,0.137467243393427,0.250991757394102,0.260240286657767,0.210801246232517
AGAGCTTGTATATCCG-1,0.200840478059151,0.0590826345379177,0.246750509379611,0.150435162663424,0.059577558172576,0.223409882311456,0.267139745661491,0.168918690101256
AGCTCTCCACGCTTTC-1,0.198346861122426,0.0711016719914024,0.234623761680601,0.146900653694132,0.0829097338427051,0.205745581169833,0.280081500737722,0.123869755155948
AGGCCGTTCGCCGTGA-1,0.214470926016074,0.0551274646703172,0.177067378627134,0.192402705989662,0.146781170081773,0.205414995371799,0.223803836155413,0.173846049646111
AGTTGGTGTGGTGTAG-1,0.200764311804776,0.0589546946623484,0.247200168622216,0.148107327455154,0.0551573895747166,0.222561378763168,0.266704138270217,0.167758813369908
ATGGGAGAGTCCAGGA-1,0.195816816846651,0.0725528757228603,0.221372865875079,0.124515430221952,0.107820541154927,0.179028738925376,0.263177123586032,0.104812218497071
ATTTCTGCAAGCCTAT-1,0.202486331468916,0.0581614674338185,0.237335768987564,0.153399589540894,0.0567675938496511,0.222142636752325,0.255715590529052,0.173549730773138
CACAAACGTCCGACGT-1,0.210917604670647,0.0635495639077956,0.208515421906836,0.204897005168744,0.137846114987529,0.22819786661965,0.262811775451416,0.187324325239595
CACACTCTCCTACAGA-1,0.218418324938487,0.0596638471155041,0.167540223424436,0.17656392520523,0.403245666656142,0.137341869793274,0.206534110869107,0.166438077821802
CAGATCACAAGTCTAC-1,0.225925668358882,0.0540747022656324,0.14460760205157,0.202046594709638,0.548448205095823,0.123363600299731,0.172303801025785,0.188704324562295
CATATGGCATAGTAAG-1,0.185140294928983,0.0771952654935189,0.249265790767934,0.0904625266038309,0.0287942411517696,0.180516375016529,0.292924892854634,0.0733346879338955
CATCAGAAGCGTGAAC-1,0.210165876855725,0.0602158162929604,0.221864680671678,0.217638339920949,0.134530988539134,0.246352536695024,0.268362256727324,0.202309593958481
CATGCCTCACTCTGTC-1,0.216871818817039,0.0586074292858031,0.192945970631631,0.212792642140468,0.214346604363338,0.216010270198792,0.23848802079674,0.201750821226591
CCACCTACAATCACAC-1,0.216014120561246,0.0622080229268257,0.176364786060563,0.154739282456674,0.280301834369968,0.146096883677877,0.213447621724162,0.146415388262386
CCACCTACACCGCTAG-1,0.203380457063758,0.0581029806335583,0.234736176491253,0.157608695652174,0.0633031288479146,0.222897474324503,0.253874798004637,0.177020894713671
CCCAATCCACGAAATA-1,0.208748522209086,0.0612466461475476,0.21660928827373,0.198540589844938,0.125027626053737,0.23072133821131,0.266085856811635,0.181736597920688
CCCTCCTCATGCCTTC-1,0.16978782730792,0.0850142196033133,0.229522939647299,0.0142425509273335,0,0.118250539956803,0.268390360429987,0.0126909140167293
CCGTGGATCACCATAG-1,0.200655029787629,0.0686561926555201,0.234539450572613,0.167642140468227,0.153664004041297,0.207877859567153,0.276961989742149,0.154085813945613
CCTTCCCGTCCTCCAT-1,0.202926771113782,0.0680091824276409,0.217958266001546,0.149475524475524,0.150506740757112,0.189706660201878,0.262291856952153,0.131574045853229
CGAATGTAGCCTATGT-1,0.208175619513132,0.0567504733775396,0.225251176842549,0.202521663119489,0.114608657215925,0.241878608894962,0.257148879364856,0.207871922516848
CGATCGGAGGAGTCTG-1,0.214851757287952,0.0592909937638449,0.201896999929741,0.225714502888416,0.175891137561961,0.237123683166571,0.250193212955807,0.211690202851434
CGATCGGCAAAGGCGT-1,0.20303605313093,0.0591228442130967,0.240848731820417,0.159860519914868,0.0747639945695072,0.223464979944462,0.264020234665917,0.170366419452064
CGATGGCAGTCGTTTG-1,0.216792340986386,0.0581358794587047,0.191526733647158,0.209590681058072,0.203769772361317,0.214594261030546,0.236633176420993,0.198796098750381
CGGACACAGGAGTAGA-1,0.212242235181524,0.0601938837428628,0.204342022061407,0.213248707813925,0.154674328292236,0.231669017499008,0.260043560739127,0.197814013342816
CGGACGTAGCGGATCA-1,0.207745114597097,0.063637294108186,0.216890325300358,0.176630434782609,0.173554762731664,0.203436990346895,0.255631279421064,0.167157709370449
CGGAGCTGTCGCGTGT-1,0.210576512314096,0.0594225890644305,0.21312442914354,0.205894648829431,0.156884412591166,0.229828756556618,0.259860886671819,0.193250702699042
CGGGTCAGTACCATCA-1,0.199469485480394,0.0697491647353838,0.225349539801869,0.15366562785041,0.0763741988444416,0.207712566668136,0.272057893627485,0.130202512784043
CGTCTACAGGTGTTAA-1,0.207831215580304,0.0622226446268908,0.221077776997119,0.187671024627546,0.125217061850788,0.224330012782651,0.265116279069767,0.173355006942328
CGTGTAAGTTGGTAAA-1,0.209745306668521,0.0647960638383425,0.206899459003724,0.186492854971116,0.226470495374609,0.196698549830299,0.248577250052694,0.175894882996376
CTAGCCTGTCAGAAGC-1,0.217149991224323,0.0590936008129665,0.195095903885337,0.20656924597142,0.321219966533009,0.191905055758805,0.242029087332256,0.185478681973653
CTCGGAGGTTCCAACA-1,0.212318401435899,0.0581614674338185,0.210890184781845,0.226142064457282,0.143371325734853,0.248539912725349,0.256361975690297,0.214289342680077
CTGCGGAAGGATATAC-1,0.182192992042282,0.0742380266553592,0.236225672732382,0.0665380814837337,0.01243961733969,0.160356151099749,0.269978219630436,0.067137390362017
CTTCTCTTCTTGCCGT-1,0.182792387348454,0.0811650570611845,0.221527436239725,0.0546898753420493,0.0891926877782338,0.12626173579583,0.262783671748753,0.0502387483490806
GAACATCAGTCTCCTC-1,0.210205615771051,0.0649349699889606,0.211199325511136,0.210265278200061,0.126890411391406,0.229806717503416,0.262544790276119,0.187315858986081
GAAGCAGCAAGGACTG-1,0.200794115991271,0.0591264996381129,0.247115857514227,0.150273639404074,0.0590092507814227,0.223509058050866,0.267547249350102,0.168715500016933
GACTGCGTCATCATTC-1,0.212344894046117,0.052287199432678,0.166950045668517,0.185837260565521,0.0998326650459382,0.205640895667122,0.214473406871355,0.160020657658573
GATTCAGAGACTAAGT-1,0.152782883124538,0.0859097987322986,0.233330991358111,0.0086747491638796,0,0.117198175166395,0.266788449378206,0.00772968945782113
GCTGGGTGTATGAAAC-1,0.193704031181802,0.077264718568828,0.245879294597063,0.146245059288538,0.0576200549363811,0.210401331158813,0.290634441087613,0.120881167665685
GGAAAGCCAAGCTGGA-1,0.201241178788692,0.0700086999115387,0.209583362608024,0.152078899361508,0.160010103242509,0.184378719090228,0.254155835031265,0.133453554133225
GGAAAGCCATACAGCT-1,0.210129449516675,0.0586951594861935,0.204552799831378,0.1658178777744,0.136235910712594,0.194896857231013,0.231672872901005,0.163788140472078
GGACGTCGTACTTGAC-1,0.215308754814204,0.0570867724790361,0.190205859622005,0.205505092733354,0.187352003283554,0.212919292987173,0.240469331834469,0.191489721968235
GGATTACCAAAGGTGC-1,0.210040036957191,0.0585891521607217,0.216440666057753,0.214740422620857,0.132699775834307,0.243840084629964,0.256952153446217,0.206695113278472
TAAGTGCAGGTGCAAC-1,0.206658917578178,0.0601207752425374,0.227794561933535,0.203652325934935,0.126511539797304,0.238655397364129,0.273519286165952,0.189220766026618
TACACGATCACAGTAC-1,0.211189153925377,0.0582418867841764,0.209751984824001,0.201352994831256,0.13838284974584,0.229382465729272,0.244347642801939,0.2036387957601
TACTCATTCCCAGGTG-1,0.203906997691831,0.0590789791129015,0.238375605986089,0.176706445728185,0.0922868057967354,0.231817781108124,0.26524274573175,0.184157946425548
TCGGTAATCTGGCGAC-1,0.205552851101596,0.0657574406176206,0.200815007377222,0.120011781696564,0.0594828402740505,0.176103054612774,0.220122251106583,0.130845948051068
TCGTACCCACAGCCCA-1,0.209258504955774,0.0607495083453353,0.223016932480854,0.213942307692308,0.129258358854545,0.244589412438842,0.270371671467716,0.196611805343899
TCTATTGAGATACACA-1,0.227396008225955,0.0574669366807279,0.150144031476147,0.186758893280632,0.381018533135478,0.143942566227355,0.196163844586524,0.18149954282231
TGAGCATGTCTCCACT-1,0.206162181136599,0.0606617781449449,0.227387058244924,0.202379142596534,0.126511539797304,0.236952880504254,0.275163352771728,0.186460767381218
TGCCCATAGAGCTATA-1,0.208569697090118,0.05820898795903,0.220066043701258,0.206578747339617,0.124585609193951,0.241311103275003,0.2565868053116,0.206026279250906
TGCGTGGGTCGACTAT-1,0.204267959506045,0.0580189058581841,0.235832220895103,0.168136211614472,0.0927288226565213,0.222853396218098,0.262783671748753,0.172068136408277
TGGGAAGTCCTATTCA-1,0.197687857443264,0.0670002851231513,0.225082554626572,0.111051991486774,0.0601142929308875,0.180411689513818,0.263978079111923,0.0962020386738461
TGTATTCAGTGGGTTG-1,0.205009752592136,0.0665104581709715,0.216370406801096,0.170083992094862,0.153000978751618,0.203855732357738,0.261153656994309,0.152265569440211
TTAGGACGTGGCAAAC-1,0.192654261501932,0.0683418261041211,0.227415161947587,0.0715928093645485,0.0540839200580936,0.15135870762992,0.254043420220614,0.078676893900911
TTCTACAGTCAGCTAT-1,0.201833950942309,0.0617949598999876,0.223340125061477,0.129627166311949,0.129763520980015,0.176108564376074,0.248492938944706,0.135629381286193
TTGGCAAGTGAGGGTT-1,0.219507833533684,0.0592251961135521,0.167891519707721,0.160839160839161,0.449531146402298,0.125126724555913,0.205803414599874,0.158606793321819
