Cellname,T_UP,T_DN,TCells_TCells_S1,TCells_TCells_S2,Myeloid_TCells_S1,Myeloid_TCells_S2,Glioma_TCells_S1,Glioma_TCells_S2
AAACGAAAGGGAGAAT-1,0.0791716026538478,0.0678582726985131,0.212449940279632,0.58274415817855,0.204332583328973,0.575574834250247,0.22440251572327,0.62885825591849
AAACGCTCAAATCCCA-1,0.103275537410703,0.046316434672572,0.464708775381156,0.0607948871579788,0.410988435979279,0.0536747072929891,0.423476272155517,0.0570122864848666
AAAGTGAAGCGTACAG-1,0.125894596684975,0.0554676790045344,0.475809737932973,0.0830037946874376,0.407723300716865,0.073282550430244,0.415002858776444,0.0778393766856458
AACAAGATCTGAGGCC-1,0.110236503134556,0.0473676579141622,0.482793508044685,0.0592770121829439,0.420166396316258,0.0523346029059106,0.431926815323042,0.0555888522625112
AACCCAAGTTTGGGTT-1,0.12119521054229,0.0529730834124222,0.479800463711094,0.0647094068304374,0.423138506619225,0.0571307659754549,0.416603773584906,0.0606832484267306
AACCTTTGTGGCCTCA-1,0.0660133214543295,0.0747785510914268,0.104208529473758,0.540283602955862,0.111202972110303,0.533291014247426,0.133939393939394,0.588814803715913
AAGAACATCGACGTCG-1,0.101350094477242,0.0498029368343351,0.449546827794562,0.0693029758338326,0.396954633457171,0.0778318521653266,0.4126243567753,0.064991009889122
AAGCCATTCCCAGGAC-1,0.102459671760932,0.0471303912264051,0.46394997540926,0.0621529858198522,0.410004709329705,0.0548737480603752,0.424322469982847,0.0582858855259215
AAGGAATAGCGCTGCT-1,0.111026261083535,0.0466393809975746,0.491730485491463,0.0943479129219093,0.437946732248443,0.0832980674284102,0.432601486563751,0.0885900509439616
AAGGAATGTTTCACTT-1,0.118963002124514,0.0573855847305705,0.421906836225673,0.0601158378270421,0.377332426351316,0.0530751869092961,0.37767867352773,0.0707222055738687
AAGTGAAGTTGGCTAT-1,0.121260479794271,0.0526402509754297,0.48721984121408,0.0664669462752147,0.429469938778714,0.0586824657920722,0.423647798742138,0.0623314354210369
AATCGTGGTGCTCGTG-1,0.126690881559152,0.0585356690920595,0.437841635635495,0.095226682644298,0.38113128564701,0.0840739173367189,0.389022298456261,0.0893017680551393
ACAAGCTCAACCTATG-1,0.0735258123574275,0.0488406886006538,0.358294105248366,0.366167365688037,0.32526817016378,0.37082099026661,0.338856489422527,0.431974827689541
ACAGCCGCATAAGCGG-1,0.0676581066042693,0.0832839027733839,0.154879505374833,0.641142400639105,0.153178797551149,0.63968824940048,0.182595769010863,0.671935870542403
ACATGCAGTGTTCCAA-1,0.108206629397924,0.0476016292312559,0.477861308227359,0.0614739364889155,0.416943121762336,0.0542742276766822,0.429994282447113,0.0576490860053941
ACATTTCAGTCCGTCG-1,0.107560463803305,0.0469952810292102,0.479041663739198,0.0592370681046535,0.420752446235153,0.0522993370009874,0.433241852487135,0.0555513934671861
ACCAACACAATTGAGA-1,0.101431681042219,0.0474961773700306,0.466001545703646,0.0736968244457759,0.410214012872168,0.065065594583157,0.422389937106918,0.0691114773748876
ACCCTTGGTCGACTTA-1,0.0932926053200967,0.053015923231045,0.438656643012717,0.136409027361694,0.39169064936424,0.153230356890958,0.40229845626072,0.127921786035361
ACGTAGTAGACTGAGC-1,0.125806483194799,0.057560239375725,0.45897562003794,0.0840423407229878,0.398053477055099,0.0741994639582452,0.405340194396798,0.0788133053640995
ACGTAGTAGAGGTTAT-1,0.0719169252960776,0.0702902562480228,0.143427246539732,0.667185939684442,0.14135314740202,0.66670193257159,0.166552315608919,0.698231944860653
ACTTTCACAAGAATAC-1,0.119866981264461,0.0503005378044922,0.487641396754022,0.0687038146594767,0.425315263460834,0.060657356467767,0.427341337907376,0.0644291279592448
AGAGCCCCACTTGAAC-1,0.0899769273194245,0.0669026152061584,0.380973793297267,0.310964649490713,0.345696195908116,0.336507264776414,0.359977129788451,0.316451902906803
AGCGATTAGTACTGTC-1,0.105693763196627,0.0465965411789518,0.473308508395981,0.0598362292790094,0.417026843179321,0.0528283255748343,0.42863350485992,0.0561132753970632
AGCGTATCAGGTGACA-1,0.119775604311687,0.0532498945481388,0.480699782196304,0.0729378869582584,0.413814033802522,0.0643955423896177,0.425020011435106,0.0683997602637099
AGGAGGTAGTTGAAAC-1,0.125010198320622,0.0581237477591479,0.43938733928195,0.0805672059117236,0.387808068651562,0.0711313302299337,0.388976558033162,0.0755543901708121
AGGCTGCCAACCTAAC-1,0.119517790766359,0.0488176210060108,0.488779596711867,0.0627521469942081,0.423703626183873,0.055402736634222,0.43156089193825,0.0588477674557986
AGGCTGCCAATCCTTT-1,0.104342689680605,0.0468700569440051,0.4695145085365,0.0591172358697823,0.414598922086756,0.0521935392862181,0.428073184676958,0.0554390170812107
AGGCTGCGTACGTTCA-1,0.0696945072660995,0.0761856743646525,0.163352771727675,0.596405032953865,0.147517136727539,0.61313302299337,0.171858204688393,0.657102187593647
AGGGCTCTCTCACGAA-1,0.0697956746066712,0.0782090319519139,0.151478957352631,0.675014979029359,0.147171785882476,0.668782620962054,0.173001715265866,0.712091699130956
AGTAGCTAGCTACAAA-1,0.104414485857785,0.0461154170621111,0.465959390149652,0.0619932095066906,0.410946575270786,0.0547326844406828,0.423567753001715,0.0581360503446209
AGTCAACCATACCACA-1,0.0869451705648727,0.0683459875566804,0.359544720016862,0.38681845416417,0.317220448956099,0.388665538157709,0.339073756432247,0.424033563080611
AGTGACTGTGGTTTAC-1,0.0939322439895178,0.0521031055573131,0.462825827302747,0.140563211503895,0.409146564805609,0.131189166314008,0.416489422527158,0.131817500749176
AGTGTTGGTACGGCAA-1,0.0725989889792868,0.0654164030370136,0.132635424717206,0.648052726183343,0.127507718068128,0.650620679926647,0.150485991995426,0.675756667665568
ATCAGGTTCTGTCTCG-1,0.125633519677048,0.0568912791310767,0.463556523571981,0.0844817255841821,0.398806969807964,0.0745873889123995,0.408038879359634,0.0792253521126761
ATCGGCGCAACAAGTA-1,0.0748442512474586,0.0846580723399768,0.172275697323122,0.535090872778111,0.16286955156716,0.54961912822683,0.196272155517439,0.575854060533413
ATGCATGGTCATGCAT-1,0.115265498999749,0.0475489033006433,0.487149581957423,0.0594367884961055,0.422824551305531,0.052475666525603,0.433310463121784,0.0557386874438118
ATGGGAGAGAGGACTC-1,0.122931372645004,0.0556950595803016,0.47528981943371,0.0786099460754943,0.412484956307886,0.0694033008887008,0.415334476843911,0.0737189091998801
ATGGTTGTCGCCTATC-1,0.07519670520816,0.0760802225034272,0.162551816201785,0.628759736369083,0.159541625242007,0.641768937790944,0.184962835906232,0.602075217261013
ATGTCTTAGTCGGCAA-1,0.119142492567464,0.0481387746493726,0.492910841003302,0.0746554823247454,0.436052535189158,0.0659119763013119,0.429136649514008,0.0704599940065928
CAACCTCCATTCTTCA-1,0.100243780656152,0.0470117578825266,0.46305065692405,0.0681445975634112,0.40827795510439,0.0601636337988433,0.419977129788451,0.0639047048246928
CAACCTCGTGAAAGTT-1,0.070353726711115,0.0667213698196773,0.166626853087894,0.639225084881166,0.163476531840301,0.640393567498942,0.182264150943396,0.673246928378783
CAACGGCGTAATGTGA-1,0.123991997989707,0.0525974111568069,0.48373498208389,0.0754943079688436,0.416566375385903,0.0666525603046974,0.426266437964551,0.070797123164519
CAAGAGGGTGAACTAA-1,0.124432565440584,0.0527885426552779,0.482610833977377,0.0747753145596165,0.415362880016744,0.0660177740160812,0.423270440251572,0.0701228648486665
CAAGAGGTCTTCGATT-1,0.0754936803046769,0.0527951333966045,0.37802290451767,0.359896145396445,0.337188006907017,0.36482578642968,0.351126357918811,0.423921186694636
CAATCGACACCAGTTA-1,0.0675210411751076,0.084480122324159,0.131890676596642,0.641541841422009,0.128784469677149,0.656474820143885,0.159451114922813,0.662758465687743
CAATGACAGGCCACTC-1,0.0823404248375612,0.0700200358536328,0.319890395559615,0.415977631316157,0.281283030715295,0.415926082663281,0.309925671812464,0.45403805813605
CACAACAAGTTCCAGT-1,0.111571259337582,0.0475554940419698,0.48046090072367,0.0572398641901338,0.418722201873267,0.0505360417548314,0.431515151515152,0.053678453700929
CACGAATCACCCTAAA-1,0.0816028822901675,0.074702757566171,0.236014894962411,0.552586379069303,0.209502380827796,0.565911976301312,0.231538021726701,0.579225352112676
CACTGGGTCCTGGCTT-1,0.0975971124882923,0.0473379995781926,0.452989531370758,0.0672258837627322,0.402124430955994,0.0710255325151643,0.413710691823899,0.0630431525322146
CAGATCACAGATTAAG-1,0.0803595030399154,0.071420568385532,0.300400477762945,0.446534851208308,0.262037569985872,0.443821413457469,0.292864493996569,0.476176206173209
CAGCACGAGGGATGTC-1,0.121234372093479,0.0587630496678266,0.396487037167147,0.0795686039544637,0.354434618805923,0.0702496826068557,0.361978273299028,0.0824468085106383
CAGCGTGCACTAGTAC-1,0.121798951123121,0.0534311399346198,0.481739619194829,0.0761733572997803,0.414086128407723,0.0672520806883905,0.425042881646655,0.0714339226850464
CAGGCCACAACTCATG-1,0.120056262095208,0.0501654276072973,0.491070048478887,0.06802476532854,0.431447857254984,0.0600578360840739,0.424608347627216,0.0637923284387174
CATCGGGCACAGCCTG-1,0.107126423277626,0.04834638300116,0.474826108339774,0.064469742360695,0.414839621160588,0.0569191705459162,0.430383076043453,0.0604584956547797
CATGGTATCACAACCA-1,0.101761290764727,0.0458056522197617,0.463500316166655,0.0634311963251448,0.410915179739417,0.0573776273099168,0.421566609491138,0.059484566976326
CATTGAGAGTTCTACG-1,0.07072902491001,0.0802950015817779,0.151633527717277,0.639664469742361,0.149055517764638,0.632317675271547,0.174968553459119,0.667328438717411
CCACACTAGGTGCCTC-1,0.0752652379227408,0.0592771274913002,0.117895032670554,0.612582384661474,0.112019255925907,0.617717590633376,0.134694110920526,0.64612676056338
CCACCATCAATTTCGG-1,0.0780979234587482,0.0773357587261415,0.149413335206914,0.64773317355702,0.146376432421119,0.660671462829736,0.176866781017724,0.668602037758466
CCACCATCAGGAATAT-1,0.0837665579933621,0.0723828166192133,0.31297688470456,0.455482324745356,0.27355972999843,0.452496826068557,0.299039451114923,0.491009889121966
CCCTGATCATGGGTCC-1,0.0818900669988872,0.0685964357270906,0.334068713553011,0.400798881565808,0.292595887185391,0.400514882211878,0.319245283018868,0.438118070122865
CCGAACGAGCTGTTCA-1,0.0800331567800067,0.0750059316671939,0.243293753952083,0.518673856600759,0.214672178326618,0.52260544505572,0.24190966266438,0.544575966436919
CCGAACGAGTTAGTAG-1,0.0915531797547834,0.0568418485711273,0.428707932270077,0.195286598761734,0.382669666684109,0.214205106503033,0.394053744997141,0.183136050344621
CCGATCTTCTTAGTTC-1,0.110141862719182,0.0473215227248761,0.474629382421134,0.0702616337128021,0.412505886662132,0.0620327267597687,0.425065751858205,0.0658900209769254
CGAGAAGCATGAGAAT-1,0.124540259706354,0.0547954233892228,0.476933886039486,0.0782504493708808,0.413081471403903,0.0690859077443927,0.419142367066895,0.0733817800419539
CGATCGGCATCAGTCA-1,0.12194254347748,0.0553424549193293,0.467097590107497,0.0691831435989615,0.409627962953273,0.0610805473268444,0.406975414522584,0.0648786335031465
CGATGGCCAGATCACT-1,0.0855745162732563,0.0593529210165559,0.421555539942387,0.274655482324745,0.376913819266391,0.278600648892651,0.388759291023442,0.285061432424333
CGCAGGTAGTGTGTTC-1,0.119230606057639,0.0558993725614257,0.451500035129628,0.0593569003395247,0.402155826487363,0.0524051347157568,0.39811320754717,0.0666391968834282
CGTTGGGGTCATCTAG-1,0.112341436510967,0.0485935358009069,0.483467996908593,0.0569203115638107,0.421432682748155,0.0502539145154465,0.434362492853059,0.0533787833383278
CTAGACATCGATACAC-1,0.0770307711888468,0.0715227248760941,0.173652778753601,0.612742160974636,0.170299827324577,0.599731979122584,0.19472841623785,0.661222655079413
CTCATGCTCTATTCGT-1,0.074935628200233,0.0629349889275546,0.257134827513525,0.505052925903735,0.233101355240437,0.497989843419382,0.256443682104059,0.584169913095595
CTCCCTCAGCATTTCG-1,0.06929962829161,0.0743896973531583,0.0877678634160051,0.494867185939684,0.102045942127571,0.493052616730145,0.126712407089766,0.536522325442014
CTCGAGGTCAAGCCGC-1,0.125852171671187,0.0553622271433091,0.47807208599733,0.0827241861394048,0.409502380827795,0.0730356890957822,0.41663807890223,0.0775771651183698
CTGAATGCATGCCGCA-1,0.0729253352391955,0.0528775176631868,0.303674559123164,0.415897743159577,0.280749306682016,0.417900973338976,0.301726700971984,0.487825891519329
CTGGCAGAGCCACTCG-1,0.120219435225163,0.0499874775914795,0.48931356706246,0.0669862192929898,0.422541991523207,0.0591409225560728,0.431903945111492,0.0628183997602637
CTGTATTCAGACATCT-1,0.108108725519951,0.0466789254455341,0.476624745310195,0.0627920910724985,0.41591753440427,0.0554380025391452,0.426598056032018,0.0588852262511238
GAAGTAACACCAAAGG-1,0.0922287165127944,0.0531675102815565,0.459340968172557,0.155382464549631,0.409136099628486,0.147023557624489,0.415837621497999,0.146164219358705
GACACGCTCGCCACTT-1,0.0776573560078715,0.0806146525361173,0.175648141642661,0.617016177351708,0.16239861859662,0.627733107631542,0.193184676958262,0.638335331135751
GACCCTTAGTGTTGTC-1,0.106343192253845,0.0509563165664874,0.462938242113398,0.0740962652286798,0.405609334937994,0.0772323317816335,0.418341909662664,0.069486065328139
GAGAGGTCAGTCGGTC-1,0.0693289994550017,0.0735394917220289,0.127647017494555,0.533852606351108,0.139406624457119,0.52757793764988,0.164299599771298,0.576116272100689
GAGTCATGTATGAGAT-1,0.125600885051057,0.0570494569229147,0.446581887163634,0.0728979428799681,0.39306158756737,0.0643602764846946,0.396752429959977,0.0683623014683848
GAGTGTTGTCAAAGAT-1,0.111111111111111,0.0673211272803965,0.344031476146982,0.230716996205313,0.313986709225054,0.24164198053322,0.312612921669525,0.236926880431525
GAGTTTGCAAGACCGA-1,0.109316206681613,0.0473281134662027,0.481289959952224,0.0589574595566207,0.419507090157501,0.0520524756665256,0.431812464265294,0.0552891818999101
GATCATGCAAGGCTTT-1,0.0743155703064065,0.0659436623431403,0.132551113609218,0.679009386858398,0.126523991418555,0.673402454506983,0.150714694110921,0.702015283188493
GATCCCTGTTAAACAG-1,0.072455396624927,0.0761527206580196,0.180566289608656,0.591172358697823,0.161530008895401,0.610488080124136,0.185980560320183,0.651633203476176
GATGTTGCATATCTCT-1,0.105279303446543,0.0464087050511442,0.470399775170379,0.0610345516277212,0.4122651875883,0.0538863027225279,0.425477415666095,0.0572370392568175
GCACATATCTTACACT-1,0.120767696941809,0.0498853211009174,0.489763226305066,0.0674655482324745,0.422929203076762,0.0595641134151502,0.432578616352201,0.0632679053041654
GCAGCCAGTACTTCCC-1,0.0714339328314128,0.0612971897078983,0.114058877257079,0.623047733173557,0.109999476741144,0.619092960925377,0.134065180102916,0.660773149535511
GCCCAGAGTTAATCGC-1,0.0893666598133952,0.0595803015923231,0.414965221667955,0.274975034951069,0.372235885092355,0.285019043588658,0.383224699828473,0.269403655978424
GCGTTTCTCCTTCAGC-1,0.0706441748824338,0.0867506327111674,0.144930794632193,0.625244657479529,0.140379885929569,0.621279447030611,0.171046312178388,0.643691938867246
GCTACAATCTACTGCC-1,0.108510131419639,0.0479805968575345,0.479645893346448,0.0596764529658478,0.418952435769975,0.0526872619551418,0.432384219554031,0.0559634402157627
GGAGCAATCATATGGC-1,0.106773969316925,0.0477070810924813,0.484774819082414,0.0737767126023567,0.423651300298258,0.0651361263930032,0.432681532304174,0.0691863949655379
GGAGGTACAAGATCCT-1,0.0671457429762126,0.0724882684804387,0.122658610271903,0.560015977631316,0.12959028831563,0.550818168994216,0.15472841623785,0.606720107881331
GGATCTAAGTTATGGA-1,0.108232737098716,0.0466261995149214,0.47936485631982,0.0595166766526862,0.419841975825441,0.0525461983354493,0.430394511149228,0.0558136050344621
GGCAGTCCAGATAAAC-1,0.0747887723832741,0.0578403458821048,0.292137989180074,0.446215298581985,0.268159698602899,0.445655240513472,0.288976558033162,0.526970332634103
GGCTTTCCATTCTTCA-1,0.103265747022906,0.048053095012127,0.465481627204384,0.0637507489514679,0.410391920883261,0.0562843842573,0.426163522012579,0.0597842373389272
GGGACCTCACACCTGG-1,0.072380336985148,0.0785945903195191,0.142204735473899,0.582384661473937,0.136738004290723,0.596346452249965,0.164459691252144,0.630768654480072
GGGATCCAGGAATCGC-1,0.073470333493243,0.068454734788569,0.252834961006113,0.524266027561414,0.223033854847993,0.517315559317252,0.248622069754145,0.611252622115673
GGGCTCAAGGTCCCGT-1,0.0698576803960538,0.0717072656332384,0.107566921941966,0.498382264829239,0.121521636753702,0.496226548173226,0.145866209262436,0.54465088402757
GGTCACGTCGTAGTCA-1,0.123466580511254,0.0569934356216387,0.429087332256025,0.0595566207309766,0.380409188425514,0.0525814642403724,0.384436821040595,0.0585855558885226
GGTCTGGTCCACGTCT-1,0.0735715008338147,0.0761988558473057,0.221400969577742,0.553545036948272,0.195730207733766,0.5562843842573,0.222218410520297,0.595819598441714
GGTGTCGCAACTCGAT-1,0.0765836768127719,0.0637687177053675,0.246876976041593,0.514799281006591,0.224331536811261,0.50712371279447,0.244802744425386,0.592673059634402
GTAATCGTCTGGCCGA-1,0.0797035470574989,0.0747258251608141,0.234047635776013,0.492150988615938,0.219810580294071,0.507300042319086,0.248862206975415,0.538732394366197
GTACAGTCAGCGGATA-1,0.114368046785,0.047941052409575,0.487037167146772,0.0572798082684242,0.422395479043483,0.0505713076597546,0.433321898227559,0.0537159124962541
GTCAGCGGTACGATGG-1,0.075496943767276,0.0658250289992618,0.269388041874517,0.460754943079688,0.249908429700173,0.458844688954719,0.273504859919954,0.528019178903206
GTCATCCGTACAAACA-1,0.10285781419802,0.0502016766845935,0.481880137708143,0.12178949470741,0.428946679922558,0.107525744110594,0.426609491137793,0.114211866946359
GTCATCCTCGCCAGTG-1,0.126051242889731,0.0590892913634926,0.421513384388393,0.0823646894347913,0.372361467217833,0.0727182959514741,0.38336192109777,0.0772400359604435
GTCATTTGTTGATGTC-1,0.0695574418369378,0.0779651745228303,0.162172416215836,0.594527661274216,0.147025273402752,0.613309352517986,0.171629502572899,0.651670662271501
GTCTGTCGTCACGACC-1,0.114012329361699,0.0473643625434989,0.486250263472212,0.0577990812861993,0.42185128983308,0.0510297644237551,0.432967409948542,0.054202876835481
GTGTTAGTCCTCTCTT-1,0.125173371450576,0.0558861910787725,0.461490901426263,0.076652686239265,0.402752341583381,0.0676752715474679,0.408667810177244,0.0718834282289482
GTTACGACAGCCCACA-1,0.111065422634724,0.0476510597912053,0.485997330148247,0.0649490713001798,0.422845481659777,0.0573423614049937,0.433733562035449,0.0609080011986814
GTTGCTCCAATAGTGA-1,0.112896225152812,0.063729173257408,0.330640061828146,0.165887757140004,0.30305059913139,0.184193821413457,0.305443110348771,0.170474977524723
GTTGCTCCATGACTCA-1,0.125199479151369,0.0585949857639987,0.443897983559334,0.086798482125025,0.384228978075454,0.0766328113979405,0.395757575757576,0.0813979622415343
GTTGTAGAGTCACGCC-1,0.11815692686254,0.0574416060318465,0.419265088175367,0.059996005592171,0.37499869185286,0.0529693891945267,0.377221269296741,0.0709094995504945
GTTGTAGCATAGGCGA-1,0.125855435133786,0.0583511283349151,0.428525258202768,0.0720591172358698,0.377301030819947,0.0636196924813091,0.38926243567753,0.0675756667665568
GTTTACTGTGGCGCTT-1,0.111607157426172,0.047252319940947,0.484212745029158,0.0597563411224286,0.420522212338444,0.052757793764988,0.432612921669525,0.0560383578064129
TAAGCCACATTGTACG-1,0.0705234267662675,0.0700727617842455,0.148092461181761,0.654723387257839,0.145424101302915,0.657991254055579,0.171446540880503,0.684934072520228
TACACCCTCAGACAAA-1,0.103986972257304,0.0467909680480861,0.465186538326424,0.0617535450369483,0.410496572654492,0.054521089011144,0.423899371069182,0.0579112975726701
TACGGGCTCCTATTTG-1,0.101882038880893,0.0479608246335548,0.461490901426263,0.0637906930297583,0.407869813196588,0.0563196501622232,0.42379645511721,0.0598216961342523
TACGGTAAGGATCATA-1,0.0670543660234382,0.0698157228725087,0.134630787606267,0.554823247453565,0.134226361781173,0.573070955000705,0.149399656946827,0.61057836379982
TAGACTGTCATCTACT-1,0.0738913201685252,0.058970658019614,0.329796950748261,0.410345516277212,0.296541258960808,0.411200451403583,0.32401372212693,0.48288133053641
TATATCCTCATGTCTT-1,0.0666496966611514,0.0872284614573447,0.148499964870372,0.610944677451568,0.143477578358014,0.618740301876146,0.175517438536306,0.626872939766257
TATCAGGTCCACGAAT-1,0.0702982478469305,0.0763076030791943,0.124625869458301,0.544637507489515,0.136350792737167,0.537134997884046,0.160457404230989,0.587616122265508
TCACACCTCCCAGGAC-1,0.0800266298548085,0.0738163028577454,0.263893768003934,0.465068903535051,0.231918790225525,0.461313302299337,0.261795311606632,0.486552292478274
TCAGCAAAGCCTAACT-1,0.0805977358096488,0.0738986871243277,0.255546968313075,0.48124625524266,0.228308304118047,0.480639018197207,0.258158947970269,0.511050344620917
TCAGCAACATGCCATA-1,0.089546150256345,0.0649155066961932,0.39005128925736,0.289794287996804,0.35311600648841,0.314466074199464,0.366735277301315,0.291129757267006
TCATGAGTCCCTATTA-1,0.0736400335483955,0.0819987082147,0.137399002318555,0.57459556620731,0.133200774423107,0.5877063055438,0.16442538593482,0.618819298771352
TCATTTGCATCGAAGG-1,0.121583562591581,0.0509826795317937,0.488245626361273,0.0703015777910925,0.420993145308984,0.0620679926646918,0.430748999428245,0.0659274797722505
TCCACCATCTGTCTCG-1,0.0940203574796931,0.0718324897184435,0.337497365277875,0.41218294387857,0.302705248286327,0.422450275074058,0.324779874213836,0.421336529817201
TCCATCGTCCACAGGC-1,0.120147639047983,0.0552238215754508,0.45112063514368,0.0594367884961055,0.401894197059285,0.052475666525603,0.397221269296741,0.064728798321846
TCCTCTTTCGCCTAGG-1,0.10814788707114,0.0462571180006327,0.474629382421134,0.0651887357699221,0.41326984459212,0.0575539568345324,0.425202973127501,0.0611327539706323
TCCTTCTCACACGGAA-1,0.0670706833364336,0.0788120847832964,0.164603386496171,0.60607149990014,0.148145047354926,0.621808435604458,0.172750142938822,0.65661522325442
TCCTTTCGTCACAGTT-1,0.0760060439327335,0.0765646419909311,0.177545141572402,0.595006990213701,0.16203233739731,0.593595711665961,0.191720983419097,0.638447707521726
TCGAACACATGATGCT-1,0.0695150168231497,0.0698321997258252,0.137033654183939,0.654963051727581,0.127423996651143,0.63415150232755,0.150920526014866,0.694373688942164
TCGCAGGGTTCAGGTT-1,0.106215917212481,0.0468403986080354,0.477032248998806,0.0579189135210705,0.420250117733243,0.0511355621385245,0.430428816466552,0.0543152532214564
TCGCTCAGTACGCTAT-1,0.0705984864060465,0.0618310397553517,0.114030773554416,0.631755542240863,0.109245983988279,0.622407955988151,0.132955974842767,0.669238837278993
TCTAACTAGTGGACGT-1,0.111979192162468,0.0469425550985975,0.484788870933746,0.0643499101258238,0.420825702475014,0.0568133728311468,0.432727272727273,0.0603461192688043
TCTACCGTCGTTCTAT-1,0.0745701203891353,0.0727024675735527,0.171488793648563,0.622009187138007,0.169828894354037,0.611581323176753,0.194431103487707,0.663507641594246
TGAGCGCCAATGCTCA-1,0.0729351256269928,0.0760769271327639,0.182238459917094,0.586618733772718,0.163141646172361,0.604704471716744,0.188461978273299,0.648037159124963
TGAGGGAGTCCACATA-1,0.11386873700734,0.0583939681535379,0.416848169746364,0.138725783902536,0.376453351472974,0.141169417407251,0.370097198399085,0.149685346119269
TGCATCCTCCGTTTCG-1,0.0705593248548575,0.066424786459981,0.148050305627766,0.630916716596765,0.145936894981948,0.635985329383552,0.165443110348771,0.668789331735091
TGCATGAAGTCCTGCG-1,0.125963129399556,0.0555401771591269,0.473589545422609,0.0815658078689834,0.407534927528648,0.0720129778530117,0.414053744997141,0.0764908600539407
TGGAGAGTCTTCTGTA-1,0.117954592181396,0.0554215438152483,0.453467294316026,0.0593569003395247,0.40482444665376,0.0524051347157568,0.400022870211549,0.0698981120767156
TGGATGTCAGGCATGA-1,0.121727154945941,0.0525282083728778,0.485702241270287,0.0726982224885161,0.421485008633771,0.064183946960079,0.42527158376215,0.0681750074917591
TGGGCTGAGTGCAAAT-1,0.0948623308302575,0.0790954866603396,0.127956158223846,0.411104453764729,0.137931034482759,0.41398645789251,0.161120640365923,0.352000299670363
TGGGCTGGTTCTAAGC-1,0.0781468753977345,0.0665038753559,0.227836717487529,0.515038945476333,0.216189629009471,0.50722951050924,0.237838765008576,0.574842673059634
TGGGTTAAGACGATAT-1,0.0749388916628321,0.0606611831698829,0.281191596992904,0.470421410025964,0.258081733033332,0.467766962900268,0.281406518010292,0.547722505244231
TGTAGACCAAAGCTAA-1,0.116668787917356,0.0563211800063271,0.4151197920326,0.0645496305172758,0.373261472450421,0.0569897023557625,0.371160663236135,0.0790380581360503
TGTCCCAAGCGAGAAA-1,0.124892713667055,0.057616260677001,0.461504953277594,0.0936688635909726,0.399549997383706,0.0826985470447172,0.406277873070326,0.0878408750374588
TGTGGCGGTAGAGACC-1,0.12269313987527,0.0562256142570916,0.458919412632614,0.0690633113640903,0.402836063000366,0.060974749612075,0.40021726700972,0.0647662571171711
TTACCGCTCGAGATGG-1,0.118894469409933,0.0514011916060318,0.47558490831167,0.0704214100259637,0.424342001988384,0.0621737903794611,0.416786735277301,0.0769403655978424
TTATTGCGTATCGCAT-1,0.119700544671908,0.0486989876621322,0.496859411227429,0.074615538246455,0.434043221181519,0.0658767103963888,0.432121212121212,0.0699730296673659
TTCCACGTCACCATGA-1,0.0998195305182705,0.048155251502689,0.462179442141502,0.085080886758538,0.406917482078384,0.0751163774862463,0.419062321326472,0.0797872340425532
TTCCGGTCATGAAGCG-1,0.119207761819446,0.0556522197616788,0.443630998384037,0.0597163970441382,0.397781382449898,0.0527225278600649,0.393379073756432,0.0711717111177705
TTCTTGACAAGGCAAC-1,0.105403315025308,0.0473347042075293,0.478830885969226,0.0699820251647693,0.418994296478468,0.0617858654253068,0.430200114351058,0.0656278094096494
TTGTGGAAGCAGCGAT-1,0.0754675726038842,0.052564457450174,0.330668165530809,0.387657279808268,0.303343624090838,0.39183946960079,0.324448256146369,0.453026670662271
