Cellname,T_UP,T_DN,G_T_S1,G_T_S2,T_M_S1,T_M_S2
AAAGCAAAGTACACCT-1,0.150414414836872,0.0614748063727656,0.519930230423208,0.170923686405338,0.495969769214551,0.170606245092071
AAAGCAAGTGCGGTAA-1,0.121425891841831,0.0706393379862768,0.0507298264940788,0.40835244648318,0.0448109764997811,0.410722006052745
AACTCTTAGGGTGTTG-1,0.127533674868993,0.0728391789616279,0.123326907188102,0.370560536558243,0.128399746995572,0.379373020284638
AACTTTCGTAATAGCA-1,0.122935252810635,0.0624878522837706,0.0818874506563848,0.315088963024743,0.0723333171151008,0.322921905467764
AAGACCTTCTCCTATA-1,0.122747681738784,0.0656300615484289,0.044615808317268,0.334966638865721,0.039410305064954,0.340453691204108
AAGCCGCAGCGGCTTC-1,0.111478763437709,0.0710899078246017,0.0476452767832553,0.344740408673895,0.042086313433562,0.347979918296761
AAGGTTCTCTTCTGGC-1,0.123925862533851,0.0621374090761846,0.0487285412650326,0.3245239088129,0.0430431891532461,0.327307057712839
AATCCAGGTCTCTTAT-1,0.125320922380746,0.0759843331271903,0.157881208115303,0.344036697247706,0.152986587521692,0.35096217475317
AATCCAGGTGCACCAC-1,0.152363395505328,0.0607856995612098,0.39853116680437,0.18245239088129,0.385312768614476,0.174470825943867
ACACCGGGTGTAACGG-1,0.135092202905007,0.0679889271726006,0.0716056182869733,0.331856408117876,0.0632511068943706,0.342244809726744
ACACTGACATGCATGT-1,0.155977069436466,0.0565185381511912,0.432534655283209,0.175432652210175,0.451126356249696,0.173614971280341
ACAGCTAAGGTGCAAC-1,0.157351613697378,0.061663280030627,0.415789956853025,0.18048894912427,0.390437730096174,0.170509189408578
ACATGGTGTGTTCTTT-1,0.154992321309246,0.0565951055746974,0.321949876067199,0.16338268001112,0.290857782318883,0.157521374308478
ACATGGTTCCAAACTG-1,0.134881185449174,0.0686014665606502,0.060754613054255,0.39913469557965,0.0536661314649929,0.407033890080027
ACCAGTAAGCCCAACC-1,0.158512209704458,0.0616367759224902,0.421444964656201,0.178812204614957,0.394281451207447,0.16928275849899
ACCAGTAAGTTTGCGT-1,0.125578832604542,0.0752157139912242,0.0492059120536124,0.344983666944676,0.0434648631992086,0.356362000052939
ACCAGTATCGCCATAA-1,0.118700249703989,0.0701534293371028,0.0490039474892133,0.352750556018905,0.0432864626413014,0.358073709379991
ACCGTAAAGCAGCCTC-1,0.144324216597695,0.0606178402096769,0.225061966400441,0.204580205726995,0.21336706725701,0.19877003979283
ACGAGCCTCAAACCGT-1,0.122683204182835,0.0662661601437112,0.0479390434223813,0.358258618293022,0.0423458051541543,0.363994106073039
ACGCCAGTCTTCGAGA-1,0.127410581353091,0.0673999469917837,0.0786927384558891,0.332247358910203,0.0695113446536596,0.336483231424866
ACGGGTCAGCTCCTCT-1,0.154450123679676,0.0613894042465471,0.49525383273662,0.176787948290242,0.465593019672716,0.170341547773454
ACTGTCCAGGGTTTCT-1,0.151317100620157,0.0585711340813382,0.453061599192142,0.174259799833194,0.460873514004444,0.170835649434871
ACTTACTGTCGCATAT-1,0.153878618070128,0.0586594811084607,0.453961259524465,0.17328676675007,0.475826724403574,0.17049154292067
ACTTTCACAAACTGTC-1,0.133195976600509,0.0693641958948081,0.0580372716423391,0.378336113427857,0.0518334711883099,0.391002055815841
AGAATAGCATGAACCT-1,0.105687506594295,0.0916188120269753,0.0718075828513724,0.26403947734223,0.0634295074522779,0.273599971765619
AGAATAGGTCAGCTAT-1,0.153714493382258,0.0593780369290573,0.489194895804645,0.176596816791771,0.448450347881088,0.171973847904921
AGAGCGACAAAGGAAG-1,0.143527039542327,0.0698854433548311,0.0459561186082805,0.319571865443425,0.0405942360401563,0.322427803806347
AGATCTGTCTGTTGAG-1,0.109304111323431,0.0775745796153959,0.0647755439272928,0.396041840422574,0.0572179243905999,0.40435162391805
AGATTGCTCAAAGACA-1,0.157468845617285,0.0614276879583002,0.459138896539062,0.182130942452043,0.43010752688172,0.170606245092071
AGCAGCCCAATGAATG-1,0.126317393699957,0.0793385752569426,0.0477921601028183,0.401211078676675,0.0428161338977278,0.408419139380785
AGCATACCAGACACTT-1,0.151194007104254,0.0588656241717466,0.396236114936198,0.182643522379761,0.360417781670154,0.17972065609642
AGCGTATAGGCTAGCA-1,0.128096388084548,0.0647259769708749,0.0544202698980997,0.344514525993884,0.0480708412397217,0.353873845257948
AGCTCCTCAGTGACAG-1,0.143538762734317,0.0662219866301499,0.388286055264849,0.177013830970253,0.376927942392838,0.170853295922779
AGCTCTCAGTGGCACA-1,0.136270383700074,0.0699443413729128,0.0628293399430827,0.355435084792883,0.055498791741676,0.367699868533665
AGGCCACCACGACGAA-1,0.12624998534601,0.0716376593927614,0.0500688515560452,0.396728176257993,0.0442271201284484,0.407280940910735
AGGGAGTCAAGCCTAT-1,0.148427333794446,0.0652737285390347,0.303424217387313,0.182912844036697,0.281775572098153,0.177329556984921
AGGGAGTGTCCAGTGC-1,0.118407169904222,0.0876461407073652,0.0692187643440742,0.257810328051154,0.0611427366645583,0.270035381208255
AGGGTGACATCCGTGG-1,0.142773824456923,0.0607356362458403,0.197209216928303,0.213111620795107,0.18905593668402,0.20815797135975
AGGGTGAGTGGTCCGT-1,0.124705454801233,0.0764349029655152,0.0815936840172588,0.369239991659716,0.0763392205517443,0.380193581972348
AGGTCCGGTACCGTTA-1,0.151583803237946,0.0575993167829903,0.252253740934545,0.196830692243536,0.235456299972429,0.193017284734906
AGTAGTCAGAATTGTG-1,0.143954936049988,0.0607768648584975,0.297328559625448,0.217281762579928,0.301675343421074,0.210954939693128
AGTGAGGTCTCGGACG-1,0.120751808302365,0.0771063403716465,0.0452584228403562,0.393591882123992,0.0399779432037497,0.399242965668758
AGTGGGAGTTAGGGTG-1,0.123635713532081,0.074617899107695,0.0857614982098595,0.422487489574646,0.078804391897371,0.427521462540918
AGTGTCACATAGGATA-1,0.120769393090351,0.0719439290867862,0.146479390434224,0.333446274673339,0.136654827356915,0.341336015599495
AGTTGGTCAGTTAACC-1,0.130420510896707,0.0724740112495215,0.0461213623427889,0.37706769530164,0.0407402001329895,0.384146395263683
ATAACGCAGGGTGTGT-1,0.16090960246656,0.0539034661483641,0.455007803176352,0.174485682513205,0.455829643685431,0.169485693109929
ATAACGCTCTGCTTGC-1,0.150897996506489,0.0612068203904939,0.469696135132654,0.175041701417848,0.429588543440536,0.174126719429666
ATCACGACATGCTAGT-1,0.117703778384779,0.0684159378036929,0.0510052327182594,0.357042326939116,0.0450542499878363,0.365494057545197
ATCCACCTCTACTTAC-1,0.148365787036494,0.0593368083164002,0.397117414853576,0.185319363358354,0.420441460289658,0.176350176906041
ATCCGAACACCTATCC-1,0.114377322657413,0.0681921253349825,0.032901863582117,0.212303655824298,0.0290630727063365,0.223554532059257
ATCCGAACATGGTTGT-1,0.112736075778713,0.0851989280560709,0.0444689249977049,0.256889421740339,0.0392805592046579,0.267167826923247
ATCCGAAGTTACTGAC-1,0.141460826953963,0.0649792384486262,0.175268521068576,0.293777800945232,0.164728587878493,0.296716870924764
ATCCGAATCCTTCAAT-1,0.147480686041195,0.0581176193421091,0.392233544478105,0.188872671670837,0.415965228109441,0.19172909111764
ATCGAGTGTTGTCGCG-1,0.155754328788643,0.0594516594516594,0.347085284127421,0.168725674172922,0.312055012244766,0.162462390922647
ATGAGGGAGTCGTTTG-1,0.153565022684376,0.0574697411432105,0.499458367759111,0.176379621907145,0.468252809808787,0.169476869865975
ATGCGATTCAGTGCAT-1,0.153031617448799,0.0607297464440322,0.473790507665473,0.177309216013344,0.451110138017159,0.166732840996321
ATTACTCGTATAGGGC-1,0.138324873096447,0.0722207497717702,0.271348572477738,0.251763622463164,0.28347848651454,0.258388699189144
ATTCTACTCAGTTAGC-1,0.123741222259997,0.0735047265659511,0.124979344533186,0.352681053655824,0.119301318542305,0.363482357923714
ATTCTACTCTGATTCT-1,0.121185566406021,0.0670907323968548,0.0488754245845956,0.326999930497637,0.0431729350135422,0.329856975215508
ATTTCTGGTGACGGTA-1,0.122671480990844,0.0633831021586124,0.0521619388598182,0.314402627189324,0.0460759986376685,0.321995464852608
CAACTAGGTAACGCGA-1,0.136440369983939,0.0630768324645876,0.187551638667034,0.270060119544065,0.185163560875136,0.274517589136822
CACAAACAGATCCGAG-1,0.132252259645256,0.0724857908531378,0.0311943449921968,0.437282805115374,0.0275547770803938,0.445176773692616
CACAAACCATGTAGTC-1,0.156996987139658,0.0620166681391171,0.417919764986689,0.178664512093411,0.400201106083459,0.167032831290752
CACATTTGTTGATTGC-1,0.153916718444098,0.0548929528521365,0.307757275314422,0.160150820127884,0.283089248933651,0.153392096138066
CACATTTTCCTGTAGA-1,0.137656651152976,0.0629973201401773,0.225906545487928,0.243675284959689,0.216886423717543,0.245903808994415
CACCACTTCGCAAGCC-1,0.128811502795981,0.0666401625585299,0.0418066648306252,0.327851334445371,0.0369289154867902,0.333183338186118
CAGCCGAGTCAGAAGC-1,0.126176715396068,0.0659274965397414,0.0674378040943725,0.353940783986656,0.0595695681084675,0.362088285379002
CAGCGACCACGCTTTC-1,0.149209856859826,0.0594251553435227,0.410300192784357,0.178829580205727,0.421592954799786,0.168400434103603
CAGGTGCTCTGTTTGT-1,0.159496957831678,0.0616456106252025,0.423262645735794,0.176718445927162,0.391183768792877,0.168488666543141
CAGTAACTCAAAGACA-1,0.155094899239165,0.0580057131077539,0.341338474249518,0.161123853211009,0.311617119966266,0.153815611847852
CATATGGCAGCCACCA-1,0.148717482796216,0.0597726536502047,0.421279720921693,0.179481164859605,0.418641236478049,0.175917837952302
CATCGAATCTACGAGT-1,0.135986096294299,0.0717937391406779,0.250344257780226,0.229123227689741,0.275336933780957,0.237168797480082
CATGCCTAGCACGCCT-1,0.120212541470792,0.0760874046588332,0.147103644542367,0.366624965248818,0.139736291538948,0.376840749269877
CATGCCTTCTGCGTAA-1,0.11887609758385,0.0792178343198751,0.102175709171027,0.411202043369475,0.0927034171815956,0.420180523571296
CATTATCGTGATAAGT-1,0.129180783343689,0.070892599464028,0.0401725879004865,0.40330483736447,0.0354854927909956,0.408436785868692
CCAATCCAGCTGGAAC-1,0.158629441624365,0.0614424124628206,0.429101257688424,0.180923338893522,0.403525843753548,0.170244492089962
CCACCTACATCTACGA-1,0.121244182365975,0.0719586535913067,0.0933259891673552,0.337607728662775,0.0857295771906778,0.342862436803515
CCACCTAGTCATTAGC-1,0.122941114406631,0.0670818976941426,0.0620949233452676,0.348450097303308,0.0548500624401953,0.35456205828635
CCACGGACAGGCTCAC-1,0.134948593803121,0.0633212592396266,0.0741944367942716,0.280815610230748,0.0655378776820902,0.284937840246345
CCATGTCGTCTAACGT-1,0.136953259633533,0.0644108725741379,0.1130083539888,0.306627050319711,0.112878898457646,0.313939843122722
CCCATACTCTTGGGTA-1,0.131176656780108,0.0664516889006685,0.140108326448178,0.328867806505421,0.138000940657487,0.33731261635653
CCGGGATAGCAGATCG-1,0.147419139283244,0.0599110639926966,0.372955108785459,0.189819641367807,0.397817025900517,0.180364752905053
CCGTACTAGAGCCCAA-1,0.118917128755818,0.0661483641075478,0.0512439181125493,0.322812413122046,0.0452650870108176,0.325833575972542
CCTAAAGGTCGCGTGT-1,0.149992379925206,0.057381394116088,0.253979619939411,0.199124270225188,0.236494266854798,0.197023037489964
CCTATTAGTACTCGCG-1,0.119896015287042,0.0688341137320729,0.0461213623427889,0.344332082290798,0.0407402001329895,0.353600324695377
CCTTCCCCAATTCCTT-1,0.149183479677847,0.0531495715169185,0.371265950610484,0.175562969140951,0.326083783389286,0.173906138330819
CGAACATGTATAAACG-1,0.125282822006776,0.073816886061784,0.0570274488203433,0.390507714762302,0.0503738302599783,0.398634161835941
CGACTTCGTTCCACTC-1,0.133717658644096,0.0655534941249227,0.0609198567887634,0.341995065332221,0.0538120955578261,0.352753293275806
CGACTTCTCTGCGTAA-1,0.147281391777353,0.0647348116735872,0.373230515009639,0.182878092855157,0.359379814787784,0.175644317389732
CGACTTCTCTGGCGTG-1,0.153468306350453,0.0563506787996584,0.353676673092812,0.164998609952738,0.306978705460679,0.159965412883701
CGATGGCTCCACGAAT-1,0.155613650484754,0.0611302529669877,0.458992013219499,0.178221434528774,0.433464701016883,0.170941528362318
CGATGTACAAACTGTC-1,0.115435340734575,0.0750566893424036,0.148609198567888,0.308242980261329,0.142801537488445,0.31739855475264
CGCTATCCAAGACACG-1,0.149951348753239,0.0637394351680066,0.505150096392178,0.169524951348346,0.480270520118717,0.167226942657738
CGCTTCACATATGCTG-1,0.151733273935827,0.0544659422210443,0.476819976131461,0.178977272727273,0.434713504922234,0.174611997847128
CGCTTCACATCGATTG-1,0.11871197289598,0.073048266925818,0.0418984669053521,0.360447942730053,0.0370100066494753,0.366438144648261
CGCTTCAGTCTAAACC-1,0.122507356302974,0.0771887975969609,0.0489488662443771,0.408057061440089,0.0432378079436903,0.416695342209517
CGCTTCATCAGTCAGT-1,0.128747025240032,0.0706658420944135,0.0457725144588268,0.40327008618293,0.0404320537147862,0.408825008602663
CGGAGCTCAAGGCTCC-1,0.139925088803179,0.0665694849368319,0.036500504911411,0.329215318320823,0.032241846283592,0.33437447611989
CGGAGTCGTAGAGTGC-1,0.137164277089366,0.0670701180905263,0.0469843018452217,0.332994509313317,0.0415024570622294,0.336668519547897
CGGTTAACAATAGCGG-1,0.117352082625057,0.0736254675030185,0.0867713210318553,0.352211912705032,0.0768582039929289,0.361435365326416
CGTCAGGGTCAACTGT-1,0.115526195472503,0.0686485849751156,0.110603139630956,0.324471782040589,0.0998556577304205,0.332830408427963
CGTGAGCCACAGATTC-1,0.136463816367921,0.0657508024854964,0.0781786468374185,0.299546497080901,0.0690572341426231,0.304137219089971
CGTGTCTAGATGCCTT-1,0.142656592537016,0.0595871248932473,0.460442486000184,0.178160619961079,0.440860215053763,0.180108878830391
CGTGTCTGTCTCACCT-1,0.11752499970692,0.0655947227375799,0.0425594418433857,0.345426744509313,0.037593863020808,0.347706397734191
CTACATTCATTGAGCT-1,0.1506312938887,0.0570132815030774,0.262976223262646,0.175180706144009,0.244716910751066,0.168409257347556
CTCGGAGGTCAGAATA-1,0.126932861279469,0.063403716464941,0.0454787478197007,0.338033430636642,0.0401725619941939,0.346488790068557
CTCTAATAGGCAGGTT-1,0.131947456653498,0.0672998203610449,0.0390526025888185,0.358136989157631,0.0344961806062375,0.366235210037322
CTTAACTTCCCTAACC-1,0.127920540204687,0.0715021939511735,0.0460295602680621,0.418491103697526,0.0406591089703044,0.428262615033043
CTTACCGTCCTGTACC-1,0.153090233408753,0.0596843066230821,0.441971908565134,0.18052370030581,0.407223600771988,0.175414913046931
CTTGGCTAGCCAGTAG-1,0.134327264627613,0.0700356333009394,0.0434407417607638,0.385651237142063,0.0383723381825849,0.395219566425792
CTTGGCTCACAACGCC-1,0.131194241568094,0.0727802809435462,0.067070595795465,0.391185362802335,0.0592452034577272,0.403204602204046
GAAACTCCACTATCTT-1,0.149212787657823,0.0597343699384516,0.510217570917103,0.173165137614679,0.486919995458895,0.176420762857672
GAAACTCTCTGATTCT-1,0.132990820740671,0.068698648290485,0.0387221151198017,0.376059911036975,0.0342042524205712,0.384569910973468
GAAATGATCCAAACTG-1,0.124301004677554,0.0699885148864741,0.0676397686587717,0.370325966082847,0.0597479686663747,0.380264167923979
GAACCTACATGTCGAT-1,0.130291555784809,0.0718261330506229,0.0490223079041586,0.393687447873228,0.0433026808738384,0.404686907188297
GAACGGATCAAACAAG-1,0.13551716861467,0.0646965279618341,0.202093087303773,0.303577634139561,0.19564053909405,0.309254700583216
GAATAAGTCAAGGCTT-1,0.110048534014842,0.083950290072739,0.0571008904801249,0.324298026132888,0.0504387031901263,0.334268597192444
GAATAAGTCCAAATGC-1,0.151167629922275,0.057902641576111,0.342862388689984,0.165432999721991,0.325921601063916,0.156391999082383
GAATAAGTCGTCCGTT-1,0.119564835113305,0.0694613776246429,0.0489855870742679,0.366190575479566,0.0432702444087643,0.369517456788163
GACCAATAGCTACCGC-1,0.133928676099928,0.0688694525429219,0.0325530156981548,0.371855018070614,0.0287549262881331,0.381437659369844
GACGTTACATGTAGTC-1,0.147340007737307,0.0597932679565333,0.387808684476269,0.191626702807895,0.418511490617753,0.187820394046075
GACTACATCAGTCCCT-1,0.123638644330078,0.0764142886591866,0.0646653814376205,0.407891993327773,0.0571206149953778,0.417780601215843
GACTACATCCGCGGTA-1,0.150525785160784,0.0581794622610949,0.400550812448361,0.181322977481234,0.43038323683485,0.172335600907029
GAGCAGATCATCGCTC-1,0.132433969121112,0.0691992814441794,0.0228403561920499,0.384139560745065,0.0201754812760505,0.392757881362662
GAGGTGATCGCACTCT-1,0.118495093844152,0.0765556439025827,0.0556136968695492,0.24893140116764,0.0491250263546279,0.25630641361603
GATCGATAGTCGAGTG-1,0.150604916706721,0.0613894042465471,0.487395575139998,0.174268487628579,0.452342723689972,0.172617944713553
GATCGCGTCATGTCCC-1,0.117993927386549,0.069532055246341,0.113338841457817,0.34585244648318,0.105175238002562,0.354429709627041
GATCGCGTCCGCAGTG-1,0.123366080116294,0.0679535883617516,0.0783255301569815,0.357441965526828,0.0693815987933635,0.367708691777619
GATCGTATCTGTTGAG-1,0.127231802675232,0.0663721765762582,0.0463233269071881,0.338259313316653,0.0409186006908967,0.348518136177947
GATCTAGAGTCGCCGT-1,0.12637600965991,0.0513855758753718,0.0196089231616635,0.13013448707256,0.0173210723495353,0.141577772483831
GATCTAGTCCGAAGAG-1,0.126340840083938,0.0673940571899756,0.0464518498118057,0.338971712538226,0.0410321283186558,0.348659308081209
GATGCTAAGAGAACAG-1,0.13584541799041,0.0621963070942663,0.148572477737997,0.264213233249931,0.146158711623607,0.268579545955866
GATTCAGGTACCGTTA-1,0.119515011547344,0.0821509556203434,0.0922243642706325,0.41636259382819,0.081464182033442,0.426542082462038
GCACTCTTCAAGATCC-1,0.124626323255296,0.0723061518979886,0.139630955659598,0.362003058103976,0.128610584018554,0.370999761772413
GCAGCCATCGTAGGAG-1,0.126138615022098,0.0761109638660659,0.0387037547048563,0.434216013344454,0.0341880341880342,0.443394478413934
GCGACCAAGAGCCTAG-1,0.135191850036928,0.0697558677150514,0.220490223079042,0.255264804003336,0.26547624839845,0.265129657569902
GCGACCAGTGCGGTAA-1,0.120350288976683,0.0685749624525135,0.0443036812631965,0.341213163747567,0.0391345951118247,0.350988644485031
GCGCAGTTCTGAGTGT-1,0.124245319515598,0.0707070707070707,0.0522170201046544,0.374504795663053,0.0461246533352795,0.383131722208987
GCGCCAACATGCTAGT-1,0.145730999636581,0.0624053950584563,0.353199302304232,0.203207534056158,0.395335636322354,0.207813864845549
GCGCGATTCTGCGTAA-1,0.109922509700941,0.0739317371970433,0.0472046268245662,0.356703502919099,0.0416970758526736,0.360085409001473
GCGGGTTCACAACGCC-1,0.125986213526219,0.0713755632122979,0.0438630313045075,0.360195996663887,0.0387453575309363,0.365458764569382
GCTCTGTTCCTTTCTC-1,0.159265424789862,0.0612097652913979,0.426512439181125,0.177717542396441,0.396600658460241,0.169265112011082
GCTGCAGCATGCCTAA-1,0.128902357533909,0.0712931059869835,0.0783622509868723,0.371516194050598,0.0692194164679933,0.381746472908229
GCTGCTTTCGGAGGTA-1,0.127448681727061,0.0640987130783049,0.0480492059120536,0.328416041145399,0.0424431145493764,0.333148045210302
GGCCGATCATAAGACA-1,0.119139869403641,0.0758842064964514,0.0470026622601671,0.431592299138171,0.0415186752947664,0.435974130248727
GGCGTGTTCCAACCAA-1,0.15042906882686,0.0601996642812969,0.448600018360415,0.174624687239366,0.410223973791336,0.173650264256156
GGCTCGATCCGAATGT-1,0.151548633661973,0.0568365874488323,0.282493344349582,0.181105782596608,0.262135292495824,0.175609024413916
GGGAATGGTCTCAACA-1,0.141806661117689,0.0654916512059369,0.335885431010741,0.188334028356964,0.347881087919039,0.192876112831644
GGGTTGCCAACTGCTA-1,0.149514659851584,0.0555997290691168,0.406224180666483,0.179898179038087,0.380155370667705,0.177311910497013
GGTGCGTCAGACAGGT-1,0.147756181052977,0.0605088788762258,0.404369778757,0.177873922713372,0.403720462543992,0.168709247641988
GGTGCGTGTACCGTTA-1,0.114060796473664,0.0705392113555379,0.0478472413476545,0.36886641645816,0.0422647139914692,0.377811306104803
GTACGTATCTCGATGA-1,0.10818161569032,0.0761757516859558,0.0821628568805655,0.342359952738393,0.0725765906031561,0.352929758154883
GTACTTTGTGCGAAAC-1,0.153362797622537,0.0500191418558765,0.444799412466722,0.163156797331109,0.407337128399747,0.160071291811147
GTAGGCCTCAGTTTGG-1,0.138075755266644,0.066398680684395,0.080730744514826,0.307834653878232,0.0713115684652686,0.31372808526783
GTCAAGTCACACTGCG-1,0.157887949730953,0.0617427923550373,0.435968052877995,0.182322073950514,0.412121506998167,0.174073779965942
GTCACAACATTAGGCT-1,0.157720894245085,0.060688517831375,0.409125126227853,0.174077356130108,0.382620542013331,0.166812250191906
GTCACGGAGGTGATAT-1,0.135027725349058,0.0503313013517095,0.259965115211604,0.168925493466778,0.240840753174719,0.172397363614707
GTCACGGGTGAGTGAC-1,0.140323677330864,0.0636422534381718,0.201670797760029,0.267870795107034,0.211210042329587,0.270520659625718
GTCACGGGTGCACCAC-1,0.118544917410112,0.0729982036104485,0.0924079684200863,0.383236030025021,0.0816263643588122,0.391425571525627
GTCACGGTCTCTGTCG-1,0.154118943505938,0.061978384427364,0.463471954466171,0.17950722824576,0.426442206328354,0.171400337047919
GTCGTAACACGAGGTA-1,0.119673274639219,0.0658273699090026,0.0615441108969063,0.327799207673061,0.0543635154640847,0.335345032954816
GTGCATAAGGCTAGCA-1,0.122691996576828,0.0755985511087552,0.0705590746350867,0.334532249096469,0.0623266676397606,0.345209419695245
GTGCATATCAGTGCAT-1,0.124767001559185,0.0723149866007009,0.10764711282475,0.376216291353906,0.101412608053974,0.385399295905132
GTGCTTCGTGCTTCTC-1,0.153433136774481,0.058076390729452,0.404424860001836,0.175528217959411,0.35733631748812,0.171003291069995
GTTACAGAGATCCTGT-1,0.138483136188321,0.0690019730836057,0.284421187918847,0.230869474562135,0.302745746768517,0.237133504504266
GTTCATTAGGAACTGC-1,0.141918031441601,0.060270341902995,0.466317818782705,0.177092021128718,0.44316320407402,0.178732452773587
GTTCATTGTAGGGACT-1,0.157433676041313,0.0508849427216774,0.477168824015423,0.17533708646094,0.455440406104543,0.172697353909138
GTTCATTTCGAGGTAG-1,0.119547250325319,0.0697970963277086,0.149343615165703,0.310979635807617,0.137611703076599,0.318077944537088
GTTTCTACAGGACGTA-1,0.127293349433184,0.0742438966928763,0.0429266501422932,0.409377606338616,0.0379182276715484,0.416263003255777
GTTTCTATCTGATTCT-1,0.136299691680051,0.0692081161468917,0.0462498852474066,0.344036697247706,0.0408537277607486,0.353450329548162
TAAACCGTCATGTCCC-1,0.141454965357968,0.0616515004270106,0.289947672817406,0.237446135668613,0.300507630678409,0.233145398237116
TAAGTGCCAAACTGCT-1,0.124764070761187,0.064101657979209,0.0596897089874231,0.329432513205449,0.0527254739778459,0.337400848796068
TACACGATCTTGTTTG-1,0.120701984736404,0.0743263539181906,0.0503442577802258,0.378127606338616,0.0444703936165037,0.381420012881936
TACCTTACAGATCCAT-1,0.158204475914702,0.0618340842830639,0.423960341503718,0.181375104253545,0.400055141990626,0.173191455570555
TACGGTAGTTTAGCTG-1,0.129925206035099,0.0696527961834084,0.0857798586248049,0.367728315262719,0.0757715824129486,0.37739661363897
TACTCGCTCTTCATGT-1,0.148374579430487,0.0532084695350001,0.369191223721656,0.175806227411732,0.325710764040935,0.174426709724097
TACTTACGTCATGCCG-1,0.154274275799815,0.0552522307624348,0.325364913247039,0.159586113427857,0.298220859890689,0.152350953351509
TAGACCAGTACAGTTC-1,0.158362739006577,0.0611125835615632,0.417130267144037,0.176657631359466,0.387923904052936,0.168065150833355
TAGACCATCGTAGGTT-1,0.151466571318038,0.0475748741054864,0.45322684292665,0.152097233805949,0.414683987739016,0.151495098687984
TAGGCATAGGGAAACA-1,0.14988687119729,0.052610654651471,0.37302855044524,0.167839519043647,0.325824291668694,0.165356414939517
TATGCCCGTGCACCAC-1,0.16074547777869,0.051426804488029,0.457798586248049,0.163912635529608,0.458538088519113,0.157230207258
TCAACGACACTCGACG-1,0.146627823823871,0.0576729393055924,0.402735701826861,0.179203155407284,0.420522551452343,0.176888394787227
TCACAAGAGGTGGGTT-1,0.133448025228309,0.0687104278941014,0.0537776553750115,0.377432582707812,0.0475032031009261,0.387172767939861
TCAGATGTCTGCGACG-1,0.157709171053094,0.0606502341196219,0.447241347654457,0.179967681401168,0.418268217129697,0.169468046622021
TCAGCTCTCACTTACT-1,0.138292634318472,0.064728921871779,0.0483062517212889,0.352715804837364,0.0426701698048947,0.362873554090897
TCAGGATAGTATGACA-1,0.149036939777963,0.0626881055452484,0.468080418617461,0.178603697525716,0.470312525340988,0.17436494701642
TCATTACTCGCGTAGC-1,0.123940516523839,0.0716818329063227,0.140034884788396,0.29947699471782,0.137563048378988,0.308072385893398
TCCCGATTCCCAAGAT-1,0.133360101288379,0.0665017522160379,0.0477003580280914,0.34683416736169,0.0421349681311731,0.350026910894059
TCGGTAACATCCGGGT-1,0.117648093222823,0.0795918367346939,0.133498577067842,0.350769738671115,0.127167161322759,0.362220634038311
TCGTAGACAGCTCGAC-1,0.133975568867891,0.0685985216597462,0.0692738455889103,0.357520155685293,0.067192137400866,0.366279326257092
TCTATTGTCTTAGAGC-1,0.155475902978863,0.0582030214683276,0.334655283209401,0.161957881567973,0.305810992718014,0.15465382002347
TCTCTAAGTACAGTTC-1,0.127735899930833,0.0749742321170893,0.0404663545396126,0.400194606616625,0.0357449845115879,0.407395643082136
TCTGAGAAGTGACTCT-1,0.13624986811409,0.0661807580174927,0.301129165519141,0.170993188768418,0.295236705103878,0.168753363861757
TCTTCGGAGGTCATCT-1,0.137932146164758,0.0659657802514945,0.0656752042596163,0.308633931053656,0.0580126177849138,0.312969286287797
TGAGAGGAGTAGATGT-1,0.159189224041922,0.0608740465883323,0.406683191040118,0.17242667500695,0.378647075041762,0.163230013146633
TGAGCATCAGACGCAA-1,0.127419373747084,0.068766381011279,0.0798127237675571,0.352767931609675,0.0705006568384177,0.363447064947899
TGAGCATTCGTGGTCG-1,0.131273373114031,0.06406631916836,0.191388965390618,0.304793925493467,0.191148088681296,0.311019349373991
TGCGCAGAGCGAGAAA-1,0.157363336889368,0.0512677798392084,0.456035986413293,0.16324367528496,0.461506025073388,0.156003776348412
TGCGTGGCATGTCTCC-1,0.146879872451671,0.0601230968577907,0.374075094097127,0.194919377258827,0.403882644869362,0.186991009114411
TGCTACCTCTCCCTGA-1,0.130810307030398,0.0703919663103337,0.0453135040851923,0.416701417848207,0.0400265979013607,0.42433627147357
TGGCCAGGTTCGGCAC-1,0.123512620016178,0.0674588450098654,0.041990268980079,0.363410480956353,0.0370910978121604,0.37001155844958
TGGCGCAGTCACTTCC-1,0.147460170455212,0.0591866183702918,0.372220692187643,0.197221643035863,0.408472404677338,0.195223095723374
TGTCCCACAAACTGCT-1,0.146466629933998,0.0623347174367583,0.368163040484715,0.191296566583264,0.376311649556431,0.190546776427821
TGTGTTTCACCAGGTC-1,0.141973716603557,0.0680537149924905,0.334416597815111,0.201956491520712,0.390697221816766,0.210407898567988
TTAACTCGTGAGTGAC-1,0.126932861279469,0.0704008010130459,0.0464885706416965,0.384860647762024,0.0410645647837299,0.392722588386846
TTATGCTCATCAGTCA-1,0.137518903647085,0.0732131813764467,0.278600936381162,0.31258687795385,0.282829757213059,0.316198593574914
TTCTACACAGCCTGTG-1,0.147035204745548,0.0659333863415496,0.410538878178647,0.17037635529608,0.387842812890251,0.167182826437968
TTCTCCTAGCTGTCTA-1,0.119421226011418,0.0694849368318756,0.0495914807674653,0.374574298026133,0.0438054460824859,0.38088179500075
TTCTTAGGTCTTGTCC-1,0.143310160490498,0.0605088788762258,0.346461030019278,0.196014039477342,0.375906193743006,0.199520015528909
TTGAACGAGGAATTAC-1,0.138272118732488,0.0612244897959184,0.161461489029652,0.254821726438699,0.159425225838888,0.257762248868419
TTGACTTTCATTATCC-1,0.157583146739194,0.0615719881026003,0.437290002754062,0.177013830970253,0.407272255469599,0.171347397584196
TTGCCGTAGGAATCGC-1,0.150625432292705,0.0510115734605531,0.408812999173781,0.160637336669447,0.365121069105889,0.158668396022482
TTGCGTCAGGAGTTTA-1,0.150106681047115,0.0633831021586124,0.527715046360048,0.169889838754518,0.506608929758835,0.167429877268677
TTGGCAATCTTGACGA-1,0.151065051992356,0.0617810760667904,0.481960892316166,0.174546497080901,0.447866491509755,0.174982574093191
TTGTAGGAGTCGAGTG-1,0.125019050186985,0.0746296787113114,0.0811897548884605,0.395164373088685,0.0824210577531261,0.402251691857028
TTGTAGGTCATGTCTT-1,0.122595280242905,0.0646994728627382,0.0608464151289819,0.332229983319433,0.053747222627678,0.339986059274553
TTTATGCAGGACAGAA-1,0.146270266468154,0.0592749653974144,0.392398788212614,0.18551918265221,0.402341912778345,0.183135251506569
TTTGCGCGTATCACCA-1,0.138553475340266,0.0655829431339635,0.0800697695767924,0.316696205170976,0.070727712093936,0.323433653617089
TTTGGTTCAAGGTTCT-1,0.121551916155731,0.0795830020319816,0.0716974203617002,0.40926466499861,0.0633321980570557,0.415433618324113
TTTGGTTGTCCGACGT-1,0.119667413043223,0.0717142268162676,0.0818140089966033,0.394365095913261,0.0722684441849527,0.400231168991591
TTTGGTTTCTGGAGCC-1,0.12604776028417,0.0730600465294343,0.0543284678233728,0.396676049485683,0.0479897500770366,0.403901638476402
