Cellname,NefMES,NefAC,NefOPC,NefNPC,VerPN,VerNL,VerCL,VerMES,OXPHOS,GLYC,FAO,G2M,KEGG_CC,WP_CC,BIOCARTA_CC,PD-L1
GL26130_CD31posP2_G10_R1,0.155848167741437,0.0787846670199611,0.0466971519459218,0.0424207759665536,0.00906846343770912,0.060014688909873,0.0257079699928637,0.0306964707981975,0.253511086238141,0.0880183797976678,0.0876184980628143,0.0380582697541605,0.0552662364617533,0.0570254852714989,0.0917978848413631,0
GL26130_CD31posP2_F06_R1,0.139874631553204,0.0496084319613731,0.0651622844077737,0.0630932439977666,0.0158986547292152,0.0527122022872731,0.00514333455172054,0.0309386771707746,0.253597697473617,0.0823487013154169,0.0694254389580414,0.0860342530801639,0.101352881240802,0.102379144520375,0.105851938895417,0
GL26130_CD31posP2_A10_R1,0.209290651426806,0.0256138491432609,0.0273870470699339,0.0622080592665223,0.0211905146487605,0.0595635295352009,0.0169965014881729,0.0446488326290227,0.191397505596418,0.0930509434447963,0.0809249031407139,0.0850463060341256,0.0912864636401374,0.0941923174269416,0.136122209165687,0
GL26130_CD31posP2_C10_R1,0.177292093035229,0.0648589766236825,0.0554202495153835,0.0771200174313301,0.0216366307466291,0.0446228097786171,0.00411640819452422,0.0552421745033176,0.222630849589596,0.0917960202847067,0.0708350506965625,0.0675182132818326,0.0666440243028039,0.0664972840371474,0.0783548766157462,0.000235529647294353
GL26130_CD31posP2_D02_R1,0.145473735696541,0.143938055702762,0.051145683185049,0.0610096553226839,0.0187984093653614,0.053005980484734,0.012836579464954,0.0592258319470205,0.217534111501972,0.0863773264344737,0.0739592778831094,0.0266490748353953,0.0385863617495,0.0398146525709168,0.0593184488836663,0
GL26130_CD31posP2_D11_R1,0.16112548429033,0.0704528057469234,0.0447089815597197,0.062534896705751,0.014098807024021,0.0472458293988039,0.00720589003185212,0.0368791071508245,0.2287136232811,0.0877995726825752,0.086266589728794,0.086875601532274,0.0759273934865467,0.0747522535677433,0.0724794359576968,0
GL26130_CD31posP2_B10_R1,0.147301489232987,0.0969204498616263,0.143993240220687,0.0748185371300949,0.013944973886825,0.0535725527226944,0.010112613788662,0.0344251741655034,0.258248054578403,0.0773032666615183,0.0884428324128266,0.0223658463519259,0.0543982791803464,0.0561298989545003,0.1013866039953,0.0306482953541777
GL26130_CD31posP2_F02_R1,0.16397008662522,0.0716893363952188,0.0824096625080769,0.0588988301943321,0.0135142411026759,0.05238694785437,0.00817189702887578,0.027777246623452,0.255623067903209,0.0936623162663784,0.0927788310938917,0.0638723699893557,0.0890693988452394,0.0919046784650429,0.145099882491187,0
GL26130_CD31posP2_A05_R1,0.136772599142758,0.0982747453335689,0.160296237387544,0.070433468153777,0.021836613824984,0.0746301542335537,0.0121577637373157,0.0253041920824012,0.20311000959386,0.0702950034751718,0.0686340779820295,0.0335647041576636,0.0513509943771463,0.0529856122111247,0.101245593419506,0.0204616381086969
GL26130_CD31posP2_A07_R1,0.193214143208351,0.078372490137196,0.0600924499229584,0.0629706799580559,0.0240056610594488,0.0271639911866541,0.0136459366786765,0.0434824177295065,0.132914934441957,0.0943573506319664,0.0802242189432034,0.123002594157727,0.0925600966074192,0.090259525339252,0.118354876615746,0.0141023376317494
GL26130_CD31posP2_F05_R1,0.143105379001429,0.0856444679974092,0.0935682688006362,0.0644823031144884,0.0155756051411034,0.0582834959605498,0.0117052199188902,0.024220637257714,0.254050740859183,0.0857788246196618,0.0841810238232627,0.0271653568400992,0.05893618627118,0.0608122578509822,0.122679200940071,0.00070658894188306
GL26130_CD31posP2_F01_R1,0.0781557709387188,0.0715715715715716,0.0406580843978329,0.0257112118859882,0.0167370453269339,0.0245934319588711,0.0125580909613075,0.0175663358637525,0.256255996162456,0.0358071408345561,0.0331712142444976,0.0231370824330267,0.032680478508623,0.033720771761774,0.0352056404230317,0.00309132662073839
GL26130_CD31posP2_D04_R1,0.144984618552986,0.0840840840840841,0.052562254585218,0.0480859582465171,0.0139218989162455,0.0402476130521456,0.00662280472734235,0.0232263163597657,0.231818302952777,0.0792660951939661,0.0756574066441349,0.0464462588676215,0.0711913657119137,0.0718902712068999,0.110176263219741,0
GL26130_CD31posP2_C08_R1,0.179300047624564,0.0828181122298769,0.0296237387544113,0.0375726872846618,0.0130988916322465,0.0496694995278565,0.0269089516648391,0.0447571881114914,0.239093646732758,0.0725989136870286,0.0800016486687,0.0370512011523924,0.0622381976678365,0.0642193797091291,0.0513748531139835,0.0256727315550845
GL26130_CD31posP2_G02_R1,0.13507356064409,0.0637990932108579,0.0681445399870769,0.0797619533984285,0.0286744967733499,0.0434372049102927,0.00438619393243173,0.0195103606962796,0.24055937533312,0.0833140268231781,0.0819882944522298,0.0927969099565941,0.100494358277671,0.103342873274536,0.121504112808461,0
GL26130_CD31posP2_C05_R1,0.14594998133632,0.106047223694283,0.0759232566230926,0.0452261306532663,0.0205213405019575,0.0555450634770748,0.0161436304457557,0.0456304058231511,0.232917599403049,0.0729657373799779,0.0634490149204517,0.0839691250613483,0.0869749801879316,0.0855966357105309,0.114641598119859,0
GL26130_CD31posP2_G04_R1,0.173366284383004,0.0891774127068245,0.0699090412048313,0.0624940420258474,0.0233595618832253,0.0537194418214248,0.00857222425286756,0.0267191872064044,0.203556390576698,0.0860426802584498,0.0814195037507213,0.123703717867819,0.10275859466395,0.104530498607947,0.111633372502938,0
GL26130_CD31posP2_C09_R1,0.111994954370519,0.0478125184007537,0.0799741537849794,0.0509866405196715,0.0234441701086831,0.0394921834015318,0.0056916087932745,0.031665296288506,0.237901076644281,0.082528895410199,0.0656829610089852,0.0363883205537603,0.036482508773916,0.0376438292155832,0.0737015276145711,0
GL26130_CD31posP2_H01_R1,0.20956095300614,0.060501678148737,0.083875938167901,0.0548405986572429,0.00906846343770912,0.0463225264924982,0.00574382538770821,0.0513031340229841,0.214602654301247,0.0830630421911602,0.0737119775781057,0.0319712411801824,0.0581908751273633,0.0600432217744291,0.083807285546416,0
GL26130_CD31posP2_G07_R1,0.278191811149297,0.344903727256668,0.0639196779163974,0.0601925617246122,0.0237364530693557,0.0497534361557024,0.0394583398604076,0.0843515561759438,0.206394574139218,0.0947756583519963,0.122562031159838,0.019899165662785,0.0320672478206725,0.0330880205595468,0.0393419506462985,0
GL26130_CD31posP2_D08_R1,0.231313794390599,0.103161985514927,0.0700830061136239,0.078073293295747,0.0147449062002446,0.0469730353583045,0.0179886167824135,0.0747334136438674,0.245942596738088,0.0977874739362113,0.0684279943945264,0.0257758571237356,0.0501339673195215,0.0517298444405506,0.0925969447708578,0
GL26130_CD31posP2_E03_R1,0.177395065065452,0.0962138609197433,0.0824842188975595,0.0736473696395255,0.0168985701209898,0.047906830343091,0.0228012462360538,0.034463417276963,0.229686334079522,0.113271295080701,0.0951116973044267,0.124118018241964,0.103362391033624,0.106584506356716,0.17090481786134,0
GL26130_CD31posP2_E08_R1,0.160868054214774,0.132220455749868,0.0704309359312093,0.0632566627173809,0.0152525555529917,0.0482530689329556,0.015908655770804,0.0532216634478715,0.197613527342501,0.0712925064998584,0.0911796224548677,0.0526990075912576,0.0730593607305936,0.0707707883106516,0.049165687426557,0.0219336984042866
GL26130_CD31posP2_H11_R1,0.145087590583208,0.129423541188247,0.0542273472836622,0.0504419114542904,0.0155371468568044,0.0228307627741056,0.0187631629331802,0.0421885257917918,0.197560228120669,0.0667426056066105,0.0643475393619652,0.0318501379938938,0.0341333635231518,0.0352199053793587,0.0282021151586369,0.014867808985456
GL26130_CD31posP2_B05_R1,0.175399981979895,0.082670906200318,0.0759978130125752,0.0471599188353693,0.00723784910507572,0.0461441611583255,0.00622247750335056,0.0473832150983804,0.229406513164908,0.0731394959713749,0.0712307311845685,0.0233856626575138,0.0527755764368467,0.0544555419270681,0.130669800235018,0.0283518812930578
GL26130_CD31posP2_E01_R1,0.119215867989857,0.0689218630395101,0.0503007107709131,0.0287889311053915,0.0125604756520602,0.028496485153709,0.011026404191252,0.0348968392068379,0.262045624133888,0.0502934589543594,0.0424120023081362,0.0535339821914578,0.0414449601871769,0.0413429900901427,0.0540540540540541,0
GL26130_CD31posP2_A03_R1,0.131984399737421,0.0973620679503032,0.118370694368507,0.0447358744944233,0.010722169662567,0.0686706536564893,0.00649226324125807,0.0333543670446361,0.239666613367445,0.0811710041959482,0.093265188360399,0.0317609040671549,0.0500584927733122,0.0516519673695072,0.0702232667450059,0.0122475416593064
GL26130_CD31posP2_F10_R1,0.131083394472976,0.121062238709298,0.103658233510612,0.0665114188830331,0.0252747844413165,0.0484209421886476,0.00280229056794249,0.0342530801639355,0.219825978040721,0.0768077329008675,0.0522710411342841,0.112734318730839,0.108249367900675,0.105533165897631,0.151116333725029,0
GL26130_CD31posP2_B12_R1,0.132100243271421,0.0527291997880233,0.0590486604702023,0.051694788304667,0.00864542231041989,0.0347182876927919,0.0130715541399057,0.0357190661032182,0.22414987741179,0.0645287924421448,0.0696974692935455,0.0222065000541777,0.0175667006302125,0.0181258882853416,0.0124089306698002,0.0577342047930283
GL26130_CD31posP2_H05_R1,0.220913619338147,0.124447977389154,0.106913862518018,0.0481676676063243,0.017044711601326,0.052964012170811,0.0197117643987259,0.0573009286702233,0.190498081228014,0.0855793240147244,0.0852361717912785,0.0256675016412669,0.0395297935771161,0.0407881159589588,0.0600235017626322,0
GL26130_CD31posP2_A12_R1,0.177253478523896,0.0764882529588412,0.0860629255927233,0.0582043006359712,0.0136834575535916,0.0426293148672752,0.0104433188867422,0.0445149817389143,0.254090715275557,0.084163513270008,0.0913280026378699,0.0196952024016674,0.0498509377712366,0.051437805424138,0.0995064629847238,0.00800800800800801
GL26130_CD31posP2_C01_R1,0.147790606376543,0.0521403756697874,0.0354391371340524,0.0154703054568234,0.00568413441939528,0.0385688804952261,0.0133239343463353,0.0490595381506906,0.297049888071634,0.0682227713851778,0.0724754760530871,0.0220599014602495,0.0153685044718669,0.0158577185912038,0.0406110458284371,0
GL26130_CD31posP2_C03_R1,0.20967679654014,0.0465465465465465,0.0721208807594811,0.0965940815187046,0.0193983586004261,0.0475396075962648,0.0140201556054514,0.0623490193828837,0.209106172049888,0.0849872577032976,0.0770258016651554,0.0322835599237687,0.0482376693460131,0.0497731830305862,0.126533490011751,0
GL26140_CD31posP2_F03_R1,0.178012897246785,0.101513277983866,0.0705303444505194,0.0626302242921927,0.0160986378075701,0.0391774210471094,0.00790211129096827,0.0429470141690728,0.245263031659738,0.0899619018199604,0.0790206907921853,0.0465928574615497,0.0547096116834598,0.0564511418725542,0.0915158636897767,0
GL26140_CD31posP2_H02_R1,0.16530872301811,0.0560266148501443,0.0562403697996918,0.0604240715773992,0.0177984939735869,0.0455251285279614,0.00835465510939377,0.0329528143743108,0.195967913868458,0.0936237032460679,0.0738438710741077,0.109776851444634,0.0864560926827427,0.0892081848801667,0.151680376028202,0
GL26140_CD31posP2_H01_R1,0.178810930481008,0.0508744038155803,0.0639196779163974,0.058844357287794,0.0219519886778811,0.0511278984366803,0.00137503698675439,0.0394477694705241,0.178212610595885,0.0791373851262646,0.0732750803725991,0.103154419310222,0.0867957281406845,0.087407277612289,0.100164512338425,0.00883236177353824
GL26140_CD31posP2_E01_R1,0.201040017505245,0.130041806512395,0.065882996172772,0.0595797415260585,0.0145295398081701,0.0424194732976603,0.0175099646667711,0.0504809071266038,0.213276836158192,0.0939905269390172,0.0826972219932405,0.0318118948824343,0.0600116985546624,0.0619220061133501,0.131750881316099,0
GL26140_CD31posP2_H11_R1,0.161434400380997,0.0704528057469234,0.0370545255728416,0.0507278942136155,0.00968379598649345,0.0500052460392404,0.0152907594033384,0.0370257057447527,0.254590395480226,0.079349756737972,0.0756491633006347,0.043520660840966,0.0576625533038983,0.0594980822771256,0.110035252643948,0
GL26140_CD31posP2_H06_R1,0.126372424090306,0.0355649767414473,0.0408320493066256,0.0587626479279868,0.0109606110252209,0.0424404574546218,0.00911179572868258,0.0295300558986813,0.235116192303592,0.0827670090354468,0.0819718077652296,0.0656124315607651,0.0702856711574022,0.0681327025290579,0.0709753231492362,0
GL26140_CD31posP2_A03_R1,0.270185735799513,0.0972148619207443,0.0373030468711169,0.0372458498454331,0.00814546461453262,0.0429335851432169,0.0143073468748368,0.0805399927338088,0.229812919731372,0.0932826215666589,0.0658395845354876,0.0312573697662709,0.0385580587946715,0.0397854486692755,0.0505757931844888,0
GL26140_CD31posP2_A01_R1,0.217953173469256,0.12865806983454,0.0571350464734828,0.0602197981778813,0.0161986293467476,0.0321687126219704,0.0271787374027466,0.0472047472449025,0.179265270227055,0.0635570314309985,0.0649410600939741,0.0461275662721252,0.0479735084342805,0.0495006132819345,0.0851703877790834,0
GL26140_CD31posP2_C08_R1,0.116705924753189,0.0751633986928105,0.107336348725086,0.0626029878389236,0.0136065409849936,0.0375196726471514,0.0185020799610116,0.0253488090457706,0.229066730625733,0.0618838005508791,0.0577940812793669,0.0297148976040691,0.0329446394203555,0.0339933415104258,0.0663219741480611,0.0304422069127951
GL26140_CD31posP2_C06_R1,0.203356888185247,0.0479008420184891,0.0553953973855559,0.0702291947542591,0.0126758505049573,0.0484209421886476,0.00826762745200425,0.02794296677311,0.223603560388018,0.0977359899091307,0.0797461050201962,0.0827453454946428,0.0653515226989698,0.0674318088896677,0.0681551116333725,0
GL26140_CD31posP2_D01_R1,0.143028149978762,0.0677442148030383,0.0462995178686813,0.0562296577739647,0.0141526486220397,0.0491239114468576,0.00619636920613371,0.0371468089310413,0.261479319901929,0.0870208767729812,0.0661610749319924,0.0208424957454539,0.0508698441450621,0.049490878648054,0.0948061104582844,0
GL26140_CD31posP2_C02_R1,0.129461584996975,0.0417770711888359,0.0728167403946518,0.0458525690784546,0.0126220089069386,0.0502990242367013,0.0168572572363497,0.0213842731577975,0.252798209146146,0.0714083455607898,0.0892341933888385,0.0347884837243691,0.0491527982188007,0.0507174425169869,0.0792479435957697,0
GL26140_CD31posP2_A11_R1,0.255911238109948,0.157186598363069,0.0826581838063522,0.0694121011561874,0.0135450077301151,0.0467946700241318,0.0179102918907629,0.049448343117196,0.228167306257329,0.10411357376374,0.0739015744786085,0.0300272163476554,0.0565493037473112,0.0556626365282402,0.104300822561692,0
GL26140_CD31posP2_A06_R1,0.203022229087024,0.0934463875640346,0.106118594363537,0.0611730740422982,0.010252978594119,0.061221277935159,0.00696221259116147,0.0759125762472035,0.187073606225349,0.0929351043838649,0.0753524029346303,0.0273438246935771,0.0573417864825088,0.0556723711621206,0.0541950646298472,0
GL26140_CD31posP2_G10_R1,0.177806953186341,0.138638638638639,0.108777772255082,0.0448448203074996,0.0137911407496289,0.0446228097786171,0.00731032322071954,0.0385618040550446,0.228493763991046,0.0788606584807064,0.0882944522298244,0.0315059499907579,0.0444167704441677,0.0458306563090162,0.0613396004700353,0.0230524642289348
GL26140_CD31posP2_H10_R1,0.164176030685665,0.076370488135194,0.0516924300412545,0.0543639607250344,0.0169139534347094,0.0568985416010912,0.0108175378135171,0.044961151372609,0.250946061187507,0.0974785697737277,0.0902069079218531,0.0375356138975467,0.0486716479867165,0.0468041196970582,0.0809400705052879,0
GL26140_CD31posP2_E08_R1,0.185349654400124,0.0726903373962197,0.025547989462697,0.0315261946589315,0.0102299036235395,0.0412443605078166,0.0207909073503559,0.0503470562364954,0.239346818036457,0.0791631271398049,0.0745692853021185,0.0652937389652689,0.0696818747877278,0.0715787629227265,0.0410810810810811,0
GL26140_CD31posP2_A04_R1,0.168204811368112,0.107754813637167,0.0943386848252895,0.0607100543367243,0.0129527501519102,0.0382121498268807,0.0122360886289663,0.0414555328221504,0.19366938492698,0.0735706746981749,0.0819388343912291,0.063846874581716,0.0557096494207329,0.0574830130638787,0.0673560517038778,0
GL26140_CD31posP2_H03_R1,0.190691328467905,0.0929164458576223,0.069660519906556,0.0701066307145484,0.0172293113659613,0.0488721015633197,0.00420343585191374,0.0336029472691231,0.18910563905767,0.077541380286766,0.06733162970901,0.0862254686374617,0.0837390090192083,0.0864046103226058,0.129400705052879,0.02002002002002
GL26140_CD31posP2_C01_R1,0.206703479167471,0.091679915209327,0.0464983349073016,0.05074151244025,0.0228519125304782,0.047035987829189,0.00456024924721076,0.0609403981107903,0.24216501439079,0.11234458259325,0.0872887643228093,0.0900370320795967,0.0804086946677233,0.082306329458949,0.150035252643948,0
GL26140_CD31posP2_D08_R1,0.236217837329935,0.0962727433315669,0.0693871464784532,0.0869659952880936,0.0292282960672558,0.0466267967684398,0.0120533305484483,0.0563384770318246,0.154587730519134,0.0910688084021932,0.0904294781963564,0.0252085843037523,0.0514264689233556,0.0530634892821681,0,0.00256138491432609
GL26140_CD31posP2_F04_R1,0.168732543023001,0.0919743272684449,0.0858641085541031,0.0472007735152728,0.0109529193683611,0.0463540027279404,0.0128191739334761,0.0372487905616001,0.250992698006609,0.078139882101578,0.0819882944522298,0.0339981260875385,0.0529925657571984,0.0546794385063178,0.0864394829612221,0
GL26140_CD31posP2_A07_R1,0.218287832567479,0.110257316139669,0.0560664048908992,0.0451852759733627,0.006637899870011,0.0254747665512538,0.0162828746975789,0.048090712660382,0.24765483423942,0.0739761114114346,0.0813453136592202,0.0227865205779809,0.0252745386618363,0.0260790841656445,0.0468155111633373,0
GL26140_CD31posP2_C04_R1,0.174241546639894,0.0799034328446093,0.0717480988120682,0.0773515272841171,0.0204213489627801,0.0595635295352009,0.0146815658016118,0.0532662804112409,0.197813399424368,0.0820076196360079,0.078402440029676,0.0353748781000822,0.0471149854711499,0.0474076669976442,0.063454759106933,0
GL26140_CD31posP2_H09_R1,0.169453347234557,0.0723076017193664,0.0557433272031413,0.0638967193692037,0.0109221527409219,0.0393767705382436,0.0168833655335666,0.0301164502743943,0.211444675407739,0.0900391278605813,0.0686423213255296,0.107240058384483,0.0904845465866636,0.0926445106399548,0.144723854289072,0
GL26150_CD31posP2_C04_R1,0.157392748194772,0.117264323146676,0.0460261444405786,0.0504146750010214,0.0228057625893194,0.0615360402895814,0.00774546150766714,0.0375483616013666,0.271046530220659,0.0863966329446289,0.0887231060918308,0.0445149817389143,0.0462847654628477,0.0477581138173393,0.0754876615746181,0.033327445092151
GL26150_CD31posP2_F03_R1,0.167625593698112,0.080374492139198,0.0467965604652319,0.0471190641554657,0.0169216450915692,0.0392298814395132,0.0147424851617844,0.0396772281392814,0.240159631169385,0.0810744716451721,0.0778501360151678,0.0810562747385127,0.0742103475602853,0.0765726301033818,0.116850763807286,0.0343873285049756
GL26150_CD31posP2_H03_R1,0.168076096330334,0.0693340399222752,0.0341716785128486,0.0454848769593224,0.0200829160609487,0.0447592067988669,0.00736253981515326,0.0407480352601488,0.160863713889777,0.073062269930754,0.0837935866787569,0.0899477981528577,0.0792105362466508,0.0790160232073672,0.083572267920094,0.0387446269799211
GL26150_CD31posP2_H11_R1,0.155796681726326,0.143143143143143,0.06871613897311,0.0376271601911999,0.0143141734160956,0.0435840940090232,0.018980732076654,0.0460192107896565,0.260419997868031,0.0709449893170644,0.0785920369301789,0.0261136712749616,0.0444828106721008,0.0458987987461792,0.109001175088132,0.0129835718071012
GL26150_CD31posP2_F01_R1,0.186031844100346,0.0758111052228699,0.0740344947562006,0.0450218572537484,0.0143526317003946,0.0203756164096107,0.00251509929855708,0.054107628863351,0.223896706108091,0.0830244291708497,0.0506306157777595,0.0454838072292228,0.0560398505603985,0.054290053151101,0.0790129259694477,0
GL26150_CD31posP2_F11_R1,0.158834356617884,0.0807866690219631,0.0486356180724688,0.0562568942272337,0.0152140972686926,0.0539712517049628,0.0172836927575584,0.0369046025584642,0.232571154461145,0.07960074136999,0.0787404171131811,0.0401871362920754,0.0667949733952225,0.0659910830753655,0.0901997649823737,0
GL26150_CD31posP2_E01_R1,0.158422468496995,0.0623270329152682,0.0626522192951936,0.0681183696259073,0.0143680150141142,0.0538138705277516,0.00913790402589943,0.0446297110732929,0.260493284298049,0.0880248153010528,0.0769186381996538,0.0429980049843522,0.0598984867353485,0.0587485154683332,0.0809870740305523,0
GL26150_CD31posP2_D11_R1,0.186482346732569,0.0836424659954072,0.0357622148218102,0.0447767291743269,0.00873772219273754,0.068932955618508,0.0142377247489252,0.0449165344092395,0.218400223856732,0.0813447627873452,0.0819635644217295,0.0260881758673219,0.0557662553303898,0.0575414208671612,0.0976733254994125,0.0201966672554908
GL26150_CD31posP2_D01_R1,0.15100848232099,0.0718071012188659,0.0463989263879915,0.0376135419645654,0.0110221442800994,0.0541391249606547,0.00551755347849547,0.0420674226055032,0.257268681377252,0.0938167683476201,0.0707855906355618,0.0297403930117088,0.0501339673195215,0.0490820240250764,0.100305522914219,0
GL26150_CD31posP2_G03_R1,0.117787131070523,0.118883589471825,0.0707043093593121,0.0619765494137353,0.0194906584827438,0.0500891826670863,0.00889422658520878,0.0432019682454698,0.226661603240593,0.0883916389940021,0.0942791196109142,0.0296256636773301,0.046888561832522,0.0439810758717365,0.0698472385428907,0.0300889124418536
GL26150_CD31posP2_G08_R1,0.182118906951899,0.100630041806512,0.0507977533674636,0.0647955223270826,0.00926844651606403,0.0604868324415067,0.0205820409726211,0.0523102026247522,0.2590075684895,0.0795235153293691,0.0844283241282664,0.0195422299558292,0.0457847465942111,0.0472421782216771,0.0683901292596945,0.0334157687098864
GL26150_CD31posP2_F04_R1,0.208698562253028,0.11305423070129,0.0475918286197127,0.0426795222726097,0.0165062956211398,0.0473402581051306,0.0312516317685761,0.0667087340892722,0.232544504850229,0.0978711354802173,0.067397576457011,0.0345908943151615,0.0559549416959131,0.0577361135447696,0.117790834312573,0
GL26150_CD31posP2_G01_R1,0.203472731719247,0.0694223635400106,0.0316616134002684,0.035952118315153,0.00686864957580512,0.0584094009023187,0.0138722085878892,0.0379626619755117,0.213223536936361,0.093289057070044,0.0777182425191658,0.0643822781421496,0.0532944639420355,0.0549909467904912,0.065005875440658,0
GL26150_CD31posP2_H05_R1,0.158731384587661,0.087675911205323,0.0597693722352006,0.0303550271683621,0.00919922160432579,0.0413387892141433,0.0121490609715768,0.0318246425862541,0.235602547702804,0.0896658686642469,0.0789547440441843,0.0249663779311751,0.0356239858107853,0.036757977532465,0.0441363102232667,0.0100983336277454
GL26150_CD31posP2_H10_R1,0.106241392181849,0.112229876935759,0.0525871067150455,0.0552082907763751,0.0198290913845752,0.0389256111635715,0.0162306581031452,0.0437118763982638,0.206234676473723,0.0692138389064793,0.0707114005440607,0.0947218132333913,0.105494546964036,0.10436500983198,0.171421856639248,0
GL26150_CD31posP2_C05_R1,0.118482192274523,0.103161985514927,0.0464983349073016,0.0730617858942409,0.0133604079654798,0.0576224950162627,0.0239152002506397,0.0370512011523924,0.229033418612088,0.072199912477154,0.0802324622867035,0.0290137738939773,0.0649364126948187,0.0670034849989292,0.107873090481786,0.074368486133192
GL26150_CD31posP2_H02_R1,0.142719233888095,0.0771948419007243,0.0539291217257319,0.0442456183355803,0.012452792456023,0.060927499737698,0.00666631855603711,0.0320413535511916,0.259120829335892,0.0820912811800139,0.0905119116313577,0.0672823807611654,0.0898241443073323,0.0882639253937659,0.0816451233842538,0.0447506329859271
GL26150_CD31posP2_A03_R1,0.135755750344313,0.093387505152211,0.0754262140265421,0.0503329656412142,0.0164832206505603,0.0381806735914385,0.0133152315805963,0.0425645830544773,0.263364779874214,0.078654722372384,0.0878740417113181,0.0208424957454539,0.054841692139326,0.05658742674688,0.0801880141010576,0
GL26150_CD31posP2_B01_R1,0.122356514911637,0.11585114526291,0.0817138028729062,0.0402963326115673,0.0113067355839121,0.0589654810617983,0.0132543122204237,0.0311426404318922,0.256329282592474,0.0790086750585631,0.083397906190751,0.0403337348860037,0.0593984678667119,0.0612892549111228,0.0730434782608696,0.0173408702820468
GL26150_CD31posP2_F06_R1,0.125600133863639,0.0435729847494553,0.057333863512103,0.0521578080102409,0.0185907346301467,0.0707375931171965,0.00762362278732181,0.0293643357490232,0.226015350175887,0.0758745849100317,0.089465007006842,0.0374846230822673,0.0512094796030039,0.0516714366372681,0.0681551116333725,0
GL26150_CD31posP2_A10_R1,0.132885405001866,0.0399811576282165,0.0727918882648243,0.0497201454426605,0.00853773911438263,0.0525443290315812,0.0138199919934555,0.0381984944961789,0.221364993071101,0.0656678765413031,0.0783035199076745,0.0301993103492233,0.0477942563870335,0.0449934777953001,0.080235017626322,0.0268209385856445
GL26150_CD31posP2_B11_R1,0.10797904519185,0.121356650768415,0.0789055122023958,0.0334872192943035,0.0224980963149272,0.0382541181408037,0.00919882338607209,0.0363564512942106,0.192809934974949,0.0750765824902824,0.0919380100568791,0.0208424957454539,0.0355296426280237,0.0350933551389132,0.0733725029377203,0
GL26150_CD31posP2_B10_R1,0.165617639108777,0.126832715068009,0.0466722998160942,0.0418896651278071,0.00979147918253071,0.0659322211730144,0.0138809113536282,0.0554716331720749,0.216787922396333,0.0961979046000978,0.0845190009067678,0.0353621303962624,0.0489075059436205,0.050464342036096,0.052502937720329,0.013013013013013
GL26150_CD31posP2_D02_R1,0.179415891158564,0.118559736206795,0.0770664545951588,0.0460568424779725,0.0134834744752367,0.0545693001783653,0.0111047290829025,0.048345666736779,0.220465568702697,0.0671480423198703,0.0708432940400626,0.0350498116526761,0.0572097060266425,0.0590308198508654,0.108061104582844,0.0249661426132014
GL26150_CD31posP2_A08_R1,0.211543164587919,0.0794618147559324,0.0464983349073016,0.0446677833612507,0.0258747336763812,0.0585353058440877,0.0126190103214802,0.0435397823966958,0.211677859503251,0.0951617885551008,0.0914928695078724,0.0530113263348439,0.0644741310992868,0.0665264879387886,0.100587544065805,0.011305423070129
GL26150_CD31posP2_A04_R1,0.123643665289416,0.0804922569628452,0.0720960286296536,0.0616905666544103,0.0115451769465661,0.0633196936313084,0.0172575844603415,0.0308876863554952,0.256249333759727,0.0723157515380853,0.0759294369796389,0.0372296690058703,0.031982338956187,0.033000408854623,0.0718213866039953,0.0429252782193959
GL26150_CD31posP2_A06_R1,0.158615541053661,0.123358652770417,0.0456036582335106,0.0566382045730005,0.0109144610840621,0.0553771902213829,0.0160653055541051,0.0540120210847021,0.260833066837224,0.0801477591577213,0.0900420410518506,0.0258395956428348,0.0355013396731952,0.0366314272920195,0.0665569917743831,0.0139845728081022
GL26150_CD31posP2_C03_R1,0.15641451390766,0.107902019666726,0.0554699537750385,0.057863844970108,0.0118989931621171,0.0460917007659217,0.0124101439437453,0.0482245635504905,0.257435241445475,0.0800447911035601,0.105473580084082,0.0247624146700576,0.0399826408543719,0.0395712867239063,0.0702702702702703,0.0025319437084143
GL26150_CD31posP2_C08_R1,0.169363246708113,0.0667137725961255,0.0390924002186987,0.0382672168430227,0.0164063040819623,0.0512747875354108,0.0094686091239796,0.0341765939410164,0.254730305937533,0.0888549952377275,0.0848075179292721,0.0551338190208489,0.0641061926865165,0.0661468372174523,0.0825851938895417,0.0379791556262144
GL26150_CD31posP2_F05_R1,0.157070960600327,0.0839368780545251,0.0406332322680054,0.051722024757936,0.0068301912915061,0.0223691113209527,0.0195725201469027,0.0360122632910747,0.272139164268202,0.079349756737972,0.0621712966779326,0.065873759489072,0.0642854447337635,0.0628273270642291,0.142232667450059,0.0497556379909321
GL26150_CD31posP2_B07_R1,0.176223758221673,0.066507684154743,0.0328048113723346,0.0461385518377797,0.0103760451038758,0.0703493862134089,0.000504760412859207,0.0486643593322753,0.236122215115659,0.080720518958993,0.0745775286456187,0.0155012078449369,0.0350956639873203,0.0362128380351615,0.0375088131609871,0
GL26150_CD31posP2_G10_R1,0.168977101594779,0.12503680150739,0.0568865251752075,0.0221568547343765,0.0107913945743053,0.0515056132619872,0.0110699180199467,0.0586266898674876,0.210458639803859,0.0820912811800139,0.0883768856648257,0.027688012696713,0.0397373485791917,0.041002277904328,0.0663219741480611,0.0245834069363481
GL26150_CD31posP2_E11_R1,0.200834073444801,0.124359653771418,0.0566877081365873,0.0469147907559478,0.0118989931621171,0.0452418424089812,0.0233321149461299,0.0621450561217661,0.228353853533738,0.0757072618220197,0.0802736790042041,0.0443173923297066,0.062558964489226,0.0645503572610634,0.0892126909518214,0
GL26150_CD31posP2_E08_R1,0.153209509466991,0.117146558323029,0.0549977633083155,0.0448992932140377,0.0122066594365092,0.0433112999685238,0.0125145771326127,0.0349796992816669,0.249473670184415,0.0914999871289932,0.0953012942049295,0.0945879623432829,0.0996452696328163,0.101327804061289,0.138002350176263,0.0155449567214273
GL26150_CD31posP2_B08_R1,0.127517987926529,0.205175763999293,0.0603161190914061,0.031049556726723,0.0128219919852936,0.048651767915224,0.0105651576070875,0.0372424167096902,0.216368191024411,0.0764280382011481,0.0666227021679993,0.0338069105302407,0.0521906487037247,0.0538519946264821,0.0792009400705053,0.0339751516222104
GL26150_CD31posP2_B05_R1,0.155088749018548,0.0714243655420126,0.0537303046871117,0.05146327845188,0.00908384675142873,0.06474661630469,0.0144726994238769,0.0349542038740272,0.232744376932097,0.0871495868406827,0.0796801582721952,0.051143787725236,0.0745594173365033,0.0718805365730195,0.081786133960047,0
GL26150_CD31posP2_H07_R1,0.130800221389865,0.0579697344403227,0.0532829663502162,0.0519399163840885,0.00634561690933844,0.0507711677683349,0.0141506970915357,0.0429788834286224,0.268441530753651,0.0802507272118825,0.0756574066441349,0.0316398008808663,0.0479357711611759,0.0455678211942449,0.083807285546416,0.0239945828181122
GL26150_CD31posP2_H01_R1,0.191836892304128,0.152328799387623,0.0431930016402406,0.0573327341313614,0.0070147910561414,0.045913335431749,0.0145162132525717,0.0542606013091892,0.194528834879011,0.0695677915926584,0.0782128431291732,0.0264706069819174,0.036482508773916,0.0376438292155832,0.0799529964747356,0.0184007536948713
GL26150_CD31posP2_E03_R1,0.204772753600803,0.0960372136842725,0.060639196779164,0.071155234165407,0.0159371130135142,0.0499527856468366,0.010121316554401,0.0659311241562614,0.221711438013005,0.0785195768012974,0.0799192152336988,0.0302056842011333,0.051624589607155,0.0532679165936569,0.107873090481786,0
GL26150_CD31posP2_D05_R1,0.135820107863202,0.142789848672202,0.0955315870570108,0.0540643597390748,0.0175062110129143,0.0563214772846501,0.00890292935094773,0.0287843152252201,0.237308122801407,0.0825610729271244,0.0771576951611574,0.049869017343251,0.0743801652892562,0.0722309833927146,0.10641598119859,0
GL26150_CD31posP2_E06_R1,0.120837677465858,0.119207442736855,0.102862965356131,0.055671310481949,0.00926075485920422,0.0660161578008604,0.00796303065114093,0.0449547775206991,0.252231904914188,0.073493448657554,0.0838265600527574,0.0497797834165121,0.070276236839126,0.0696610400482838,0.105616921269095,0.0302950008832362
GL26150_CD31posP2_G06_R1,0.138008263505425,0.13422245775187,0.046945673244197,0.0293608966240416,0.00930690480036305,0.0596159899276047,0.0256905644613858,0.0435716516562454,0.228693636072913,0.0736607717455659,0.0773225620311598,0.037344398340249,0.0476433072946149,0.043971341237856,0.0674500587544066,0.025172231054584
GL26150_CD31posP2_F02_R1,0.180561454994787,0.0641523876817994,0.0748297629106814,0.0608598548297041,0.0125066340540416,0.0517259469100829,0.00489095434529093,0.0310342849494235,0.249833439931777,0.0744201611450048,0.0770917484131564,0.0411814571900236,0.0681440809087135,0.0692424507914257,0.0608225616921269,0.0155155155155155
GL26150_CD31posP2_A07_R1,0.143028149978762,0.137549314019902,0.0724688105770665,0.0562705124538683,0.0127989170147141,0.0718602455146364,0.0103301829321358,0.0383769623496568,0.259986941690651,0.0839447061549154,0.0797296183331959,0.0213460300463379,0.0474640552473678,0.0489749430523918,0.0861574618096357,0.0448683978095743
GL26150_CD31posP2_D04_R1,0.132898276505644,0.081669905199317,0.0270888215120036,0.0516403153981289,0.011114444162417,0.0466372888469206,0.006866482168033,0.0326213740749947,0.226448406353267,0.081582876412593,0.0781881130986728,0.0314485853235686,0.0547096116834598,0.0516617020033877,0.0709283196239718,0.0455749867514573
GL26150_CD31posP2_F10_R1,0.150982739313434,0.0610905022669729,0.0751776927282668,0.0398469311326279,0.00920691326118559,0.0471409086139964,0.0092336344490279,0.0328699542994818,0.265370163095619,0.0889772698020439,0.0815019371857225,0.0630756385006151,0.0853051058530511,0.0879621517434729,0.0962632197414806,0.0272625566743214
GL26150_CD31posP2_A09_R1,0.189481407112793,0.13619501854796,0.0661563696008748,0.0441502907491386,0.0120605179561729,0.0369216241737488,0.0170052042539119,0.0611698567795476,0.216161656539815,0.0896658686642469,0.0902810980133542,0.0273055815821175,0.0517189327899166,0.0527714502657555,0.0769447708578143,0
GL26150_CD31posP2_B02_R1,0.140659793283649,0.0396573043631867,0.0704309359312093,0.039411147880323,0.0124220258285837,0.0703179099779666,0.0073190259864585,0.0414810282297901,0.253604359876346,0.0814927793652019,0.101195284807518,0.0202943444812003,0.0527850107551228,0.0544652765609485,0.0742185663924794,0
GL26150_CD31posP2_A01_R1,0.123077319123193,0.0655950067714774,0.0661812217307023,0.0685813893314813,0.0208366984332095,0.0512747875354108,0.00948601465545751,0.0328827020033017,0.245889297516256,0.0823680078255721,0.0620476465254307,0.0596465061730756,0.0666440243028039,0.0687654537312852,0.13005875440658,0.0365365365365365
GL26150_CD31posP2_B12_R1,0.159362088272773,0.0979214508626273,0.112008549132661,0.0598929607386526,0.0192906754043889,0.0613891511908509,0.0118183558734966,0.0325385140001657,0.193003144654088,0.0778760264627899,0.084733327837771,0.0398429482889395,0.0644175251896298,0.0664680801355061,0.093207990599295,0.0861155272919979
GL26150_CD31posP2_E05_R1,0.145229177124763,0.140405110993346,0.0449823549878225,0.024880500061282,0.0108529278291837,0.0238799706221803,0.00529128156928272,0.0589007654996144,0.229286589915787,0.0734162226169331,0.0847085978072706,0.0151442721379811,0.0230197365938337,0.0237525066682242,0.0117508813160987,0
GL26110_CD31posP2_A06_R1,0.155680838192326,0.278661013955132,0.15912818728565,0.137544089008729,0.0496573366868957,0.0753016472563215,0.00667502132177606,0.0181973472028351,0.218333599829443,0.109950575334003,0.0900173110213503,0.13211082853701,0.112438205215291,0.116017366586843,0.150129259694477,0.00223753164929636
GL26110_CD31posP2_G06_R1,0.12565161987875,0.348937172466584,0.0922511059197773,0.0748185371300949,0.0247671350885694,0.0512957716923723,0.0166483908586149,0.00977748882982453,0.260586557936254,0.0772582181378227,0.0879152584288187,0.0973988310355597,0.0783048416921393,0.080797461207484,0.0897767332549941,0
GL26110_CD31posP2_E12_R1,0.140878608847872,0.363098392510157,0.230230130722203,0.130149391946181,0.0334510156832883,0.0772007134613367,0.0115311646041112,0.0430744912072713,0.18059108837011,0.0861906968363065,0.0961008985244415,0.0268849073560625,0.053322766896864,0.0550201506921325,0.0771797884841363,0
GL26110_CD31posP2_G03_R1,0.111956339859186,0.250014720602956,0.0347929817585367,0.0552491454562787,0.0344047811339041,0.0863812821319904,0.0315736341009173,0.0185479090578809,0.2475349109903,0.0696514531366643,0.109702415299646,0.0646691014780963,0.0685969281859693,0.0707805229445321,0.0690951821386604,0.0244067597008773
GL26110_CD31posP2_C08_R1,0.187460581019681,0.178590355060943,0.0308166409861325,0.0413313178357914,0.0122912676619671,0.076980379813241,0.0436443701808435,0.0620813176026668,0.252338503357851,0.0578101269081268,0.0846344077157695,0.0121868048517761,0.0372749915091136,0.0384615384615385,0.00667450058754407,0
GL26110_CD31posP2_B06_R1,0.238303020941937,0.554407348524996,0.219270341468264,0.10379812340837,0.055618370753244,0.0707795614311195,0.0462203888395732,0.0454136948582137,0.252018708026863,0.07702654001596,0.109957958948149,0.0126584698931105,0.0329069021472508,0.0321826996086677,0.00413631022326675,0.00232585526703174
GL26110_CD31posP2_C09_R1,0.0833043724498333,0.425484307837249,0.246856205576818,0.137448761422288,0.0588642499480813,0.0640121708110377,0.0257949976502533,0.0304478905737104,0.182090128984117,0.0513295749993564,0.0642733492704641,0.0205174292980477,0.0269349786784407,0.0277923797285984,0.0314923619271445,0.0208443737855503
GL26110_CD31posP2_F01_R1,0.0852222265127235,0.104162986515928,0.0791291813708435,0.0495567267230461,0.0359969541038835,0.046952051201343,0.0117313282161071,0.00843897992874034,0.195654780940198,0.0669421062115479,0.063267661363449,0.113894359778445,0.109938110872108,0.113437688608531,0.106180963572268,0
GL26130CD45neg_P2_H11,0.20194102276969,0.0411588058646882,0.0730901138227546,0.0726668573218396,0.0370814777211159,0.0425663623963907,0.0144030772979653,0.0360951233659037,0.073932683082827,0.0872139418745334,0.0869507872393043,0.0688822175905565,0.0898524472621608,0.0927126530771178,0.161598119858989,0.100365070953306
GL26130CD45neg_P2_D01,0.148511410588099,0.111111111111111,0.118470102887817,0.0758399041276845,0.0500649945004653,0.062050152135138,0.0100603971942283,0.0368599855950947,0.104919518175035,0.0668841866810822,0.0631110378369467,0.0635473035419495,0.0755122834823956,0.0779160095788797,0.111915393654524,0.0548784078195843
GL26130CD45neg_P2_E12,0.131044779961643,0.110905022669729,0.109771857448183,0.0807152292628454,0.0425117874641376,0.0372993389990557,0.0127147407446086,0.0184204320196825,0.0955188679245283,0.0666203310422941,0.0751133459731267,0.0603476298831673,0.078578436922148,0.0810797655900162,0.140540540540541,0.0261437908496732
GL26130CD45neg_P2_C12,0.166750331441222,0.056497674144733,0.0424474377454148,0.0411815173428116,0.0280283975971264,0.0410345189382017,0.00560458113588498,0.0413790465992313,0.0580961517961838,0.0761448760522048,0.0885005358173275,0.122091133334608,0.115164723197102,0.116611179253548,0.111210340775558,0.0449567214273097
GL26130CD45neg_P2_A09,0.179415891158564,0.0951245363010069,0.0924002186987425,0.0695619016491672,0.048742029520579,0.0486832441506662,0.0190677597340435,0.0439413350670211,0.0537056283978254,0.0767819908873272,0.0453796059681807,0.0464717542752612,0.0477942563870335,0.0493156552382065,0.0523149236192714,0.164075840546429
GL26130CD45neg_P2_H05,0.176609903335007,0.126391096979332,0.0496048511357423,0.0561479484141575,0.015198713954973,0.0244885111740636,0.0400327223991785,0.0797687566527079,0.0475429058735742,0.0500360388189564,0.0430055230401451,0.057154330076295,0.0373504660553228,0.0385394155325818,0,0.154801860684214
GL26130CD45neg_P2_B08,0.137261716286314,0.0881764117058235,0.0846712063223818,0.0896215494818265,0.0403350485728131,0.0164515790578114,0.0230449236767445,0.0292814756741942,0.0977241232278009,0.0718523952943599,0.0645453796059682,0.0489639303720417,0.0583889958111627,0.0599458754356249,0.10834312573443,0.0095389507154213
GL26130CD45neg_P2_C03,0.117735645055412,0.0476358711652829,0.0887221034842686,0.0669199656820689,0.0320280591642246,0.046994019515266,0.00638783005239065,0.0209827204874722,0.0843993177699606,0.0788542229773213,0.0657489077569862,0.133685169958761,0.108938073134835,0.112405817417207,0.0916568742655699,0.00774303715480186
GL26130CD45neg_P2_G01,0.15239860472899,0.0897662368250604,0.120284308365227,0.0578229902902044,0.0429886701894455,0.0483579897177631,0.0274920369693489,0.0222766124251869,0.0707080801620296,0.0886748011429454,0.0639188854999588,0.0616542695247019,0.0746914977923695,0.0770690964312832,0.0878965922444183,0.0433080138962492
GL26130CD45neg_P2_H07,0.200267727278578,0.0558205264087617,0.0589741040807197,0.0589941577807738,0.0361507872410796,0.0202077431539188,0.0201817137486293,0.0361652357369129,0.068003144654088,0.0756107292712436,0.0792762344406891,0.0692072840379627,0.0788425978338805,0.0813523353386679,0.0772737955346651,0.00918565624447977
GL26130CD45neg_P2_E05,0.113642506854076,0.0873226167343814,0.121551766986431,0.0714684533780011,0.0274053733914823,0.0498898331759522,0.0154561119523785,0.031665296288506,0.0934868350922076,0.0763121991402168,0.0808424697057126,0.054617537016145,0.0720215857202159,0.0743141950431244,0.138707403055229,0.0170758994288406
GL26130CD45neg_P2_E08,0.138407280122537,0.101954896072543,0.142999155027586,0.0727758031349158,0.0289513964203029,0.0720071346133669,0.00985153081649348,0.0125501144106418,0.128924155207334,0.0717494272401987,0.092597477536889,0.0756639960227164,0.073899015057172,0.076251387185328,0.0781198589894242,0.026173232055585
GL26130CD45neg_P2_C08,0.12902395386853,0.102484837778955,0.120532829663502,0.058612847435007,0.0318588427133089,0.0314027908928759,0.0132543122204237,0.0245329560013003,0.118717354226628,0.0539681313872371,0.0701673398730525,0.0438202318807325,0.0441054379410544,0.0455094133909624,0.0269330199764982,0
GL26130CD45neg_P2_A10,0.151497599464545,0.150385679797444,0.181196878572494,0.0796530075853522,0.04320403658152,0.0511908509075648,0.0175795867926827,0.0323600461466878,0.109190118324272,0.0786804643859243,0.0699777429725497,0.0974243264431994,0.136646665911921,0.140996437124,0.151116333725029,0.0412176882765118
GL26130CD45neg_P2_D06,0.13036259026142,0.118412530177236,0.108206173269049,0.103988778581253,0.0420733630231288,0.0216451579057811,0.0335404591579204,0.0287333244099407,0.0797223110542586,0.0819046515818467,0.0663671585194955,0.123168314307385,0.125740593984679,0.129743200358235,0.229142185663925,0.0626803273862097
GL26130CD45neg_P2_H02,0.115457388886744,0.126979921097568,0.1586311446891,0.0839972218817666,0.0481728469129535,0.0403735179939146,0.00502149583137521,0.0209699727836523,0.0988434068862595,0.0578809174453626,0.0720880389085813,0.0531324295211325,0.0767198762217442,0.0791620427155735,0.0893066980023502,0.0727492198080433
GL26130CD45neg_P2_E01,0.14664504254032,0.0651828298887122,0.102117401461305,0.0657896528714031,0.0381583096814885,0.0354317490294827,0.0195377090839469,0.0294344481200324,0.05966181643748,0.074703323293948,0.0696809826065452,0.0929243869947926,0.0811634401298162,0.0837470552732512,0.100869565217391,0.0617087675911205
GL26130CD45neg_P2_F11,0.112715758582075,0.112671495024436,0.126646453601074,0.076112268660375,0.0401504488081778,0.0428496485153709,0.00363775607888187,0.0198800441070552,0.0664974416373521,0.067386155945118,0.051001566235265,0.058167772529973,0.0764179780369071,0.0788505344314,0.111774383078731,0.0970970970970971
GL26130CD45neg_P2_F07,0.142938049452318,0.027321439086145,0.0188876186689199,0.0568152415192494,0.027689964695295,0.0217815549260308,0.00838946617234957,0.022945866875729,0.0391016416160324,0.058608129327876,0.026931003214904,0.0354067473596318,0.0496528170874373,0.0512333781126492,0.04737955346651,0.0629452982394159
GL26130CD45neg_P2_H08,0.100565059015845,0.0445739857504563,0.105944629454744,0.0510819681061132,0.022075055187638,0.0362606232294618,0.0213652898891268,0.0259288295695738,0.107491205628398,0.0688212731999897,0.0627895474404418,0.0627633197570288,0.0347654628476546,0.0358721258493468,0.00535840188014101,0.0447800741918389
GL26130CD45neg_P2_C06,0.178000025743008,0.0968910086557145,0.12316715542522,0.0810829213819776,0.0372968441131904,0.0515475815759102,0.00922493168328895,0.0688121052195473,0.101981398571581,0.0858496151568976,0.076201467315143,0.0396198634720921,0.0600022642363863,0.0619122714794697,0.0995064629847238,0
GL26130CD45neg_P2_C10,0.201040017505245,0.0446328681622799,0.0230876286097719,0.0371777587122605,0.0154140803470476,0.0352638757737908,0.015725897690286,0.0398047051774799,0.0787362754503784,0.0683128684325688,0.0752699694996291,0.0443875047007158,0.0711158911657044,0.0733796701906041,0.146039952996475,0.119737384443267
GL26130CD45neg_P2_D03,0.100565059015845,0.138726962256374,0.14938615239326,0.095055221909003,0.0328049165070648,0.0555660476340363,0.0148817294136076,0.0281660515899574,0.0864380130050101,0.078654722372384,0.0624185969829363,0.0816044260027663,0.101522698969772,0.104754395187197,0.0913748531139836,0.0221397868456692
GL26130CD45neg_P2_A02,0.172658351675226,0.0719543072484249,0.142377851781898,0.0808241750759216,0.0245286937259155,0.0429126009862554,0.0082589246862653,0.0219069290144113,0.0938932416586718,0.0782621566658944,0.0831423625422471,0.067148529871057,0.0752103852975584,0.0776045012947063,0.122867215041128,0.0105988341282459
GL26130CD45neg_P2_C11,0.103770063456514,0.0598834128245893,0.0643173119936379,0.0617450395609484,0.0134988577889563,0.0248767180778512,0.0423128470227838,0.0657016654875041,0.116345538855133,0.0819625711123124,0.0883851290083258,0.0158135265885232,0.0467376127401034,0.0482253762435995,0.0344535840188014,0
GL26130CD45neg_P2_H01,0.166119627756111,0.0514632279338162,0.070604900840002,0.0667974016423581,0.0464729907469368,0.0559332703808624,0.00989504464518824,0.0246540591875888,0.107218047116512,0.0829729451437691,0.0878740417113181,0.069264648705152,0.0497188573153704,0.0513015205498121,0.0720094007050529,0.0375080963316257
GL26130CD45neg_P2_C02,0.125522904840973,0.0642995937113584,0.174163725831304,0.0900164780542278,0.0453192422179662,0.0343930332598888,0.0177362365759838,0.0287269505580307,0.0768241658671783,0.0693489844775658,0.0626576539444399,0.0580402954917745,0.0703705800218876,0.0724548799719643,0.101856639247944,0.045045045045045
GL26130CD45neg_P2_G05,0.127183328828307,0.0876464699994112,0.152940006958596,0.0859582465171385,0.046542215658675,0.0365544014269227,0.0348110629558074,0.0139651095346451,0.126992058415947,0.0688791927304554,0.0791113675706867,0.0647009707376459,0.045605494546964,0.0470572201779491,0.134900117508813,0
GL26130CD45neg_P2_A05,0.170586039567003,0.0377436259789201,0.0610368308564044,0.0813961405945718,0.0269284906661744,0.0406568041128948,0.0248638017161854,0.0374017630074383,0.10908351988061,0.0862872293870827,0.090800428653862,0.0793353347228331,0.0709460734367335,0.0732044467807566,0.0760047003525264,0.00244362009067891
GL26130CD45neg_P2_H10,0.194243863510574,0.127450980392157,0.142278443262588,0.0818727785267802,0.0408811562098592,0.0459238275102298,0.00896384871112039,0.0337367981592316,0.0975309135486622,0.0771681210904317,0.0615777759459237,0.169754797917025,0.158119174308464,0.15700990985729,0.221527614571093,0.00844962609668492
GL26130CD45neg_P2_H12,0.100397729466734,0.107725372431255,0.14727372135792,0.0908608081055685,0.0615024882509942,0.0356835589130207,0.0148382155849129,0.0153673569548285,0.0792359556550474,0.0726825752310346,0.0693017888055395,0.158294612182981,0.152496320615872,0.145357553102428,0.111774383078731,0.0206677265500795
GL26130CD45neg_P2_B05,0.124055553410305,0.0727197786021315,0.119489040210746,0.0487396331249745,0.0617178546430687,0.044213618717868,0.00911179572868258,0.012365272705254,0.0830934868350922,0.0676886246042165,0.0482400461627236,0.0477783939167957,0.053964300539643,0.055682105796001,0.0415041128084606,0.0466937525761055
GL26130CD45neg_P2_B12,0.157276904660772,0.0762527233115468,0.13782991202346,0.0718089090438643,0.0290129296751813,0.0445493652292519,0.0127930656362592,0.0311043973204327,0.0925074618910564,0.0636857414987,0.0718984420080785,0.0546302847199648,0.0645307370089437,0.0665848957420711,0.132596944770858,0.0146911617499853
GL26130CD45neg_P2_G07,0.126681340180973,0.111847141258906,0.228863263581689,0.0848279337064727,0.031066602056749,0.0806421152030217,0.0155605451412459,0.0251894627480225,0.149084585865046,0.065494117949906,0.0784519000906768,0.0407161660005991,0.0621061172119703,0.0640830948348033,0.110646298472385,0.01887181298946
GL26130CD45neg_P2_G09,0.145267791636097,0.0485191073426368,0.0949599880709777,0.0813416676880337,0.0418964549153533,0.0327877452523345,0.0219483751936365,0.0316780439923259,0.106631755676367,0.0744652096687003,0.0709174841315638,0.0392629277651363,0.0670968715800596,0.0692327161575453,0.089165687426557,0.00998056880409822
GL26130CD45neg_P2_B10,0.167844409262334,0.0090678914208326,0.0624534022565734,0.0541052144189784,0.0166755120720554,0.0344979540446963,0.00919012062033314,0.02624752216507,0.101535017588743,0.084768450588205,0.0834061495342511,0.0857792990037669,0.0888335408883354,0.0884683527052548,0.108954171562867,0.0397161867750103
GL26130CD45neg_P2_E09,0.13100616545031,0.247365012070894,0.191112878373677,0.0514905149051491,0.0360892539862012,0.0242891616829294,0.0117052199188902,0.0589645040187136,0.128297889350815,0.0700890673668494,0.0537136262468057,0.0242015157019842,0.0510019246009283,0.0526254307575492,0.0646298472385429,0
GL26130CD45neg_P2_F05,0.135678521321646,0.0779014308426073,0.0429693324717928,0.0490392341109341,0.0126450838775181,0.0543909348441926,0.0186413242128348,0.0338451536417003,0.219652755569769,0.0730815764409092,0.0809166597972138,0.0345016603884225,0.0555303973734858,0.0572980550201507,0.102702702702703,0
GL26130CD45neg_P2_C07,0.144624216447208,0.0657127715951245,0.120334012624882,0.0636243548365132,0.0286206551753313,0.0439723009128108,0.00828503298348215,0.0307665831692066,0.089282858970259,0.0788027389502407,0.0721457423130822,0.146101433479295,0.107843692214801,0.109251796039951,0.0789659224441833,0
GL26130CD45neg_P2_A12,0.193986433435018,0.0486957545781075,0.103583677121129,0.0882597268183737,0.0160524878664113,0.0347077956143112,0.00783248916505666,0.0525970259606988,0.0789094979213304,0.0772324761242824,0.0645124062319677,0.0536678330815662,0.0706819125250009,0.0729318770321048,0.0766157461809636,0.0137784843667197
GL26130CD45neg_P2_G02,0.133992354326756,0.128687511040452,0.156493861523933,0.0732660592937588,0.050195752667082,0.0482740530899171,0.00787600299375141,0.0217475827166632,0.10501279181324,0.0882307514093752,0.0724260159920864,0.0728722488861694,0.0941922336691951,0.0971905846621109,0.126533490011751,0.0184007536948713
GL26130CD45neg_P2_B03,0.19025369733946,0.0703939233350998,0.0553456931259009,0.0289523498250058,0.0116528601426033,0.0431329346343511,0.0190764624997824,0.0502705700135763,0.154634367338237,0.102948747651041,0.102225702745033,0.0942310266363271,0.091031737046681,0.0939294823121702,0.0978143360752056,0.0146911617499853
GL26130CD45neg_P2_F12,0.162966109330553,0.0708061002178649,0.118370694368507,0.0527978646620637,0.0223981047757497,0.0361452103661735,0.0231928706943067,0.0262347744612502,0.159311374053939,0.0922786830385873,0.11801170554777,0.0303459089431516,0.0695686629684139,0.0717831902342153,0.0908108108108108,0.0141906612494848
GL26130CD45neg_P2_B02,0.12373376581586,0.109550727197786,0.206322381828123,0.0730617858942409,0.0498650114221104,0.0482320847759941,0.0143421579377926,0.0216264795303746,0.0646452936787123,0.0615041058511597,0.0368312587585525,0.150798962336909,0.110872108381448,0.106886280007009,0.16117508813161,0.0340634752399458
GL26130CD45neg_P2_G12,0.220411630690814,0.0890596478831773,0.0514190566131517,0.0568697144257875,0.0238210612948135,0.0310565523030112,0.0251771012827877,0.0452352270047358,0.111728493763991,0.0786289803588437,0.0902151512653532,0.0475680568037682,0.0782199328276539,0.0807098495025602,0.141292596944771,0.046193252075605
GL26130CD45neg_P2_B11,0.14495887554543,0.0980980980980981,0.0782842089567076,0.0603015075376884,0.0254593842059518,0.0569719861504564,0.0235409813238647,0.0391290768750279,0.104586398038589,0.0747355008108734,0.0940895227104113,0.0682894493629335,0.0804369976225518,0.0829974884644589,0.144253819036428,0.0331213566507684
GL26130CD45neg_P2_B07,0.159117529700995,0.0957722428310664,0.229608827476515,0.0635971183832441,0.0359508041627247,0.0374147518623439,0.0150383791969088,0.0269613935789816,0.0885633194755357,0.0758231008829511,0.0665072953589976,0.0442791492182471,0.0695120570587569,0.0717247824309328,0.121128084606345,0
GL26130CD45neg_P2_A06,0.147739120361432,0.132338220573515,0.0650380237586361,0.0305456823412455,0.0345739975848197,0.0484943867380128,0.021495831375211,0.0366369007782473,0.150303805564439,0.100940870594898,0.100972714533015,0.0670975390557776,0.078927506698366,0.0814399470435917,0.114453584018801,0.000794912559618442
GL26130CD45neg_P2_G03,0.135150789666757,0.149266913972796,0.0828818529747999,0.0689763179038826,0.0378737183776757,0.04438149197356,0.0226707047499695,0.0309832941341441,0.0984036883061507,0.101391355831853,0.0882697221993241,0.0901836306735249,0.0815408128608627,0.084136440628468,0.0922679200940071,0
GL26150CD45neg_P1_B03,0.15775315030055,0.180268503797916,0.114990804711964,0.0550721085100298,0.0384429009853012,0.0276781030322107,0.028545071623762,0.0580976601589639,0.12981025477028,0.0798324194918527,0.0691121919050367,0.0385426824993148,0.0345107362541983,0.0356092907345755,0.0782608695652174,0.0403050108932462
GL26150CD45neg_P1_F04,0.115920763022744,0.105105105105105,0.0912321685968488,0.049761000122564,0.0358738875941267,0.0357779876193474,0.0111134318486415,0.0409711200769961,0.142921863340795,0.072032589389142,0.0940235759624104,0.0371977997463207,0.0410581531378543,0.0423651266475868,0.0538660399529965,0.0579108520284991
GL26150CD45neg_P1_D12,0.125484290329639,0.069216275098628,0.100725682190964,0.0377224877776416,0.0279284060579489,0.0379288637079005,0.0183454301777105,0.0460765754568458,0.153988114273532,0.0976265863515844,0.0987717418184816,0.0385618040550446,0.0542756330427563,0.0560033487140549,0.136592244418331,0.0329447094152977
GL26150CD45neg_P1_G01,0.313961720147765,0.0632397102985338,0.0636960087479497,0.104982909125574,0.032404950350355,0.0556499842618823,0.0239064974849007,0.0971056338477032,0.117704669011832,0.127564548098952,0.0766713378946501,0.0346418851304409,0.0550020755500208,0.0567529155228472,0.0568742655699177,0
GL26150CD45neg_P1_F07,0.180741656047676,0.153830300889124,0.0998310055171728,0.0600427612316324,0.0333587158009707,0.0297240583359564,0.0154300036551616,0.0458534906399985,0.0986568596098497,0.062913481092491,0.0714368147720715,0.0536614592296563,0.0719555454922827,0.0742460526059615,0.153748531139835,0.0515515515515515
GL26150CD45neg_P1_B10,0.154586760371214,0.0719543072484249,0.0263432576171778,0.0900981874140349,0.0405581066217474,0.0404364704647991,0.01029537186918,0.0436481378791645,0.0908018867924528,0.0699024377686823,0.071065864314566,0.0374591276746276,0.0530680403034077,0.0547573155773611,0.0407050528789659,0.0678619796266855
GL26150CD45neg_P1_D07,0.182466437553899,0.117588176411706,0.124384909786769,0.0733886233334695,0.0273130735091646,0.0458503829608645,0.0134283675352027,0.0459299768629176,0.110829069395587,0.0872075063711484,0.0867447036518012,0.044196289143418,0.0551152873693347,0.0568697311294122,0.0944770857814336,0.0180769004298416
GL26150CD45neg_P1_H08,0.197165694868131,0.15194606371077,0.098563546895969,0.104751399272787,0.0435424694833514,0.0486622599937047,0.0352810123057108,0.0428195371308743,0.0854986142202324,0.062044688135506,0.0541917401698129,0.034042743050908,0.0735971168723348,0.0759398789011545,0.144018801410106,0.0447800741918389
GL26150CD45neg_P1_F06,0.166492901365667,0.135429547194253,0.158357771260997,0.0323705247102722,0.0204521155902193,0.0536145210366174,0.0128452822306929,0.0484030314039684,0.115179618377572,0.0696900661569748,0.0821614046657324,0.0426856862407659,0.0520019623382014,0.0536573019488737,0.0938190364277321,0.045045045045045
GL26150CD45neg_P1_E05,0.120953520999858,0.0340634752399458,0.0675232367413887,0.0635971183832441,0.0126220089069386,0.0363970202497115,0.0145858353784833,0.0320222319954618,0.117984489926447,0.0754112286663063,0.0730442667545957,0.0607491825534925,0.0572191403449187,0.0590405544847458,0.0535840188014101,0.0110993346287464
GL26150CD45neg_P1_H05,0.241958528014828,0.04348466113172,0.0198071474725384,0.0312265936729719,0.00286898800870696,0.0241632567411604,0.0120968443771431,0.0704629328642178,0.060581228014071,0.0779275104898705,0.0601269474899019,0.0420228056421337,0.0602852937846711,0.0622043104958823,0.123760282021152,0.172613790260849
GL26150CD45neg_P1_D10,0.211157019474585,0.0577047635871165,0.0872806799542721,0.0845555691737822,0.0234287867949635,0.0435631098520617,0.0192331122830836,0.0231944471002161,0.0930870909284724,0.0828120575591423,0.072599126205589,0.0628461798318578,0.0673138609004113,0.069456612736795,0.0880846063454759,0.00821409644939057
GL26150CD45neg_P1_H11,0.0911946042656163,0.0575281163516458,0.0370296734430141,0.0473369557816181,0.0280668558814254,0.0464589235127479,0.0203818773606252,0.016342556297047,0.184795064492058,0.0764730867248436,0.074931992416124,0.0685762726988801,0.081323823540511,0.0839125440492183,0.03262044653349,0.0273508802920568
GL26150CD45neg_P1_F09,0.119872314682524,0.172348819407643,0.188677369650579,0.0553580912693549,0.0455115336394613,0.0807260518308677,0.0193027344089952,0.02963841138115,0.0915747255090076,0.0753726156459958,0.0694501689885418,0.0290583908573468,0.042624249971697,0.0439810758717365,0.0658989424206815,0.0374786551257139
GL26150CD45neg_P1_B08,0.107193883461405,0.0204027556968733,0.0680699835975943,0.103730032275197,0.0493265954419241,0.0689539397754695,0.0130541486084278,0.0162150792588485,0.175600948726149,0.0971889721213993,0.10600939741159,0.0384470747206659,0.0837484433374844,0.0864143449564862,0.107638072855464,0.0849084378496143
GL26150CD45neg_P1_C01,0.132705203948977,0.0944768297709474,0.127491426015209,0.0344677316119895,0.0177292690618486,0.0368901479383066,0,0.0328317111880223,0.0924141882528515,0.0733518675830823,0.0883851290083258,0.0625848519035509,0.0687478772783879,0.0709362770866188,0.104535840188014,0.0547312017900253
GL26150CD45neg_P1_C10,0.203717290291025,0.13127833716069,0.149709230081018,0.0808514115291907,0.0207828568351909,0.0509390410240269,0.00637042452091275,0.0449229082611495,0.151229879543759,0.0981285556156203,0.0894073036023411,0.0455857888597816,0.0683988075021699,0.0705760956330432,0.12,0.0453983395159866
GL26150CD45neg_P1_H04,0.193883461404796,0.00638874168285933,0.0290272876385506,0.0393566749737849,0.00436116943950896,0.0453572552722694,0.03271369641272,0.044623337221383,0.094126425754184,0.072032589389142,0.0627153573489407,0.0480588434008324,0.0417845956451187,0.0431146934563791,0.0450293772032902,0
GL26150CD45neg_P1_C07,0.172092005509004,0.0739857504563387,0.0896664844177146,0.0542005420054201,0.019990616178631,0.0490819431329346,0.00538701199241119,0.020154119739182,0.104433162775823,0.0804116147965094,0.0896463605638447,0.106220242078896,0.108626740631722,0.112084574499153,0.0901527614571093,0.0627097685921215
GL26150CD45neg_P1_C05,0.106691894814071,0.0740446328681623,0.050201302251603,0.0764254878729692,0.0350893385944266,0.0185290105969993,0.0123144135206169,0.0262220267574303,0.0139977081334613,0.0212822096944423,0.0336740581980051,0.0489001918529425,0.0313125023585796,0.0323092498491132,0.0214806110458284,0.126773832656186
GL26150CD45neg_P1_H09,0.0899460683991711,0.0790790790790791,0.0724191063174114,0.039411147880323,0.0433809446892955,0.0526177735809464,0.0210345847910466,0.0184268058715924,0.111655207333973,0.0741627410096018,0.0510592696397659,0.0877551930958436,0.0909090909090909,0.0938029320717248,0.0928319623971798,0.0486663133721957
GL26150CD45neg_P1_E02,0.165939426703222,0.20446917505741,0.0909836472985735,0.045811714398551,0.0291667628123774,0.0441821424824258,0.0175534784954659,0.0407671568158785,0.0844326297836052,0.0827219605117512,0.0844283241282664,0.0425518353506575,0.0749745273406544,0.0773611354476958,0.0789659224441833,0.0665371253606548
GL26150CD45neg_P1_E10,0.132846790490533,0.0804039333451098,0.141135245290521,0.0496384360828533,0.0463883825214789,0.0363025915433847,0.00544793135258385,0.0155203294006667,0.108810361368724,0.0667683476201509,0.0681559640590223,0.072228489843267,0.0977584059775841,0.10087027626891,0.120846063454759,0.064211270093623
GL26150CD45neg_P1_E11,0.0962402337465086,0.0565565565565566,0.051617873651772,0.046274734104125,0.0382275345932267,0.0182037561640961,0.0287539380014969,0.0152653753242697,0.0488220871975269,0.0195446237804721,0.0389662847250845,0.0426474431293063,0.0466715725121703,0.0481572338064365,0.0593184488836663,0.0211976682564918
GL26150CD45neg_P1_C08,0.3006139707302,0.0526703173761997,0.0465728912967841,0.0488621971646852,0.012921983524471,0.0461756373937677,0.0152733538718605,0.0675373348375624,0.0829002771559535,0.122995340695549,0.0784519000906768,0.0557775780637513,0.0821917808219178,0.0848081303662169,0.139412455934195,0.0200789024318436
GL26150CD45neg_P1_G12,0.127363529881196,0.126243890949773,0.0940653113971867,0.0843921504541679,0.0286052718616117,0.0375616409610744,0.021861347536247,0.024896265560166,0.114526702910138,0.075211728061369,0.0583216552633748,0.0528137369256363,0.0626627419902638,0.064657438233748,0.11957696827262,0.132073249720309
GL26150CD45neg_P1_H06,0.203382631192802,0.0728081022198669,0.042174064317312,0.0521033351037028,0.0292129127535362,0.0439513167558493,0.0113397037578542,0.0514306110611826,0.122674821447607,0.0825095889000438,0.0870249773308054,0.0567527774059697,0.0770217744065814,0.0794735509997469,0.133160987074031,0.057351469116175
GL26150CD45neg_P1_H02,0.167072119035667,0.202290525819938,0.129280779362791,0.039901404039166,0.0213366561290968,0.0544748714720386,0.0193549510034289,0.0357509353627678,0.103320541520094,0.0751409375241331,0.0945593932899184,0.0424116106086391,0.0398694290350579,0.0411385627786539,0.0393419506462985,0.07121827710063
GL26150CD45neg_P1_A04,0.191334903656794,0.128010363304481,0.159252447934788,0.0945104928436219,0.0452192506787887,0.0564788584618613,0.0105564548413486,0.0519405192139766,0.0832200724869417,0.0855921950214946,0.076069573819141,0.0559624197691391,0.0961262689158081,0.0991861846075969,0.124747356051704,0.0295589707354413
GL26150CD45neg_P1_H12,0.153711498114325,0.0797267856091386,0.0921268452706397,0.0714956898312702,0.0375660521032836,0.069142797188123,0.0132020956259899,0.0350051946893066,0.0975975375759514,0.0871238448271424,0.101187041464018,0.0536423376739265,0.0801067964828861,0.0826567762786442,0.147121034077556,0.0357121827710063
GL26150CD45neg_P1_A12,0.185066481317012,0.130100688924218,0.115612107957652,0.0434421429641432,0.0315819430663559,0.0224005875563949,0.0192940316432562,0.0420929180131429,0.114713250186547,0.097504311787268,0.103742477949056,0.0275095448432351,0.0485961734405072,0.0501430991180422,0.0263689776733255,0.0253488782900548
GL26150CD45neg_P1_F05,0.165643382116333,0.117705941235353,0.060167006312441,0.0589260666476012,0.0169601033758682,0.0551568565732872,0.0150905957913425,0.0320541012550114,0.0998894041146999,0.0661312327850284,0.0590223394608853,0.0495630724515747,0.0567851617042153,0.0585927613262465,0.102937720329025,0.0694812459518342
GL26150CD45neg_P1_F01,0.129448713493197,0.15162221044574,0.0931706347233958,0.0496792907627569,0.0345586142711001,0.0404574546217606,0.0182932135832768,0.0406651751853197,0.0587823792772625,0.0732617705356913,0.0816503173687248,0.0510481799465871,0.06466281746481,0.0649981504195627,0.0771797884841363,0.0777836660189601
GL26150CD45neg_P1_E01,0.178476271382786,0.0148972501913678,0.0204781549778816,0.0661845814438044,0.029182146126097,0.0402476130521456,0.0115746784328059,0.0333288716369964,0.0938332800341115,0.100754240996731,0.110848240046163,0.0399895468828677,0.076125514170346,0.078548760781107,0.0894947121034078,0.0298533827945593
GL26150CD45neg_P1_H10,0.209625310525029,0.122887593475829,0.045056911377305,0.043074450845011,0.0288744798517049,0.0606861819326409,0.0185194854924895,0.0372934075249696,0.127704935507942,0.103869024635107,0.09133624598137,0.0552294267994977,0.0846258349371674,0.0873196659073652,0.133301997649824,0.03003003003003
GL26150CD45neg_P1_G02,0.161382914365885,0.126479420597068,0.0770167503355038,0.0863531750895398,0.0230980455499919,0.0439827929912916,0.026926357196317,0.034208463200566,0.121928632341968,0.0870594897932916,0.10534992993158,0.0699657724152437,0.0854277519906412,0.0881471097872009,0.14876615746181,0.053200259082612
GL26150CD45neg_P1_C03,0.134738901545868,0.104604604604605,0.0575575326805507,0.0475820838610396,0.0233672535400851,0.046784177945651,0.00384662245661671,0.0165401457062547,0.108557190065025,0.0795556928462944,0.069730442667546,0.140135508091605,0.10897581040794,0.112444755952729,0.134571092831962,0.038479656126715
GL26150CD45neg_P1_H01,0.127453630407641,0.237619972914091,0.151473731298772,0.0464653892770083,0.0438270607871642,0.0842199139649565,0.0357248533583973,0.0464972496829009,0.0703949472337704,0.0929479753906351,0.0855906355617839,0.0391354507269378,0.045718706366278,0.0471740357845141,0.0613396004700353,0.0566154389683801
GL26150CD45neg_P1_B05,0.188773474405015,0.108431961373138,0.0609622744669218,0.0587898843812559,0.0463806908646191,0.0353897807155598,0.0170922319113014,0.0512967601710742,0.0805750986035604,0.0836808505161274,0.0841398071057621,0.0787616880509398,0.0852862372164987,0.0880010902789946,0.12780258519389,0.0296472943531767
GL26150CD45neg_P1_G11,0.148228237504988,0.111552729199788,0.12105472438988,0.0670697661750487,0.0570797855566067,0.033511698667506,0.00847649382973909,0.0306964707981975,0.0843393561454003,0.0817952480243005,0.0916742230648751,0.13719716236113,0.107088946752708,0.110497829176645,0.143877790834313,0.0837602308190543
GL26150CD45neg_P1_B06,0.16100964075633,0.0653889183300948,0.089591928028232,0.0693984829295529,0.0306589442431794,0.0536459972720596,0.00219309696621586,0.027178104543919,0.115632661763138,0.086834247174814,0.0765889044596488,0.0597931047670038,0.0764085437186309,0.0788407997975196,0.139177438307873,0.0452511334864276
GL26150CD45neg_P1_C04,0.233450464017711,0.192957663545899,0.1212535414285,0.0763573967397965,0.0310896770273285,0.0473297660266499,0.0275877673924773,0.0534383744128089,0.074852094659418,0.10454475249054,0.0843541340367653,0.0475489352480384,0.0807671987622174,0.0833382006502735,0.14021151586369,0.0489607254313137
GL26150CD45neg_P1_E07,0.104709683232292,0.10042395336513,0.0995824842188976,0.0470101183423895,0.0319357592819069,0.0477914174798027,0.0107218073903887,0.0148510749501246,0.0532192729986142,0.0544958426648132,0.0595169400708928,0.0872452849430496,0.114626967055361,0.1182758016471,0.108578143360752,0.0441323676617794
GL26150CD45neg_P1_A09,0.150532236681211,0.0634457987399164,0.0925244793478801,0.0569241873323256,0.0307973940666559,0.0534886160948484,0.0121925748002715,0.0262857652765296,0.0916679991472125,0.0749414369191958,0.0676860934795153,0.141002351951355,0.118749764142043,0.122529836652843,0.137767332549941,0.0312371194724136
GL26140CD45neg_P2_G05,0.125291217772972,0.0573220279102632,0.153412197425319,0.110702564312075,0.0555491458415057,0.0480222432063792,0.00741475640958697,0.025571893862618,0.0642655367231638,0.0629778361263418,0.0552881048553293,0.0782900230096054,0.0658232386127778,0.0679185405836887,0.101621621621622,0.0433963375139846
GL26140CD45neg_P2_G04,0.177523780103229,0.104457398575046,0.101197872657687,0.0702700494341627,0.0396581827691503,0.0527226943657539,0.0263954884862409,0.0436608855829844,0.0981371921969939,0.0889386567817335,0.0957217047234358,0.0748162737186964,0.123523529189781,0.127455561396336,0.212784958871915,0.0670670670670671
GL26140CD45neg_P2_B12,0.166621616403444,0.0824648177589354,0.0705800487101745,0.0653947242990018,0.0312204351939451,0.0525023607176582,0.0194680869580353,0.037172304338681,0.0909218100415734,0.0799225165392437,0.0837523699612563,0.040308239478364,0.0925600966074192,0.0955064930007982,0.136968272620447,0
GL26140CD45neg_P2_G02,0.154702603905214,0.0318553847965613,0.0734628957701675,0.073402241560104,0.0275361315580989,0.0394711992445703,0.0119837084225367,0.0255272768992485,0.0836531286643215,0.0890351893325096,0.0600857307724013,0.0597676093593641,0.0597664062794822,0.0616689056324592,0.101527614571093,0.0451039274568686
GL26140CD45neg_P2_E03,0.183110012742789,0.0516693163751987,0.0920522888811571,0.107733790905748,0.0521878917937713,0.0423145525128528,0.011557272901328,0.0234812704361627,0.0973976654940838,0.103836847118182,0.0675377132965131,0.0787043233837505,0.121372504622816,0.1252360648716,0.126110458284371,0.0244067597008773
GL26140CD45neg_P2_H02,0.185555598460568,0.13669551904846,0.154381430488593,0.0915553376639294,0.0561106367922714,0.046081208687441,0.0300593528623397,0.029045643153527,0.0806017482144761,0.0558472983756789,0.0507789959607617,0.0654467114111071,0.0692384618287483,0.0714424780484006,0.125640423031727,0.0178413707825473
GL26140CD45neg_P2_H11,0.171216743252114,0.132868162279927,0.110989611809732,0.0388664188149419,0.0170908615424849,0.0565103346973035,0.0205559326754042,0.0344379218693233,0.119790001065984,0.0911074214225037,0.110567966367159,0.0610296320375292,0.0682478584097513,0.0704203414909565,0.0765217391304348,0.01230642407113
GL26140CD45neg_P2_F06,0.148344081038988,0.0288818229994701,0.0926238878671902,0.131933379635304,0.0703555852966287,0.0350225579687336,0.0187022435730075,0.0309195556150448,0.107997548235796,0.105342754910289,0.0616189926634243,0.0466056051653696,0.0652571795162082,0.0673344625508635,0.124653349001175,0.0232585526703174
GL26140CD45neg_P2_C11,0.121558481677414,0.101012777483366,0.123738754411253,0.0594027045798096,0.0303820445962265,0.0289581366068618,0.0157955198161976,0.03556609365738,0.0871042532779021,0.0711251834118465,0.0659879647184898,0.0568611328884385,0.0829182233291822,0.0855576971750092,0.10951821386604,0.0186362833421657
GL26140CD45neg_P2_B04,0.22182749610637,0.0636224459753871,0.0572344549927929,0.102000517492612,0.0495111952065594,0.0331969363130836,0.0206429603327938,0.0532981496707906,0.0710345378957467,0.078403737740366,0.0839419668617591,0.0510800492061367,0.0549643382769161,0.0567139769873255,0.0887896592244418,0.0176058411352529
GL26140CD45neg_P2_H06,0.121983241302081,0.0959194488606253,0.136761270440877,0.0533970666339829,0.0186522678850251,0.0404574546217606,0.0115311646041112,0.0504299163113244,0.134100842127705,0.0854699204571782,0.0795400214326931,0.0275669095104244,0.0593795992301596,0.061269785643362,0.0377438307873091,0
GL26140CD45neg_P2_F07,0.18868337387857,0.00388623918035683,0.0118793180575575,0.0553444730427204,0.0265054495388852,0.0238275102297765,0.022400919012062,0.0342722017196652,0.0704016096364993,0.0639753391510284,0.0492787074437392,0.196639705273088,0.144807351220801,0.14935848762728,0.141104582843713,0.00762527233115468
GL26140CD45neg_P2_D02,0.135382476734757,0.105163987516929,0.064466424772603,0.0692759188898422,0.0440578104929583,0.0317805057181828,0.0141768053887525,0.0220471537564296,0.064338823153182,0.0786289803588437,0.0608111450004122,0.190030020842496,0.111909883391826,0.110497829176645,0.130951821386604,0
GL26140CD45neg_P2_H04,0.12832889266453,0.0769887534593417,0.0726427754858591,0.0434829976440468,0.0369814861819385,0.0207008708425139,0.0177971559361565,0.0350306900969463,0.0844126425754184,0.0750701469868973,0.0593603165443904,0.119210152271322,0.0678516170421525,0.0687459844635243,0.129024676850764,0.0779308720485191
GL26140CD45neg_P2_G03,0.244803130349719,0.0919448860625331,0.0988866245837268,0.0495158720431425,0.0223827214620301,0.0484943867380128,0.0141593998572746,0.047249364208272,0.0895160430657712,0.0574561742219476,0.0348775863490232,0.0593724305409488,0.0760972112155176,0.0785195568794658,0.111774383078731,0.0045045045045045
GL26140CD45neg_P2_B06,0.12373376581586,0.0121297768356592,0.00690889209205229,0.0653130149391946,0.0142526401612171,0.0482950372468786,0.0144901049553548,0.0313912206563793,0.0644520839995736,0.04862022807424,0.0505399389992581,0.0252978182304912,0.0425770783803162,0.0439324027023344,0.0204935370152761,0.0526703173761997
GL26140CD45neg_P2_A05,0.14170238508965,0.0839663192604369,0.116183706943685,0.0789857144802604,0.0351277968787256,0.0374777043332284,0.0147337823960455,0.0234748965842528,0.103247255090076,0.0670772517826344,0.0764240375896464,0.0556883441370123,0.0663043888448621,0.0684150069115901,0.100117508813161,0.0473120179002532
GL26140CD45neg_P2_D07,0.194076533961463,0.112053229700289,0.07343804364034,0.0466696626765263,0.0281514641068833,0.0394187388521666,0.0122883052234,0.055630979469823,0.0863847137831788,0.0972340206450949,0.0791196109141868,0.0266044578720258,0.0523982037058002,0.0540661565718513,0.0458754406580494,0
GL26140CD45neg_P2_D01,0.107026553912294,0.153388682800448,0.155151846513246,0.0336506380139178,0.028828329910546,0.0509915014164306,0.032339477485945,0.0461913047912245,0.125939398784778,0.0616070739053209,0.0759459236666392,0.0310852757647029,0.0339635457941809,0.0350446819695111,0.0390599294947121,0.0196078431372549
GL26140CD45neg_P2_H10,0.159181887219884,0.0508744038155803,0.0643918683831204,0.0476910296741158,0.0364430702017522,0.0359878291889623,0.0128017684019982,0.0383132238305575,0.0364766549408379,0.0424099673076428,0.0520567142032808,0.0477975154725255,0.0549832069134684,0.05496174288885,0.0704582843713279,0.0295589707354413
GL26140CD45neg_P2_E09,0.0989046350285104,0.0549372902314079,0.100029822555793,0.0499516552954474,0.00983762912368953,0.0592067988668555,0.0261169999825945,0.0207723833744447,0.148678179298582,0.0964231472185754,0.115060588574726,0.0673524931321746,0.0892863881655912,0.0921285750442926,0.0877555816686251,0.0295295295295295
GL26140CD45neg_P2_E11,0.135009203125201,0.0670376258611553,0.103956459068542,0.0596614508858656,0.0316434763212344,0.0440037771482531,0.00971228656467025,0.0181718517951954,0.0895160430657712,0.0793819342548974,0.0826807353062402,0.172043010752688,0.119391297784822,0.116815606565037,0.082256169212691,0.00974503915680386
GL26140CD45neg_P2_D09,0.0975145126205095,0.173497026438203,0.221854962970327,0.0900573327341314,0.071640091992216,0.0446542860140594,0.018258402520321,0.0246604330394988,0.0765510073552926,0.07314593147476,0.0771082351001566,0.0523229503285721,0.0656062492924261,0.067694644004439,0.0935840188014101,0.0297945003827357
GL26140CD45neg_P2_A02,0.116499980692744,0.0403933345109816,0.0793528505392912,0.112050768748894,0.0750628792948289,0.0579477494491659,0.0134022592379858,0.044196289143418,0.0822340368830615,0.0538458568229207,0.0700107163465502,0.0451523669299067,0.0729178459564512,0.0752389852617643,0.104112808460635,0.0722781605134546
GL26140CD45neg_P2_H07,0.200846944948578,0.0398633928045693,0.034619016849744,0.0746278819572115,0.029928236841498,0.0448326513482321,0.0121316554400989,0.0466374744249192,0.11204162669225,0.0696321466265091,0.0762509273761438,0.0650196633331421,0.0789746782897468,0.0814886202129938,0.124700352526439,0.0126008361302479
GL26140CD45neg_P2_F03,0.236063379284602,0.0699228640405111,0.0525125503255629,0.0953956775748662,0.0565721362038597,0.0355681460497324,0.0293892399004404,0.0369619672256535,0.0800487687879757,0.0974335212500322,0.0760448437886407,0.0433039498760286,0.0578512396694215,0.059692774954734,0.122538190364277,0.0181063416357534
GL26140CD45neg_P2_A01,0.161524500907441,0.0640935052699759,0.159327004324271,0.0519262981574539,0.0125374006814808,0.0549889833175952,0.00529998433502167,0.0341957154967461,0.104673009274065,0.07400828892836,0.0828043854587421,0.0823501666762275,0.0746348918827126,0.0770106886280007,0.101339600470035,0.0610021786492375
GL26140CD45neg_P2_C07,0.16967216279878,0.044044044044044,0.078209652567225,0.0774196184172897,0.0196829499042389,0.0347917322421572,0.0109828903625572,0.0322261952565794,0.0785630529794265,0.0563363966329446,0.075665649987635,0.064522502884168,0.0781161553266161,0.0806027685298756,0.101339600470035,0.0315904139433551
GL26140CD45neg_P2_G12,0.11832773422919,0.057204263086616,0.0850688403996222,0.0638694829159347,0.0547722884986655,0.0278774525233449,0.00777156980488399,0.0250556118579141,0.0787229506449206,0.0832239297757871,0.0508119693347622,0.045298965523835,0.0807105928525605,0.083279792846991,0.116803760282021,0.0255549667314373
GL26140CD45neg_P2_F02,0.143298451558096,0.0708355414237767,0.110790794771112,0.0656126159251542,0.0403196652590935,0.0503409925506243,0.0124536577724401,0.0255336507511584,0.0978973456987528,0.075044404973357,0.0785178468386778,0.135807662644766,0.111824974527341,0.115384615384615,0.126580493537015,0
GL26140CD45neg_P2_B02,0.142191502233206,0.134340222575517,0.16124061832099,0.0619220765071972,0.0499726946181477,0.0646731717553247,0.00929455380920056,0.0347884837243691,0.11605239313506,0.0774898962596854,0.0817162641167258,0.0666832386816325,0.100220763047662,0.103411015711699,0.120282021151586,0.135841724077018
GL26140CD45neg_P2_F01,0.113693992869187,0.0683330389212742,0.0726179233560316,0.0669880568152415,0.0371430109759943,0.0372363865281712,0.0153429759977721,0.0314932022869381,0.12104919518175,0.103540813962468,0.106932651883604,0.0614821755231339,0.0831352126495339,0.0857815937542589,0.0871915393654524,0
GL26140CD45neg_P2_G11,0.141779614112317,0.15556733203792,0.0358864754709479,0.0539826503792676,0.0339894316634746,0.0601720700870843,0.0358292865472647,0.0358401692895067,0.0719672742777955,0.0540710994413983,0.0607451982524112,0.0338451536417003,0.0502471791388354,0.0518466600471156,0.023924794359577,0
GL26140CD45neg_P2_D12,0.140325134185427,0.0713949243361008,0.0685670261941448,0.0683090247987907,0.0291283045280784,0.0152869583464484,0.0194854924895132,0.0256738754931768,0.123900703549728,0.0728370273122764,0.0656499876349848,0.0473704673945606,0.0617947847088569,0.0631680392500438,0.0772737955346651,0
GL26140CD45neg_P2_C06,0.118018818138523,0.111817700052994,0.226800536806004,0.0628753523716142,0.0627100783779834,0.0631728045325779,0.00657929089864759,0.0246476853356789,0.0855119390256902,0.0543413905835714,0.0601516775204023,0.0453945733024839,0.0569644137514623,0.0587777193699745,0.0723384253819036,0.0395984219513631
GL26140CD45neg_P2_C04,0.13641219703698,0.0522581404934346,0.0868084894875491,0.0471326823821002,0.0226903877364223,0.0560906515580737,0.0168572572363497,0.0429215187614331,0.104279927513058,0.0692846294437151,0.0747588822026214,0.0677604196544098,0.0840692101588739,0.0867453225084205,0.111774383078731,0
GL26140CD45neg_P2_G08,0.0982224453282877,0.0547900842018489,0.0805457527710125,0.0710599065789653,0.0267208159309597,0.0515790578113524,0.0207299879901833,0.0196952024016674,0.110362701204562,0.093205395526038,0.123048388426346,0.129879980368536,0.138571266840258,0.142982302435605,0.101433607520564,0.00945062709768592
GL26140CD45neg_P2_E08,0.217785843920145,0.134664075840546,0.0524131418062528,0.0489166700712233,0.0230288206382537,0.0175322631413283,0.0756357370372304,0.112288149097144,0.0912416053725616,0.0722707030143898,0.0510180529222653,0.0241887679981643,0.0356239858107853,0.036757977532465,0,0
GL26140CD45neg_P2_F10,0.188374457787903,0.0552905847023494,0.11151150653611,0.0880418351922213,0.0409119228372984,0.0532787745252334,0.0111743512088142,0.0446105895175632,0.0529927513058309,0.0690658223286225,0.0563679828538455,0.0700741278977124,0.0638514660930601,0.0658840021026809,0.0776028202115159,0.0175175175175175
GL26140CD45neg_P2_C03,0.194230992006796,0.0353000058882412,0.0168248918932353,0.0641827021285288,0.036958411211359,0.0393138180673591,0.0209040433049623,0.0478740016954446,0.106618430870909,0.064799083584318,0.0670925727475064,0.0372424167096902,0.0746348918827126,0.0770106886280007,0.0959811985898942,0.09353471118177
GL26140CD45neg_P2_C02,0.199637023593466,0.0384207737148914,0.0323326209056116,0.0516130789448598,0.0208213151194899,0.0342041758472353,0.0174142342436426,0.0591493457241014,0.155373894041147,0.0891317218832857,0.0825488418102382,0.0442154106991478,0.0532661609872071,0.05496174288885,0.129212690951821,0.0645645645645646
GL26140CD45neg_P2_H12,0.103396789846958,0.0502266972855208,0.0664048908991501,0.0591167218204845,0.0380737014560306,0.0147938306578533,0.0333751066088803,0.0108100528392323,0.120669438226202,0.0747998558447242,0.0938257357184074,0.0926694329183956,0.0766160987207064,0.0790549617428889,0.0466274970622797,0.0196078431372549
GL26140CD45neg_P2_D06,0.122832760551415,0.0887357946181476,0.143570754013619,0.0685813893314813,0.0478421056679819,0.0360193054244046,0.0119488973595809,0.0202752229254705,0.0838863127598337,0.0543993101140371,0.0609760118704146,0.0513031340229841,0.066710064530737,0.0688335961684481,0.0860634547591069,0.0468409586056645
GL26140CD45neg_P2_B05,0.147584662316098,0.118677501030442,0.183483274516626,0.0732932957470278,0.0485112798147849,0.0495331025076068,0.00986893634797139,0.0220407799045197,0.108530540454109,0.0741241279892913,0.0849558981122743,0.0609276504069704,0.056709687158006,0.0585148842552032,0.0559811985898942,0
GL26140CD45neg_P2_C01,0.133245807107644,0.0945651533886828,0.150082012028431,0.0994402908853209,0.0443654767673505,0.0489770223481272,0.0118096531077576,0.0261582882383311,0.0788828483104147,0.0667039925863001,0.0782540598466738,0.0577662198596478,0.0487754254877543,0.0503280571617701,0.0914688601645123,0.0124241888947771
GL26140CD45neg_P2_E02,0.154972905484548,0.227168344815404,0.141508027237934,0.060083615911536,0.0357508210843698,0.0606442136187179,0.0272396567629193,0.0352091579504242,0.0583160110862381,0.0736800782557212,0.0836039897782541,0.0796157842068697,0.0874372617834635,0.0888966765959932,0.11614571092832,0.0132191014543956
GL26140CD45neg_P2_H01,0.129191283417642,0.146617205440735,0.235995824842189,0.043360433604336,0.0558260454884587,0.0429440772216976,0.021861347536247,0.010835548246872,0.0937133567849909,0.0860426802584498,0.0686752946995301,0.069519602781549,0.0716725159439979,0.0739540135895489,0.102326674500588,0.0237590531708179
GL26110CD45neg_P2_D02,0.0478433795420319,0.0900312076782665,0.0662309259903574,0.390924813770751,0.15827122320419,0.0466267967684398,0.0386054688179904,0.0109948945446202,0.0554445155100736,0.0428025330141324,0.0563844695408458,0.050888833648839,0.0480301143439375,0.049559021085217,0.0428672150411281,0
GL26110CD45neg_P2_D01,0.163661170534554,0.503856797974445,0.178960186888016,0.0524301725429315,0.0587027251540254,0.0492498163886266,0.101813656379998,0.0287588198175804,0.119676740219593,0.0392501351455711,0.0963564421729454,0.0281915469975971,0.0313030680403034,0.0322995152152328,0,0.040187246069599
GL26110CD45neg_P2_E08,0.13867758170187,0.166490019431196,0.00743078681843034,0.0349171330909289,0.0136911492104514,0.0358724163256741,0.0892468626529511,0.0459236030110076,0.0928605692356892,0.0521790614461863,0.0520154974857802,0.0446360849252028,0.0454356768179931,0.0468819967681015,0,0.0507271977860213
GL26110CD45neg_P2_C01,0.106498822257404,0.168609786256845,0.298026740891694,0.119595266304422,0.0791856073716839,0.067191270590704,0.0154822202495953,0.0182738334257542,0.078856198699499,0.084684789044199,0.0688071881955321,0.0392501800613165,0.0641250613230688,0.0661663064852131,0.0772267920094007,0
GL26110CD45neg_P2_H12,0.149721331943211,0.064211270093623,0.174362542869924,0.0905884435728779,0.0243210189907008,0.0502255796873361,0.0173881259464258,0.0237234768087398,0.0494683402622322,0.0435361804000309,0.0435413403676531,0.0534383744128089,0.0631533265406242,0.0651636391955299,0.0495887191539365,0.0708649826296885
GL26110CD45neg_P2_F03,0.105687917519404,0.0217276099629041,0.0349917987971569,0.112799771213793,0.0498265531378114,0.0837162941978806,0.0315127147407446,0.00745740673461193,0.0497081867604733,0.0497013926429325,0.0357184073860358,0.0432848283202988,0.0560964564700555,0.0578821330529759,0.0304112808460635,0
GL26110CD45neg_P2_B10,0.110733547000296,0.172819878702232,0.0556687708136587,0.0727485666816467,0.0278822561167901,0.0488721015633197,0.0848693714862583,0.0507741043144604,0.0807216714635966,0.0550106829356192,0.0411095540351166,0.0223849679076556,0.0558134269217706,0.0567139769873255,0.0572502937720329,0
GL26110CD45neg_P2_E06,0.114440540088299,0.142583760230819,0.0237586361151151,0.0373003227519712,0.040888847866719,0.0997796663519043,0.0270046820879676,0.0299188608651867,0.311653874853427,0.0867184081138827,0.0989943120929849,0.0392501800613165,0.0488509000339635,0.0504059342328135,0.0241598119858989,0
