Name,NefAC,NefMES,NefNPC,NefOPC,VerCL,VerMES,VerNL,VerPN
GLSS.19.0266.R1.01R.RNA.FFKUM5,1.303842451698432,1.2926360242185977,1.0133445178662268,1.1195446751583762,1.085754606369042,1.0874455891817052,1.02811470317423,0.9787747194097972
GLSS.19.0266.TP.01R.RNA.W25W4J,1.3118771594380119,1.2727322529516072,1.0080238866272082,1.0804565564593427,1.1184487702807915,1.077436903501758,0.9716182308707975,0.9858623660031473
GLSS.19.0267.R1.01R.RNA.NCCNA9,1.3011574065605769,1.2050911873508914,1.1262071329530616,1.165356691649151,1.0598321652470033,0.9610550978947842,1.1312414755094844,1.086583922531614
GLSS.19.0267.TP.01R.RNA.UETVPC,1.3157228706728112,1.2041041550923544,1.105174301104783,1.2158012752426817,1.0881448920057097,1.0070626919794143,1.004946325568613,1.076331790602517
GLSS.19.0268.R1.01R.RNA.A1U9K5,1.2714675448576083,1.251710757319139,0.9765445846427306,1.138790813167759,1.04828094249681,1.086175332447388,1.077594717781046,0.9844277230326883
GLSS.19.0268.TP.01R.RNA.YXIXQF,1.294303188976112,1.2659115743574545,1.0841567189453671,1.085301503163047,1.1072835224002608,1.0106936193168623,0.8739407546861756,1.0756996757572208
GLSS.19.0269.R1.01R.RNA.1ITEOF,1.2923148652469403,1.2984799235479012,1.0798527004472862,1.110229252189283,1.1067583001728754,1.0525977344357589,1.013587940901391,1.0395153749607318
GLSS.19.0269.TP.01R.RNA.MP0LYE,1.2995147043785427,1.1871069748990553,1.1141993966835173,1.1736029399928916,1.1109326410863138,1.01153678246891,0.945182680305872,1.1096582041262573
GLSS.19.0270.R1.01R.RNA.5BTPMV,1.3021498253041277,1.2534059061077805,1.0131491764659768,1.1659906409256002,1.067897193539449,1.157071569147163,1.0298775640414943,0.9883270205534259
GLSS.19.0270.TP.01R.RNA.S2F11G,1.3174331435241144,1.2742212131005806,1.0101487097498458,1.1191761837229683,1.1119846817363654,1.0374726634878881,0.9637479636673134,0.9683759649252508
GLSS.19.0271.R1.01R.RNA.ZGQFM3,1.3168291734984165,1.1578232050511696,1.0537472162364512,1.1652869874073695,1.1315795898784287,1.0164596122005436,1.0170565229022377,1.0289189414671573
GLSS.19.0271.TP.01R.RNA.UD7X6J,1.3265736719232941,1.2396371135836153,1.0384537389185977,1.1262692623977497,1.156165172374011,1.0788448279647336,0.9814083096926853,0.9958126920523103
GLSS.19.0272.R1.01R.RNA.MW1TDZ,1.2660181344091987,1.1950903531070975,1.0739066072164722,1.1929770615914834,1.0591688743236267,1.0348765863597948,1.0732348309291568,1.0556620612802932
GLSS.19.0272.TP.01R.RNA.SJ0YBY,1.192597699264868,1.2991518359146268,0.9349648744871784,0.942339047412068,1.080265099237799,1.1704364594500964,0.8863757507276289,0.8998649705869595
GLSS.19.0273.R1.01R.RNA.7LI1X7,1.2896887366689798,1.1953727982774205,1.155689050012625,1.1225431297075839,1.0975191885612718,1.006264696477468,1.0005275478284197,1.098011218420079
GLSS.19.0273.TP.01R.RNA.89TZ9X,1.2499806388416945,1.3108719214747149,0.9565440119484678,0.9944718636747159,1.070412257335662,1.1665207409261804,0.937072847789933,0.9245425984940498
GLSS.19.0274.R1.01R.RNA.TB5KM6,1.305291446752167,1.3205139546404967,1.042311666731559,1.1304255781260597,1.0825843039501442,1.103443132605776,1.0195905442754885,1.0044007645504736
GLSS.19.0274.TP.01R.RNA.ZZD8PZ,1.27060455241324,1.2725720491377703,1.0809854011083089,1.0884804175851006,1.05894165606331,1.1402168805395532,0.9932113412726171,1.0188420424343425
GLSS.19.0275.R1.01R.RNA.72HPX6,1.3019629875418994,1.1982341037141564,1.0986839819113252,1.1487217171190844,1.064365328600676,0.9867674912300781,1.1234750996641834,1.068784818409924
GLSS.19.0275.TP.01R.RNA.C7VBPY,1.3250459119668767,1.230448105902825,1.0601097064594542,1.1259971175011911,1.1844814891957427,1.0241601728503913,0.927161213479336,1.015143334768729
GLSS.19.0276.R1.01R.RNA.OK7X39,1.1324282592888355,1.2371645466456738,0.9172308679697754,0.8727834123868609,1.0955191157855018,1.085462833268511,0.8638261223901417,0.9062176199928724
GLSS.19.0276.TP.01R.RNA.5UAKW0,1.3156873042171229,1.283609188787531,0.9886027726595956,1.0651559730311098,1.1182611444101527,1.089338168393408,0.9609414257601392,0.9661880656937852
GLSS.19.0277.R1.01R.RNA.ZE7EG2,1.2886808016280242,1.222279282934809,0.9685945102298866,1.0541247075824682,1.0643391468232402,1.125620763743495,0.9804087714743419,0.9561007645553081
GLSS.19.0277.TP.01R.RNA.7PUAB6,1.1785517142944975,1.3234484449239063,0.9409785061819125,0.9240725921081157,1.0647111342656772,1.1617103863621652,0.911087295460807,0.9019751964948506
GLSS.19.0278.R1.01R.RNA.IZ869X,1.3003944661572928,1.2980236387478297,1.038347750539178,1.0922128002738745,1.1107809597613614,1.0815250609261458,0.9693208039591481,1.0019681999180643
GLSS.19.0278.TP.01R.RNA.GRPJQ4,1.2920963202729245,1.3060878643146352,1.016629719414541,1.0759764203423448,1.110780523894709,1.0911111539101814,0.9368481634138444,0.9903812630905595
GLSS.19.0279.R1.01R.RNA.J1DZC9,0.9364184576840389,1.0887300623732048,1.0925060526844357,0.8636453223861815,0.9672438782413139,0.8630982012577584,0.9220191902931685,1.1042292489354761
GLSS.19.0279.R2.01R.RNA.G733J7,0.9150707600531989,1.114754781789968,1.0795432557989983,0.8413958507289241,0.9474802910250119,0.8930342237679614,0.920891854405403,1.0880806013833662
GLSS.19.0279.TP.01R.RNA.R37O1O,1.0618425597854204,1.0808321870421662,1.1378979712819337,0.9525548809046755,0.9849441271643641,0.8666941508066122,0.975297021212832,1.1467517475264748
GLSS.19.0280.R1.01R.RNA.CZ9ZTK,1.3310671945290526,1.2731938719866944,1.063062394810273,1.1385299782704303,1.1366542887431506,1.089647686265859,1.0078046930857973,1.0012320755917847
GLSS.19.0280.TP.01R.RNA.WBZ8RC,1.3357782786086698,1.2833862726795329,1.0171000665102399,1.090523709706583,1.1641281579350664,1.0364191320518903,0.8911919749193471,0.9852818790909099
GLSS.CU.P003.R1.01R.RNA.2OJ4BA,1.3432896627458295,1.3201232892878036,0.9527893193954923,1.1161323056733468,1.09889947048034,1.1739371391986935,0.9886357287216366,0.894786578097567
GLSS.CU.P003.TP.01R.RNA.QNW0T1,1.3444782221653326,1.343884208752759,0.984065910187122,1.0820327201460944,1.1461236981327414,1.1165164950136375,0.9320300740619752,0.9067110463819338
GLSS.CU.P013.R1.01R.RNA.E2JDYX,1.3310705184551936,1.188352684445854,1.1610985434085896,1.2165340184973343,1.0123626951688203,0.9451377245418594,1.1275823185030542,1.0880801011274261
GLSS.CU.P013.R2.01R.RNA.GA0HYI,1.335852603109771,1.2528160108585469,1.158129728528819,1.2596609346824077,1.0122632416801263,0.9974678259466531,1.0651509936965426,1.1131666712696286
GLSS.CU.P013.R3.01R.RNA.V38ZQ5,1.3285113204088816,1.2411749482511922,1.1662924007070705,1.2266667773971462,1.0062221870385237,1.0355023662192742,1.0803538833613842,1.0846195477618013
GLSS.CU.P020.R1.01R.RNA.7RU49D,1.353761239692603,1.3033402787828146,1.0137179504069458,1.1217749395029442,1.1099400375539414,1.1198343973665583,1.0545148575730148,0.9244323851481591
GLSS.CU.P020.R2.01R.RNA.0MKZM3,1.3423631570045607,1.2228819818267807,1.0784835938932873,1.1758744604229854,1.0234464105757983,1.0069787013959197,1.1825194150681744,1.022835870396227
GLSS.CU.P020.R3.01R.RNA.NXTUET,1.3065762350147871,1.33155073267835,0.9618775530788124,1.0364185314651697,1.0973008881548383,1.141491097277594,0.9681790530499277,0.9007586844156587
GLSS.CU.P021.R2.01R.RNA.RBSRHF,1.3585382916749082,1.2671624789363305,1.0614040279038945,1.1891306603615786,1.0906319298485703,1.0698245809821267,1.1050018653986189,0.9789014784525382
GLSS.CU.P021.TP.01R.RNA.Q4LSD8,1.2614700250667183,1.3375970621713256,0.9326734543369184,0.960062084456334,1.0438142699170299,1.1276818068734091,0.9331616684771835,0.8392655683790281
GLSS.CU.P024.TP.01R.RNA.8JTL48,1.3105886817266106,1.1199123932708297,1.1347238847750958,1.2286608827982564,0.9972066403274732,0.8925342780443832,1.1376906487681573,1.0813633053477492
GLSS.CU.P025.R1.01R.RNA.U1X558,1.2949863338414578,1.2583564628849684,1.047439653989962,1.1539689011722056,1.005703242370137,1.0703801202055905,0.9848175312622901,0.9898888372721062
GLSS.CU.P046.R1.01R.RNA.IQAYII,1.3162061308035256,1.2724851440522789,0.9783297385836331,1.1401063238678584,1.0087429704416029,1.1576964598979826,1.1001119760029696,0.9186250174661361
GLSS.CU.P046.TP.01R.RNA.OGSYJ8,1.3172950033576873,1.247457815709898,1.1526777801349193,1.1832649044122192,1.0192011166010468,1.0472167856581425,1.0076608994282445,1.0608178243502033
GLSS.CU.P053.R2.01R.RNA.2HP24A,1.3523122113064194,1.2393042153574432,1.027054855720442,1.1831203279853788,1.0676736796827377,1.0887349207900379,1.0835711697923407,0.9691028871090357
GLSS.CU.P053.R2.02R.RNA.NOLK1C,1.347130521158806,1.2659188291981418,1.0797721577595913,1.1118726792095526,1.1107362019623939,1.0888191322817076,0.9521789158806679,0.9692850767253332
GLSS.CU.P053.TP.01R.RNA.DAMM5M,1.3266404428098832,1.323368311421432,0.945459684946758,1.067519169279323,1.0799780219332928,1.1479650385423876,1.0008378174629002,0.867853178009091
GLSS.CU.P055.R1.01R.RNA.NLRM27,1.2888076712394916,1.3344615852978576,0.9532096986622034,1.0503932819526118,1.0637347209023058,1.1418331767834846,0.9522257664004576,0.8910325064779895
GLSS.CU.P055.TP.01R.RNA.1XD78B,1.282605688354733,1.3282641466085046,0.9602247188366729,0.9774379867205809,1.0629336521531203,1.1152071082357158,0.911223722979443,0.8780696559014712
GLSS.CU.P056.R1.01R.RNA.6UGZ93,1.3223179007141626,1.2524990429539642,0.9507015557200631,1.1539822983655912,1.010556577354997,1.1424223312805415,1.0817845755611648,0.9159514627493021
GLSS.CU.P056.R2.01R.RNA.3FSDD0,1.3570793473312825,1.2966621484014709,1.0254357746879335,1.0887167667828535,1.1655385265114018,1.004486173348265,0.907906629020733,0.9201155343846249
GLSS.CU.P069.R1.01R.RNA.95RLAP,1.3375876455800761,1.2797165815989304,1.0295220165336585,1.1450277885188314,1.0216154525273862,1.1517555980628245,1.074399467442688,0.9463976592350861
GLSS.CU.P069.TP.01R.RNA.CVOV9T,1.3423131020007133,1.2979299459284326,1.189924496369382,1.2559836282412202,1.0406020301005436,1.0336013576884338,1.002279645003254,1.1250161750648893
GLSS.CU.P071.R1.01R.RNA.O86X2M,1.3423691283965982,1.3249667401537284,1.0377099157871603,1.1479301801681292,1.0973776296722546,1.1412356112593056,0.9980591119341212,0.9582971603557128
GLSS.CU.P100.R1.01R.RNA.Z1G7JQ,1.2361185014257605,1.289997071325876,0.8579597544315529,0.9504879011101464,1.0328563323641584,1.1921118367918764,0.9118221241876234,0.8408895153345789
GLSS.CU.P100.R2.01R.RNA.ZXKTQ7,1.3154639204368035,1.2513567938432684,0.9455779786726368,1.1522549565112326,1.0114184519321043,1.0939176294171047,1.0988458040319014,0.9333801473424154
GLSS.CU.P101.R1.01R.RNA.FLI06Y,1.3273435304120258,1.2423797847161848,1.1011580178472893,1.2408376707835513,1.0098522364509026,0.9819736022294376,1.0335906914251571,1.0695276451307187
GLSS.CU.P101.R1.02R.RNA.8AOGKJ,1.3298334861229912,1.265239236873667,1.1328428974379616,1.2399264846547553,1.0196578786966901,1.0152951655749654,1.0767656154765626,1.0778031054215993
GLSS.CU.P101.TP.01R.RNA.2II6XG,1.3361113252641668,1.2728650642136998,1.0712091564010764,1.1923375920635024,1.0079754152516378,1.1196854025099436,1.0391332865421088,1.0137363997835565
GLSS.CU.P102.R1.01R.RNA.QODUFA,1.2821172394533498,1.2898785676327433,1.0012173037401642,1.1404857167484184,0.9770987601337341,1.1703745142241644,1.0939225138607522,0.9241646212514193
GLSS.CU.P102.TP.01R.RNA.8PXZZ1,1.3569722576120204,1.2284644730900038,1.1266031276208652,1.206823428208286,1.0836205942261934,0.9437011725345698,1.1185947954477309,1.0229769758371594
GLSS.CU.P103.R1.01R.RNA.WBK5H6,1.3423153934661047,1.2571318462174492,0.9891717900841215,1.156538877714613,1.0468612480111021,1.1177635990822365,1.0822129763521524,0.9326474856618859
GLSS.CU.P104.R1.01R.RNA.L5UZ2L,1.3520607865881062,1.2627614023077807,1.0190458163976495,1.1562632342243546,1.069470816698409,1.1312069559283386,1.0919557335891723,0.9440717412260685
GLSS.CU.P104.R2.01R.RNA.CWEZ91,1.3445070781816937,1.2229343885496549,1.0604917721561504,1.1742396760365343,1.0419385488996944,1.0709766858263543,1.1575097158960583,0.9926766208133213
GLSS.CU.R001.R1.01R.RNA.SRFKW8,1.2953134226439411,1.2563124774110326,0.9736050398387383,1.0916449686816916,1.0080225448370597,0.9699731550315542,1.0409107221842568,0.9284340650310472
GLSS.CU.R001.TP.01R.RNA.YFIDWZ,1.2939428629771639,1.265388881836959,0.9563173599157718,1.050655174698419,1.0403917622893417,1.0566681005153098,0.8991280266470929,0.8881224319286399
GLSS.CU.R002.R1.01R.RNA.MH7LMQ,1.3179072336643345,1.2494251168821333,0.9512056756224863,1.1213741978848704,1.0793607212561096,1.0169336322921212,1.0016511638034935,0.8996293842021538
GLSS.CU.R002.TP.01R.RNA.7CO09H,1.2686559601526513,1.2928859791751028,0.9034142168163839,0.9835666920799564,1.0783711601800505,1.077562973085813,0.8574516934813866,0.8516363301497627
GLSS.CU.R003.R1.01R.RNA.TSQJII,1.2447783220896325,1.1551976668648332,0.93256571850149,1.126504540356663,0.9686157893713135,0.9949966004489024,1.0901864174182188,0.9278685261703067
GLSS.CU.R003.TP.01R.RNA.690QLH,1.331627323234283,1.2984672948366105,0.9158048191666269,1.044161249633943,1.109565556856222,0.9963334328505199,0.8674954883376795,0.8652172685323295
GLSS.CU.R004.R1.01R.RNA.H8JS8M,1.241970824219032,1.2733375703463026,0.8160719477063755,0.9123987719875106,1.0389458862587826,1.0966430657493194,0.8761266062987413,0.7893522464398989
GLSS.CU.R004.TP.01R.RNA.U0DEP1,1.2549035798226673,1.2048944392449183,0.8577288756043867,0.986387141811396,1.0667792518910377,1.0593830195826464,0.8826242783837784,0.8343503962950566
GLSS.CU.R005.R1.01R.RNA.5O1VW3,1.3251397783486831,1.2809842752573166,0.9836030376996918,1.1040605744750058,1.1129947115482877,0.9646015617219006,0.8613416491066912,0.9630099276921903
GLSS.CU.R005.TP.01R.RNA.LOURPF,1.348671875786546,1.2240367326477055,1.0350206117502385,1.15722404606889,1.1299412402956406,0.978773629398474,0.9540971649648713,0.9642235417863271
GLSS.CU.R006.R1.01R.RNA.4EGGFS,1.3592994074849014,1.3316083318732526,1.05448664380764,1.1405647915238786,1.1271869641016907,1.0693155541501171,1.039073291857279,0.9626831034918149
GLSS.CU.R006.TP.01R.RNA.VRCJGW,1.3368812639257122,1.1900702608777494,1.0528941359775448,1.1909785966208923,1.026515197823045,0.9295303111966243,1.1667970735403335,0.9976002266886104
GLSS.CU.R007.R1.01R.RNA.QIALTQ,1.2317734188613987,1.2662069823834128,0.9594643151429192,0.9698261341926084,1.0297947009665664,1.1224577523189723,0.8904756051891946,0.9050884212746156
GLSS.CU.R007.TP.01R.RNA.P6YJGF,1.3241957857742144,1.2256026496008112,1.0290787664248464,1.1036643487118467,1.0621407651962906,1.028147383658122,1.0266143122246394,0.9489999485986257
GLSS.CU.R008.R1.01R.RNA.1UZMY7,1.2918340577566627,1.2410378646126188,1.072223391778963,1.0909953246579382,1.0205658844539867,0.9156966785104927,0.862437455357458,1.028960487674792
GLSS.CU.R008.TP.01R.RNA.YR7H68,1.325721013581442,1.1441517595702162,1.1145498255824107,1.1699324380102605,1.0387718041423863,0.8748165964043167,0.9466555966687776,1.0500373891864403
GLSS.CU.R009.R1.01R.RNA.QREUYE,1.3231505356681235,1.1809490250743386,1.1868698705047553,1.2398018872587722,1.0353520054857888,0.944824706219736,1.0319643002045649,1.1523463971532593
GLSS.CU.R009.TP.01R.RNA.625BJL,1.3008865514942802,1.184868791196117,1.1615052045462282,1.2029771726478222,1.0252012750995598,0.9196637276951336,1.032058486560519,1.1274040479805447
GLSS.CU.R010.R1.01R.RNA.7LMTWC,1.3016901196189115,1.2376927472222035,1.0685544742826434,1.1937793774246943,1.0007516744175036,0.9655830637034133,0.9545776807656037,1.0518619546248904
GLSS.CU.R010.TP.01R.RNA.SURYRR,1.229696676530596,1.1657643585415303,1.0117616500434987,1.138796520321269,0.9759066903413357,1.0215863616028313,0.8669598316738988,0.9876291915068727
GLSS.CU.R012.R1.01R.RNA.JC21H3,1.1760171631860736,1.0595018148536461,1.1325134156513865,1.0885064394446053,0.9419885894981783,0.7974385373964247,0.8572622531969886,1.1036536720311494
GLSS.CU.R012.TP.01R.RNA.21UZH1,1.2663870489757794,1.1067551931543305,1.0933040722170095,1.1055182277342268,0.9743347534684055,0.8460758621510497,1.0217255663727611,1.0483308397498785
GLSS.CU.R017.R1.01R.RNA.S3WCU4,1.3122252430941135,1.2139597555727704,0.9704840950041442,1.1551782280231009,0.9918720900816406,1.0352967147397643,1.1334801038473936,0.950539182055886
GLSS.CU.R018.R1.01R.RNA.0OVRM9,1.3645430719588054,1.2043768040757217,1.1202677979231281,1.1726197358169708,1.1419815132598186,0.939801949581209,1.0991286687967121,1.0044635746983956
GLSS.CU.R019.R1.01R.RNA.BGF7KM,1.3339343563621437,1.2425740658572009,1.0961792659060257,1.1626627184961902,0.9966478562152657,1.0290552193355385,1.1779160405758875,1.025514726681465
GLSS.CU.R019.TP.01R.RNA.S5OA7D,1.3498551748970675,1.2714906224240616,1.109929095957091,1.167091759462878,1.0133786477315785,1.0900579224891696,1.0127816642550396,1.0232016806158277
GLSS.HF.1DDC.R1.01R.RNA.BUA6E0,1.3189247152218408,1.3114703198447817,0.9697095367758587,1.1591093134229755,1.0658669080192948,1.1193836765302319,1.0787923823958465,0.9486231376002381
GLSS.HF.1DDC.TP.01R.RNA.9YZGBJ,1.3384482226678664,1.2408523603879809,1.0812518337203725,1.207015863984703,1.1000929843637255,1.0086614860001784,1.1553862657856326,1.0143772284300443
GLSS.HF.2548.R1.01R.RNA.F7XJ9B,1.3248202641370657,1.2758153282350482,1.0949265051732346,1.1355293731683485,1.0617107257252663,1.0132759062642664,1.1058626016746942,0.9923073894094496
GLSS.HF.2548.TP.01R.RNA.4R6KR6,1.3524414087162344,1.299666117883245,1.06691382677796,1.1204325221964475,1.133313683290245,1.0548097181061364,0.9090833310561531,0.949623963654992
GLSS.HF.2829.R1.01R.RNA.D71HI8,1.3095325942136344,1.28351217647163,0.9603298556689576,1.042818244696472,1.0839117014768596,1.1490266075679425,0.9186995393537001,0.8813472099509789
GLSS.HF.2829.TP.01R.RNA.90I02Y,1.3499833961848466,1.2318105943867188,1.0971399891027016,1.156994065967748,1.1467285967149037,0.9963674729248369,0.9997168290549784,0.9928210419294257
GLSS.HF.2869.R3.01R.RNA.TF6NT8,1.2915798621586518,1.31368393974373,0.9470744775656554,0.9968811691146144,1.076554830180817,1.0158039477583347,0.8951523665425177,0.9063204769483905
GLSS.HF.2869.TP.01R.RNA.2H6MOF,1.343671632987258,1.3285519482683463,0.9353780659586802,1.0376230985847634,1.125691157212467,1.1191086607661562,0.92784296940535,0.8526995921081416
GLSS.HF.2919.R1.01R.RNA.R6L8SO,1.3558412831167659,1.2656289222363266,1.078365759900105,1.1736379608304932,1.1143480521851574,1.0204267183969307,1.061480573727698,0.9943033046103216
GLSS.HF.2919.TP.01R.RNA.3AV46F,1.3092313076171402,1.3099497321819842,0.9573397263244722,1.0124629543402894,1.0816732996125167,1.04315701422608,0.8778613462349157,0.8924896529804938
GLSS.HF.2934.R1.01R.RNA.IBE7TN,1.2819272184005195,1.3444964749739394,0.9800899199754244,1.0409542861730414,1.0335421757867378,1.1842130872205021,0.9336781398002804,0.9027324880813029
GLSS.HF.2934.TP.01R.RNA.WUQKHB,1.3472403319317774,1.285333502776566,1.0491273453056813,1.0630348499880589,1.1387851550939885,1.0741519329975728,0.9207156075936155,0.9437376173726867
GLSS.HF.2998.R1.01R.RNA.2HE04E,1.2614432616900801,1.3145276255539144,0.914205857566422,1.0138250076374298,1.0405317113219845,1.2221765243341496,0.9561389539110761,0.8546420910012639
GLSS.HF.2998.TP.01R.RNA.5H7ODC,1.2570903638411128,1.3304585308951697,0.900115176765821,0.981224806118909,1.0568503900529385,1.1934252020438034,0.9216884331636589,0.8425789489559612
GLSS.HF.3050.R1.01R.RNA.7FET5L,1.3395220567831962,1.3143542967488289,1.0480015452080997,1.123948912050523,1.0940402380662873,1.134807564018787,1.0063008981766455,0.9495681927399265
GLSS.HF.3050.TP.01R.RNA.DR0HT8,1.346915140147696,1.2521092882396667,1.077429058887986,1.1256102652747502,1.1262614526254795,1.065488895738239,1.011238421008871,0.9711389468580004
GLSS.HF.3081.R2.01R.RNA.939287,1.2889026355119892,1.2844062951201385,1.035781609084283,1.1522353634353946,1.0248281574908669,0.9952462761552487,0.8746157649477014,1.0393309639684933
GLSS.HF.3081.TP.01R.RNA.EE79OQ,1.3056157777415887,1.251489070065139,1.1234323287079901,1.2274026469600519,1.0299993679067392,0.9955717092351732,0.9607158445991701,1.119039210191163
GLSS.HF.3118.R1.01R.RNA.HNBVM0,1.3116074411312963,1.2398643048210762,0.9293087585293592,1.1167006860886004,1.0048006304420287,1.126213967252836,1.0647552083535021,0.8908598916116551
GLSS.HF.3162.R1.01R.RNA.JUILFB,1.3507172351282006,1.3001337517195566,1.0613346672750823,1.1296111107026894,1.1179545477542834,1.0747665856661044,1.010010531103113,0.9708188849203429
GLSS.HF.3162.TP.01R.RNA.K5P3FT,1.3415246157749072,1.295388713492337,1.0106865528748654,1.1039890026531796,1.1259663589348357,1.0937927500814542,0.946744189128618,0.9335791278801705
GLSS.HF.47E9.R1.01R.RNA.7W5GMH,1.3324812274898594,1.1951345083967206,1.0694892245462904,1.18161579669664,1.0662967676133484,0.9328611079601661,1.0928109023508559,1.0107262963143033
GLSS.HF.47E9.TP.01R.RNA.FLV33R,1.3155157947312544,1.2728620263209367,1.107763759256724,1.1801763588740044,1.0441776796674018,0.9421902861044724,1.0498687832883784,1.0382471946375802
GLSS.HF.4B46.R1.01R.RNA.6IFROU,1.2826132247213475,1.0636395501651184,1.160223088158353,1.2768379588589174,0.9569258395080533,0.8363969351546005,1.0561306035013558,1.1754101417577252
GLSS.HF.4B46.TP.01R.RNA.9CXEEM,1.3197872917490663,1.1275320535538322,1.1665159253571833,1.278434700035874,0.994424914345749,0.8877049945070502,1.1253598019618607,1.1467297556652534
GLSS.HF.4D9A.R1.01R.RNA.1NEQO3,1.2102995506789522,1.2660633135547388,0.87014997374492,1.045761445688696,0.9611536190504627,1.2441187300328567,0.9913155395974262,0.8556031458962053
GLSS.HF.4D9A.TP.01R.RNA.C8NU0J,1.3448814557955935,1.298508385477132,1.054415461190483,1.250914522277252,1.091557600928096,1.0568797550106042,1.076936902234217,1.0215952348739794
GLSS.HF.4F0A.R1.01R.RNA.WMJWU0,1.2889801966879493,1.1258780490175013,1.135665529004715,1.1794040666118666,0.9913921538270013,0.8579163219534663,1.202228800823243,1.0988052155814667
GLSS.HF.4F0A.R2.01R.RNA.U8EJIU,1.23751176292462,1.1601312001194808,1.2067621716136778,1.136930361136814,0.9810646350295116,0.8926970413616216,1.0292991584162308,1.1595678675173378
GLSS.HF.4F0A.TP.01R.RNA.GG6762,1.3108006635046192,1.179185123446197,1.1519659139762302,1.2443419888308156,1.0046042769015815,0.9341358150580612,1.0257861110662123,1.129053442406631
GLSS.HF.4FBF.R1.01R.RNA.D3G6JZ,1.3329590450413262,1.2583815271294654,1.0942693701102646,1.206335910331549,1.0378384898687376,1.030015479877472,1.1555658911593572,1.0348647727991755
GLSS.HF.4FBF.R2.01R.RNA.R8L1KG,1.335404299710841,1.2392252569829878,1.0314487963118366,1.16037326072815,1.107522749138447,1.0503184467520081,1.0489406442852245,0.9840753080487193
GLSS.HF.50F3.R2.01R.RNA.DFV350,1.3355330487680712,1.2398125645082645,1.101084803150064,1.223181210963364,1.0387791191068363,1.0197038189409209,1.13230893284965,1.0513204039120447
GLSS.HF.50F3.TP.01R.RNA.5BOOW9,1.2845290942351175,1.3312911731025134,1.136225320669263,1.1355500803965306,1.0140616022860667,1.133015165362097,0.9918128628819836,1.0688620181365427
GLSS.HF.57AE.R1.01R.RNA.QYF4I1,1.271600620268781,1.2900351912512622,0.9481566200988276,1.1015782970662846,1.00507178052893,1.1470335660710933,1.0529621931336863,0.93920089482295
GLSS.HF.57AE.R2.01R.RNA.NAVDEK,1.2410452865670862,1.2647267937156552,0.9576923335171649,1.0491009881240714,1.0042629186800784,1.178106724588935,1.0061454983297748,0.9194891308665919
GLSS.HF.57AE.TP.01R.RNA.D8DT15,1.3193190830782937,1.2408895923314758,1.1160543231498916,1.1842303642823162,1.0060955970994352,1.0502626836453683,1.156542727312063,1.0621325613002492
GLSS.HF.6504.R1.01R.RNA.BSOQQB,1.3234346650839441,1.2951033577577715,1.037974188092466,1.166178781291578,1.0475200901555637,1.1294217522155412,1.1051658306753618,0.9727187092005604
GLSS.HF.6504.TP.01R.RNA.5OSIEV,1.3177570845508586,1.3068020133094524,0.985261415211109,1.0994708411411476,1.0622205676923226,1.19627989416538,0.9811388729711294,0.9322935118279034
GLSS.HF.6658.R1.01R.RNA.6U0Z1B,1.3336204981671924,1.2977324293445698,1.0974466096498166,1.1941510780073463,1.06111720318168,1.0783783516065228,1.0631333250953623,1.0331810423445962
GLSS.HF.6658.TP.01R.RNA.QK2ECG,1.3295172328535292,1.2473723914204728,1.1474549439897086,1.2605169366259372,1.0413493408274954,1.0393808627883296,1.078521672024272,1.0994225994752769
GLSS.HF.753F.R2.01R.RNA.8JJ2ZF,1.3031487451674475,1.2053462232623076,1.0748354386693024,1.167071032369752,1.0024892059318586,0.992730102305477,1.1919922992214143,1.0296493471561103
GLSS.HF.753F.R4.01R.RNA.B36DGR,1.2716175862673331,1.2327159776357854,0.9242430203449705,1.1267534902347118,0.9924404004572788,1.1430822154479854,1.085379576906008,0.9391864273794868
GLSS.HF.8FCD.R1.01R.RNA.TM9C6H,1.259950999031614,1.3253069497891445,1.092267896968972,1.0999383794844804,1.0627461393903788,1.0545879922415817,0.975302219915242,1.0146667240577258
GLSS.HF.8FCD.TP.01R.RNA.NI3IMQ,1.3444606239550534,1.2433272973892682,1.1076599434857843,1.2601052706886255,1.1153443439965736,1.0390586398314219,1.115872051782532,1.051271904891494
GLSS.HF.9A7A.R1.01R.RNA.RQWI9I,1.3191997605807955,1.3255110486922927,1.025554902306103,1.1231605578721537,1.0866287562873869,1.1183469283680942,1.0070900342821976,0.9626119548141805
GLSS.HF.9A7A.R2.01R.RNA.Q00IRD,1.3221241284535858,1.3017587483298023,1.073902611958591,1.1533836109768814,1.0835283301030212,1.0744381567988759,1.0047434613381467,1.0238303324246114
GLSS.HF.9A7A.TP.01R.RNA.KGGESL,1.3055238704620407,1.3166666183388624,1.0793367442387911,1.1457806104201023,1.0770300790622893,1.0909384110967253,0.935096989187504,0.9997611310878843
GLSS.HF.B30B.R2.01R.RNA.K9X72E,1.32273955085373,1.3094475681058415,1.0460450742531717,1.1461081016861625,1.087977051978167,1.0975731253656273,1.0607862463638533,0.9788731994930815
GLSS.HF.B92C.R2.01R.RNA.JYMG28,1.2961443298288324,1.1494540001318876,1.1324723070474405,1.175000345295627,1.0070595370766051,0.8653765701180329,1.2011048902173806,1.0887856799421376
GLSS.HF.B92C.TP.01R.RNA.NAGUSB,1.3421476905583682,1.2686216754719188,1.0150101162267873,1.0925783126065713,1.0703658578704083,1.0328997472236894,1.0505763434233741,0.9518696975657043
GLSS.HF.B972.R1.01R.RNA.JFLQPN,1.3320152201560451,1.2324852565338087,1.1100330435815329,1.1749696719199922,1.0659162246302105,0.9654715237850064,1.1418274500282806,1.0277496865275362
GLSS.HF.B972.TP.01R.RNA.4B7AA8,1.3357963291864687,1.332363318010833,0.9467168696338394,1.0856396932271,1.1461979417560686,1.1107866163663505,0.893034849834994,0.9125893042625443
GLSS.HF.BCDE.R3.01R.RNA.PI4RZS,1.3304767148595742,1.313225034279566,0.9859685508930757,0.9790261409991621,1.1033706854807253,1.117145298510811,0.9282097281623618,0.8965318689564797
GLSS.HF.BCDE.TP.01R.RNA.00UPA1,1.3441665643979883,1.2182542331562725,1.11669617026491,1.1796542398822085,1.1333087820662686,0.9849394409731457,0.9759616378278684,1.0630122462026634
GLSS.HF.CB66.R1.01R.RNA.W5T2MP,1.3104526235217135,1.1454230519424118,1.1505860494776647,1.276178506742783,0.9990389525711593,0.8858871299859097,1.0626045133815627,1.1449048977047247
GLSS.HF.CB66.R2.01R.RNA.5NA0F9,1.1969868628142148,1.0877980544487154,1.137860731974061,1.279851080419602,0.9446364411156635,0.8161837737785584,0.995795900597356,1.1699517241856103
GLSS.HF.CB66.TP.01R.RNA.9MRJMX,1.3066204036632552,1.1045649024672164,1.1570211141190632,1.2417353106193258,1.0003594009425263,0.8280567961471252,1.1949655432838884,1.111041384211419
GLSS.HF.DE05.R1.01R.RNA.SCGI6P,1.3435577849926281,1.27773200799545,1.109585488225773,1.165183599088889,1.1525391741318178,0.9896921994533937,1.0551704554152603,1.0212882311714089
GLSS.HF.DE05.TP.01R.RNA.XEMNN8,1.3481908891252237,1.2049610420792507,1.0713997840272889,1.15972358693471,1.2087511984399142,0.9476377729559977,0.9911838024638181,1.0069175320614259
GLSS.HF.DF35.R1.01R.RNA.KMLJLA,1.296189556336147,1.3400577986766593,1.0227897458373516,1.1339189791810542,1.0290593047962338,1.1381201718559975,1.0229712637691892,0.9593011465306851
GLSS.HF.DF35.TP.01R.RNA.IH1LVD,1.325436094666787,1.2103620648466147,1.092296904072526,1.1592288290707393,1.1096246818627093,0.9804527227378926,1.0245830206347188,1.0308455637822802
GLSS.HF.EE74.R1.01R.RNA.0ZZ3C0,1.3177382706003749,1.2302569314455725,1.1402815058691778,1.2609452115848085,1.0111814937055015,1.0007955434304114,1.1685915557503272,1.107065657983704
GLSS.HF.EE74.TP.01R.RNA.7O75ZV,1.2782979586364331,1.239327554375055,1.1995040360732139,1.2796548948699364,1.0167878246515798,0.9836289168076913,1.0263057594715683,1.160901554154143
GLSS.HF.EE77.R1.01R.RNA.Q9225H,1.3394330431076646,1.2586845231313775,1.0816704877533674,1.148902917653835,1.072625209522975,1.0673237060573957,1.1142628205829823,1.0003039017307218
GLSS.HF.EE77.R2.01R.RNA.ZNRTM7,1.2976886246654005,1.229947318528558,1.0871191904079776,1.1327918867931148,1.004781215125809,0.9640129329377338,1.1822703760021582,1.0384024073147933
GLSS.HF.EE77.R3.01R.RNA.UD3SIX,1.3308389542157955,1.2827430531718207,1.0111630936043756,1.072717757131629,1.1173810264308852,1.1155661383553046,0.9605662636211043,0.950653982875458
GLSS.HF.F922.R1.01R.RNA.XNFKVB,1.3205818635500788,1.262016447204836,0.9801551286813726,1.111575847641354,1.0329684581747791,1.1696860570050711,1.0139368166665108,0.9388612224280112
GLSS.HF.F922.R2.01R.RNA.5SZ198,1.309329680618234,1.3188715322232405,1.011162981440886,1.0910866646003456,1.0393260325248412,1.0793453435529574,1.0550664490724235,0.9738870582746393
GLSS.HF.F922.TP.01R.RNA.43U22A,1.2783621221738666,1.1124602478212167,1.1378049673775348,1.2893281962831238,0.973195616255712,0.862967692475985,1.0312684232854157,1.1513734725771732
GLSS.HK.0001.R1.01R.RNA.QD9QOC,1.257921638986322,1.3249314794897311,0.9504421046048417,1.0588649154318637,1.0026828423848764,1.1032072619458615,0.9883240358203337,0.9288609175395158
GLSS.HK.0001.TP.01R.RNA.BYEBS0,1.296850213052241,1.1857709403171215,1.1427186519014854,1.215749444436252,1.0276095227063784,0.9404735497961545,0.9953886523351592,1.117418721266749
GLSS.HK.0002.R1.01R.RNA.YMHB61,1.249133218426888,1.1261263129206813,1.188883491988864,1.1961758680936232,1.001160554406076,0.8826149187237838,0.9084778613707677,1.174535420169365
GLSS.HK.0002.TP.01R.RNA.E3957A,1.285923296585864,1.1043842054524589,1.1550894414910928,1.1836723708472103,1.0187169410636967,0.810650964050631,1.1432244921919992,1.0868394134001005
GLSS.HK.0003.R1.01R.RNA.34VZDE,1.3025237225039523,1.340749008553183,1.0449627546090607,1.0708158570165192,1.0787022516910243,1.0184899725984762,1.011234384986558,0.9581051408002564
GLSS.HK.0003.TP.01R.RNA.Y29F2O,1.2984128504974002,1.2629520605669544,1.000117658282033,1.1697313622499237,1.0413071989507536,1.1203307449629503,1.0528974464519172,0.9562631401198032
GLSS.HK.0004.R1.01R.RNA.1PAW5U,1.331229181344832,1.2625827309589115,1.1223498740837765,1.1255452404698973,1.1143504870209664,0.9873821650522079,1.0581064559251894,1.023183706269761
GLSS.HK.0004.TP.01R.RNA.2POKNB,1.3081987566712854,1.1262597013064015,1.0759349972961516,1.0530010762443667,1.1156723516928322,0.8802813380898216,0.97380266557298,1.0401449688484075
GLSS.HK.0005.R1.01R.RNA.EHMVQA,1.2974597593742656,1.128671247573338,1.1583513990147418,1.1989740852094053,0.9951723799813034,0.8703908681564957,1.0211982882024153,1.1039154840983914
GLSS.HK.0005.TP.01R.RNA.HJUBXN,1.3093053668546897,1.0941727954417226,1.1595779381535958,1.206408214104927,1.0107665904326721,0.8385280273134765,1.0750898025656388,1.0886364687695547
GLSS.LU.00B9.R1.01R.RNA.1IVJNJ,1.3010296909881975,1.2988295906452199,0.9988241474285317,1.1316791997657718,1.0495973561943077,1.1016011547733957,0.9624673755927463,0.9632790143799231
GLSS.LU.00B9.TP.01R.RNA.S9XA8D,1.2952333301707266,1.3109870317443082,1.015554995124948,1.0733641213549867,1.0582797084525282,1.0917998052250921,0.9451244523516282,0.9505215894141938
GLSS.LU.00C1.R1.01R.RNA.0LP4B5,1.2629222052774334,1.2226800406069493,0.9792396196084573,1.0944922076974355,1.0350539468329367,1.041102439998412,0.9869782383776163,0.9600853522307656
GLSS.LU.00C1.TP.01R.RNA.7FZMWR,1.313457733151382,1.278075945229654,0.9921011329618753,1.0763341157591275,1.1110958262652504,1.0177752228493404,0.9435948910138586,0.94462143323451
GLSS.LU.00C2.R1.01R.RNA.OWC50D,1.2433943399346066,1.2434077056072237,1.014750736395634,1.024107492676809,1.0106828314878082,1.0572560608372432,0.9193643915679962,0.9423656860420129
GLSS.LU.00C2.TP.01R.RNA.2QRUOC,1.248102331214807,1.2459389780538448,1.045801306837654,1.1614547571949634,0.996692324946901,1.0006029782760735,0.8989115223892505,1.039295787025366
GLSS.LU.00C4.R1.01R.RNA.O1YTL6,1.2525363510368595,1.188402408434669,0.9393337669175964,1.020395972798244,0.8481966607369061,0.8932154200496735,0.722892085860824,0.8561635112423555
GLSS.LU.00C4.TP.01R.RNA.55QVRE,1.2655473507137778,1.2499153950224888,1.0542680746139412,1.0675991992269178,1.0280756501866797,1.0112887714420726,0.9224750632000399,1.008295585273335
GLSS.LU.00C7.R1.01R.RNA.898J17,1.2401160554443327,1.1911103526762203,1.1212630763071958,1.1575381580965258,0.9941031910556298,0.9051758112341516,0.9556189062263006,1.105320263921662
GLSS.LU.00C7.TP.01R.RNA.7QCLSN,1.2276227656649958,1.080939119723104,1.0805909151696949,1.0979062074728627,0.9520107337376124,0.7793128509403994,0.8414171339716994,1.0600759118611351
GLSS.LU.0B10.R1.01R.RNA.L1NER4,1.2915318546557493,1.231228053330804,0.9816687765619316,1.062855804860882,1.0382030647583809,1.0372489515045715,0.9628420772002262,0.9215690324905496
GLSS.LU.0B10.TP.01R.RNA.LNPBXB,1.2880188599488396,1.1762236445661454,0.9987549127253109,1.0734155882928056,1.0783730391782291,0.8661465104159485,0.8740095602638444,0.9276923494564575
GLSS.LU.0B12.R1.01R.RNA.3P44CC,1.2675188614515982,1.2677466879136192,0.9464868328370861,0.9950917287161034,1.0594449928112917,1.0019569121469565,0.9291942081081391,0.9139817720345237
GLSS.LU.0B12.TP.01R.RNA.KNI3OS,1.1348554662425043,1.2797582703282948,0.8861463342533878,0.9177911078939037,0.985659696214197,1.1293179149336745,0.9134965063191105,0.8862166199492799
GLSS.LU.0B13.R1.01R.RNA.CZ1AHH,1.2722972388802325,1.3057540378700245,1.0236962533057596,1.0271558645084555,1.004299373750975,1.122335085775837,0.9395476167664207,0.9674280911850938
GLSS.LU.0B13.TP.01R.RNA.96LHFD,1.251138369569369,1.2724328742922726,0.8569017972739003,0.9480122198805511,1.0051364428231744,1.0979418116176611,0.8615270700283099,0.8638955350232966
GLSS.LX.0015.R1.01R.RNA.H1DNNK,1.3299337825148705,1.1904368719817893,1.1482751757108374,1.2320567015765516,1.0246886319053836,0.9859435011032749,1.1618799052101043,1.0848844414132308
GLSS.LX.0083.R1.01R.RNA.VS46JF,1.1796743447068925,1.2907911350114727,0.8768768711238222,0.893194196608359,1.025613435671329,1.1926884101605135,0.8898414468935519,0.8203530041142704
GLSS.LX.0083.R2.01R.RNA.EXTF60,1.169709603466988,1.2842319214703086,0.8218551706825145,0.8334269547791571,1.0033291892467378,1.075589333418496,0.8298992672270848,0.8343474716574006
GLSS.LX.0164.TP.01R.RNA.UJOU4R,1.172299892898736,1.3001280734647536,0.8339711749510148,0.9077493877869095,0.9953066807765549,1.1522470797993922,0.9437128486154553,0.8544684405997388
GLSS.LX.0178.R2.01R.RNA.D11SI6,1.2365741273946502,1.2253194889944674,1.1098310650233136,1.1075954701922124,1.0334973037226376,1.0316642100362066,0.9119066448552895,1.0703683448012447
GLSS.LX.0267.R1.01R.RNA.FKU91L,1.3118700735615054,1.1530344325271906,1.1713407715882804,1.23285000291341,1.012334343431538,0.8988764846835249,1.14727161451205,1.115367127807167
GLSS.LX.0267.TP.01R.RNA.79Y8W0,1.3245402056220685,1.1189611925878955,1.148208907693452,1.2500525083852065,1.0309379678009563,0.8654661217895203,1.1014641703633414,1.1391666636247935
GLSS.LX.0304.R1.01R.RNA.68YN4U,1.3376658447496346,1.3180964831553257,0.9882508971396319,1.1172043646002772,1.0930602878145583,1.11296912669177,1.057853755566764,0.9264246564710651
GLSS.LX.0304.TP.01R.RNA.JOXRS1,1.347386969401832,1.24735877981877,1.0477588581262773,1.1228112932177923,1.184847988952853,0.9917019888948352,0.9846612482696995,0.9935195622000123
GLSS.LX.0357.R1.01R.RNA.M07N75,1.325113749969487,1.239489358661942,1.0958282326440967,1.1768554521776868,0.9968044828557352,1.0620608985400002,0.9837395526872121,1.073276677380435
GLSS.LX.0357.R2.01R.RNA.HBTTUU,1.3319050327806201,1.1583104622250924,1.0778975035258807,1.171322520507609,1.0373320661727832,0.9218475766696158,1.0968934872258098,1.0443592104165402
GLSS.LX.0357.R3.01R.RNA.X524U5,1.3179269015347157,1.1946790477365472,1.134944079636609,1.1988869661556323,1.0070320902235377,0.9030455258126879,1.1832823761565499,1.0937145648090112
GLSS.LX.0561.R1.01R.RNA.JXGAE0,1.3160708744553165,1.2617968319459778,1.0764130134115149,1.1355858474081724,1.0009015506039307,1.0280335723542515,1.1305038528893796,0.9968242687421763
GLSS.LX.0561.TP.01R.RNA.0G61GD,1.3212207931552709,1.2114414785437928,1.0537035135878345,1.1766747843671101,1.0139377615797787,1.0717914509509001,1.014690971010537,0.9932102503050079
GLSS.LX.0572.TP.01R.RNA.WAR1N8,1.3435044102932978,1.2060541166326204,1.1212285391443244,1.2201818475767445,1.1160215956624904,0.9485610638268509,1.1000901676337087,1.0562461064212545
GLSS.MD.0003.R2.01R.RNA.HAAQ2N,1.3156137875228715,1.2342083116736202,1.048783870913871,1.115431774000474,1.0446102642894508,1.0678762006354514,1.0516507808215636,1.0116116838106952
GLSS.MD.0003.R3.01R.RNA.10TJHG,1.3162713201410168,1.2758329071006085,1.0005769954956363,1.1055266575899236,1.059965212332034,1.119764495594663,1.0365035888502774,0.9735397463298543
GLSS.MD.0006.R1.01R.RNA.JRYD3E,1.2292080960151497,1.0481344176848688,1.1507355159501755,1.2212658531099292,0.8972411499925768,0.7813358687540187,1.045122106315877,1.1691137399987104
GLSS.MD.0006.TP.01R.RNA.YFNFKJ,1.2662127971781922,1.1123271831952664,1.1534748002067938,1.2141807965181057,0.932056163825147,0.8239544295373228,1.063402421779164,1.1484517841509128
GLSS.MD.0007.R1.01R.RNA.RUXZV6,1.2190668066265355,1.144256926098911,1.1729432461328981,1.2037759168645383,0.917073898520296,0.8749255038640208,1.0241888696253152,1.1634237037601796
GLSS.MD.0008.R2.01R.RNA.JP8YB9,1.3037455043613566,1.145590284870765,1.1099125807517825,1.1887120750091245,0.9880928861487545,0.9043077950181304,1.0425171632697607,1.15151182329152
GLSS.MD.0009.TP.01R.RNA.TX2UR7,1.2662993624730925,1.1371885348603095,1.137251650331698,1.1878921248560346,0.9674378401577719,0.8685220314393333,1.1562131192094929,1.132638632687053
GLSS.MD.0010.R3.01R.RNA.OJ2PB0,1.3285392603243131,1.2254019125276103,1.0239845655238284,1.1301309887329265,1.0767206029825462,1.0772339554431238,1.0022355634204543,1.0216104958819257
GLSS.MD.0011.R1.01R.RNA.YJECGY,1.2975906750933857,1.1134132802258199,1.1217907317980342,1.2081900296858188,0.9660654699236945,0.8567654970153538,1.080029719697608,1.1387438811746224
GLSS.MD.0011.TP.01R.RNA.I0YFV6,1.320650933425504,1.158730774904245,1.1464122365405247,1.2314095948635957,0.9702748064871896,0.9221042413723852,1.1371495226294042,1.1263537420443646
GLSS.MD.0012.R1.01R.RNA.GB101L,1.3209022419681764,1.1805076873137437,1.1063299235239483,1.169515882078807,1.0096645465306966,0.9521075936371121,1.1679239993157935,1.0700083462527104
GLSS.MD.0012.TP.01R.RNA.49NNFK,1.3106678419548508,1.1124559528078024,1.1573446817234745,1.226518403445376,0.9929119225938731,0.8742295703192279,1.0740132059189766,1.1666775368082103
GLSS.MD.0014.R1.01R.RNA.WIUIL4,1.2904187974332826,1.1487848780890166,1.094725215109806,1.1367105725381383,0.9779867298397091,0.9157237232724695,1.177971952974505,1.0733292640841434
GLSS.MD.0017.R1.01R.RNA.8FU0BP,1.2704401556863611,1.267887552498024,0.9988362816737296,1.0267227707737192,1.046523021662585,1.045386065483622,0.9604469352167776,0.9737794880168517
GLSS.MD.0017.R2.01R.RNA.L5HMEO,1.3423249611311847,1.2796682696887538,1.1044620160610528,1.1504481138003064,1.0444879807417375,1.0580283713253225,1.0891208373537438,1.041991179157771
GLSS.MD.0019.TP.01R.RNA.MQF7QS,1.2840562939747535,1.1419485084648417,1.0656256460740232,1.1796212512437019,0.9320010951143306,0.8975905453857138,1.0786019061204268,1.089161927977761
GLSS.MD.0020.R1.01R.RNA.T579O9,1.3037953399954454,1.116501282037315,1.029933109392653,1.0746904323837354,1.0657217450233505,0.9001718993198272,0.9685264385174476,1.0419940324294465
GLSS.MD.0020.TP.01R.RNA.NVJSCE,1.30472006116219,1.10186923355106,1.0764277896428662,1.1646414828912348,1.0498089259927246,0.8377961411939963,1.0469969271367763,1.0796488446179773
GLSS.MD.0021.R1.01R.RNA.DE65GS,1.259669669238746,1.1474399150747456,1.1101485936129387,1.1549532782346539,0.9410016054253432,0.9228867840505812,1.0351632847598082,1.1518674914192653
GLSS.MD.0022.R1.01R.RNA.WC0V3T,1.2843916028457405,1.2855430567836281,0.9729429050916467,1.0627327093594576,1.0299139216267994,1.1130398827377226,0.9478117290790542,0.9513890182155724
GLSS.MD.0022.TP.01R.RNA.EDOJNO,1.3114879768715653,1.2562911892857833,1.1378483004606346,1.175925708415448,1.0520160848301832,1.0379618009862777,0.9934459713646501,1.101443408425523
GLSS.MD.0023.R1.01R.RNA.KP9FST,1.2730023702317612,1.1004941133565318,1.1662634176852398,1.1335708760647931,0.957129516002102,0.8653224206229555,1.0486113124429806,1.1759713853246705
GLSS.MD.0023.TP.01R.RNA.CQNX8Y,1.308774351876706,1.3037517185382579,1.024486594620025,1.1288215315378969,1.0358758123557863,1.1034757306127312,0.9879718658389296,0.9975171418111276
GLSS.MD.0025.R1.01R.RNA.VQQSIF,1.3535290985835111,1.278124184111528,1.0259949372990402,1.178058969022978,1.0951822215611555,1.0641628834923664,1.0517819987513168,0.9993830358814617
GLSS.MD.0026.R1.01R.RNA.CSEWG6,1.3219135580493324,1.3005720620305758,1.0778631144758164,1.1550784632314657,1.0311053372223604,1.019749535260997,1.0502753486439345,1.034845566065992
GLSS.MD.0026.TP.01R.RNA.7PF2HB,1.3083832090965286,1.2103911655156872,1.1336201756513653,1.2104430347058173,0.9923655972754465,0.9986394828146121,1.036450234667933,1.1283548517423305
GLSS.MD.0027.R1.01R.RNA.E771C5,1.317828058027892,1.1328463463258402,1.1280292827954888,1.2133553183774382,0.9667475824794766,0.9040198032966641,1.087026973678664,1.1388055102861474
GLSS.MD.0027.R2.01R.RNA.1RO1LP,1.3075459034058121,1.1235678996977918,1.1642658893776723,1.2152152136546328,0.9779418825787942,0.8756522902607614,1.1264164653499322,1.1635184051602097
GLSS.MD.0027.TP.01R.RNA.9J243C,1.3076136145921475,0.9102081881014561,1.0348217546970142,1.1645054342673602,0.6405732478956718,0.36642042823016263,0.8522650624887269,1.0188525945448306
GLSS.MD.0031.TP.01R.RNA.W46TH0,1.153129905937461,1.2679156494617496,0.8589677622446523,0.9162616605691071,0.9530202975410449,1.1325775826578834,0.9315125862871607,0.8624271695137828
GLSS.MD.0032.R1.01R.RNA.O40TAB,1.25620013136416,1.2262522720203728,1.114409669950408,1.1534540308499477,0.9552256374827239,0.9983306499934006,1.0665034656314047,1.1136902578259515
GLSS.MD.0032.TP.01R.RNA.WWNW5R,1.318024963727679,1.1091162353949002,1.109621649304402,1.1858538556880818,0.9665525446468899,0.8597546553207379,1.1276886363622087,1.1090929116883503
GLSS.MD.0035.R1.01R.RNA.ZXNEZ3,1.3299979411063976,1.284408426806517,1.090252069899206,1.1485663574072567,1.082244325448265,1.0492892785634873,0.9372765638026158,1.0422653699812936
GLSS.MD.0035.TP.01R.RNA.Z13ESW,1.3329628972924636,1.2669428053949434,1.0401632297718741,1.1345971484026889,1.0919083847887476,1.0453038707659603,0.9760407735823773,0.993488476006837
GLSS.MD.0038.R1.01R.RNA.3CY04C,1.2882410718897805,1.2245986993161446,0.9448513461555653,1.056719378733753,0.9850606260977488,1.0561370049013217,1.0180450541477668,0.9420063940785126
GLSS.MD.0041.R1.01R.RNA.YF565D,1.2656268638961883,1.0824424210480372,1.0796382646363734,1.1958957974979434,0.911220853133522,0.7333377445318071,1.114623221854847,1.0794411842786613
GLSS.MD.0041.TP.01R.RNA.GLLHC3,1.2816852036656554,1.122788699038912,1.0960110631664683,1.191401437145397,0.915257136763541,0.8419418971391972,1.112154113606419,1.1038004743036711
GLSS.MD.0042.R1.01R.RNA.YL9QDQ,1.3301340600515197,1.2000304903539025,1.0765901189108045,1.1750032618949966,1.035510282565289,0.9760070834690691,1.1201731914651456,1.0370011643439683
GLSS.MD.0042.TP.01R.RNA.D2P9XH,1.319395648565332,1.2364413428305676,0.9884968667672356,1.1345067275152407,1.0643882372037434,1.0520086373867878,1.0603314179490013,0.9623264566338036
GLSS.MD.0043.R1.01R.RNA.67MDQF,1.3155017508628006,1.239858447104302,1.0306642369236947,1.09987234452257,1.0173239912324432,1.0561332166775892,0.9539798278269929,1.0074986841810027
GLSS.MD.0044.TP.01R.RNA.2ARML9,1.316138267980499,1.136506966707876,1.1674321262047078,1.2498631406741907,0.989737133646288,0.8588950665537287,1.1221502149632108,1.147536994687209
GLSS.MD.0046.R1.01R.RNA.Y7WTHG,1.3425068236203368,1.223617760726566,1.0989216133562096,1.19180732507596,1.0514643491162867,1.0089304565219899,1.1446145901362692,1.0506174238897046
GLSS.MD.0048.R1.01R.RNA.RVQU3C,1.3060872406354205,1.0962482161090517,1.1699628863949347,1.1964403506423085,0.9739374497151527,0.7836194839200198,1.1400605375706283,1.1479312915846314
GLSS.MD.0049.R1.01R.RNA.ZYZJTS,1.293849761587882,1.1956985396456403,1.1130260825371485,1.1795916265819761,0.9524068041614396,0.9414181177746478,1.1211842877363913,1.10153087769395
GLSS.MD.0049.TP.01R.RNA.HFW0T1,1.3310778072263598,1.22706029713668,1.1127058231182034,1.2252127750444612,0.98863501478647,0.9950780178127272,1.0944214228650748,1.0995995648941186
GLSS.MD.LP02.R1.01R.RNA.6ZQS8U,1.3005652630679558,1.170843539945164,1.1407920666798201,1.2204683673961425,0.9806400204463258,0.9616170011125333,1.0785056658393184,1.1460636327950318
GLSS.MD.LP02.TP.01R.RNA.3RNZTV,1.2541068691235362,1.2979601970917707,0.9398530027709493,1.0331994410748546,0.9888617372056964,1.1328736377339954,1.0388415769699197,0.9378847115896485
GLSS.MD.LP03.TP.01R.RNA.KR64ZO,1.2405526714065336,1.208305649901878,0.9656484436736396,1.0550071757576056,0.9997838378925924,1.0390958569081503,0.9374634265386735,0.9616621430634975
GLSS.MD.LP04.R1.01R.RNA.TPSKGU,1.3012255209021157,1.1913416333312927,1.0272012214165145,1.1643501374805572,1.0048870278469404,1.022266416767821,1.1416929903176183,1.010746851875915
GLSS.MD.LP04.TP.01R.RNA.LTGS2F,1.3333546375755483,1.2169513638196054,0.9741956992503606,1.0862791103477796,1.0866236132747622,1.0375879420808956,1.0313286658241891,0.9737920489579296
GLSS.SF.0003.R1.01R.RNA.NFZJI2,1.2979761000911736,1.2634802999427988,1.1135984312891758,1.1218615482579013,1.0216733911256672,1.128927723712565,0.9876532294114204,1.0533759723465723
GLSS.SF.0003.TP.01R.RNA.X4RQRL,1.3223521451833422,1.1169397869133966,1.1545869960018718,1.2546279599317003,1.0657143156915987,0.8982217672503606,1.0499081268668176,1.134929025108356
GLSS.SF.0014.R1.01R.RNA.IKKTTY,1.3212005609841124,1.1434340776246814,1.1089869757150685,1.2342991338233629,1.0416729680937562,0.9219744505434411,1.067540721672963,1.1098218243339038
GLSS.SF.0014.TP.01R.RNA.ZOZ3WP,1.3275179618587984,1.1398742065050784,1.0821679561569624,1.2182555218234814,1.060111733817047,0.8812008640767909,1.1157934179130558,1.0809921475538453
GLSS.SF.0022.R1.01R.RNA.TZXI6R,1.264619176358309,1.1772091312757729,1.1485264824317927,1.1388844193846266,1.026368658396469,0.8851435348437174,0.9602618083194336,1.1700261395952691
GLSS.SF.0022.TP.01R.RNA.7HO37W,1.3279178585668185,1.1839833525294392,1.1109635580380588,1.2440023916577334,1.0464636836801127,0.9595953335024978,1.0949529460686134,1.083279332799067
GLSS.SF.0037.R1.01R.RNA.G1369R,1.2818132291285722,1.2024932277363272,1.1291648401754355,1.213085720704171,1.0253430147961469,0.9888326137692103,1.0417476267784125,1.112797420422834
GLSS.SF.0037.TP.01R.RNA.WUJZCU,1.3178869112653764,1.2295814979410398,1.0684075282638723,1.211150475858368,1.039426145619525,1.0422895024461496,1.1116847712499962,1.041201041009618
GLSS.SF.0038.R1.01R.RNA.T73T2Y,1.3121941506578763,1.118448509118929,1.1829411993434196,1.2472371671960325,1.0334419635269243,0.8680918387541984,1.0807837024441398,1.1841614652811334
GLSS.SF.0038.TP.01R.RNA.TSEK1M,1.3204369147525845,1.1631770594002842,1.1154099773856738,1.2282752497413159,1.0572403619474464,0.956125729761163,1.090895035585693,1.102511046903175
GLSS.SM.R056.R2.01R.RNA.DHLJ2T,1.3377697020261308,1.3012164216498114,1.1593025634844845,1.2077055048193408,1.0697494486490269,0.9656539077747873,0.9953075200716993,1.0990913396930504
GLSS.SM.R056.R3.01R.RNA.ZNDAN5,1.3392595121967372,1.3190111032055287,1.051919284658389,1.1279902991803719,1.0621026856201772,1.0110576007964456,1.0962900745945163,0.9614092987142033
GLSS.SM.R056.TP.01R.RNA.JWKQQG,1.3563061420204745,1.2623907176043245,0.9642524091312784,1.0430090102155438,1.1346743502314731,1.000781628009567,0.9423619690122874,0.9380701105697541
GLSS.SM.R060.R1.01R.RNA.6SGM43,1.3391357132140365,1.2851830615097373,1.1145476791064177,1.2027238438916517,1.0520648404238913,1.02177931119913,1.0899248335888048,1.0370446534453603
GLSS.SM.R060.R3.01R.RNA.PO2KDQ,1.335851095395515,1.259215046824111,1.0943711257027031,1.2170629577665182,1.0410804907162785,0.9483291691428085,1.0328399124661207,1.0425904725621364
GLSS.SM.R060.TP.01R.RNA.ZI9YVM,1.3437437382146493,1.3117524089996662,1.026421894535824,1.1332462037414803,1.1222937524825296,1.0518320537837829,1.0002027964168771,0.9573779861059274
GLSS.SM.R061.R1.01R.RNA.0NG539,1.3359827155833217,1.3111932854420807,0.9762749362389922,1.060773949014333,1.0956803017743315,1.0656270657521418,0.9605830876042543,0.8855524397313975
GLSS.SM.R061.TP.01R.RNA.AZSPBW,1.3561058312181942,1.31376244925464,1.0166116634449482,1.1131496429831362,1.1222968458244342,1.0484668846928304,0.986291570941889,0.925589479627185
GLSS.SM.R063.R1.01R.RNA.YQOR0G,1.3191558605500722,1.288417604272783,0.9913189201679986,1.0523372209449209,1.0289387292077063,1.1076116542294705,1.0318832169929426,0.9016673798949852
GLSS.SM.R063.TP.01R.RNA.WIVUSX,1.3353245314721234,1.2664913463731922,1.0588730533980186,1.1515345900744753,1.01809948642659,1.0877609977488192,1.109885675972125,0.9556279370617486
GLSS.SM.R064.R1.01R.RNA.GLLBN3,1.305612506983569,1.3363507834704225,0.9479495733499574,1.0478662308897613,1.0875800270772946,1.0530951891441962,0.9974479911639882,0.9004418688721383
GLSS.SM.R064.R2.01R.RNA.TUJCN7,1.3301351423270982,1.3439675410446825,0.9567672202113764,1.055136270990133,1.1003182891349081,1.0816009120259107,0.9709828889584464,0.900064752892759
GLSS.SM.R064.TP.01R.RNA.W6PIW2,1.331911521030344,1.2113402502408475,1.0509744972161028,1.161878580799769,1.0465763953588558,1.004697437861205,1.1389715242909735,0.9769152039467282
GLSS.SM.R065.R1.01R.RNA.V35ETA,1.3310887721920064,1.2033431522803808,1.0622837168161081,1.1624289517621509,1.0104797804593604,0.9854319588199439,1.1955618288075256,1.0103601650732608
GLSS.SM.R065.TP.01R.RNA.OM7S2C,1.3388707758446028,1.2985941683803959,1.0675432110163905,1.1277210941783888,1.1299088292771786,1.01874414952473,1.0354163701826502,0.9793805874580337
GLSS.SM.R066.R1.01R.RNA.MKHTJ4,1.3368031478482618,1.3033608816730227,1.148759579098562,1.1745917034419409,1.0284945012538886,1.053207972223976,1.0466762973605532,1.0449352369348253
GLSS.SM.R066.TP.01R.RNA.G9A6CK,1.3206376325259566,1.3038646003515806,1.1369528108958962,1.2270397299571416,0.9765000054959461,1.0343406160005506,1.0932113090889581,1.0543390957278296
GLSS.SM.R067.R1.01R.RNA.O82WJY,1.320679171433444,1.2929017638898719,0.9737689303474292,1.154774363139275,1.0223820122158602,1.1092261167997595,1.1040958745348803,0.9441082977311984
GLSS.SM.R067.TP.01R.RNA.JYXPKW,1.359174201853668,1.281247521715125,1.0472567284610383,1.1649321380053987,1.0930355699496925,1.0960256519740823,1.0094512485589258,0.9743763212364231
GLSS.SM.R068.R1.01R.RNA.7I5H9P,1.2718767561704967,1.2137756712160561,1.0342873490411904,1.0786745086765455,1.009461683343543,0.9474015220826563,1.0355306541915894,1.0259613923596833
GLSS.SM.R068.TP.01R.RNA.0UPMYO,1.287155727196602,1.2025227911515306,1.030559629368924,1.1159523370993332,1.0357718440337595,0.9394906107375017,1.0069374028033744,1.0013599415959096
GLSS.SM.R070.R1.01R.RNA.PXOL5Z,1.3168955033910998,1.2119160430247977,1.1525397552532315,1.2345188694078963,0.9927717583431738,0.8839350392366789,1.0961932311098643,1.1478856560282527
GLSS.SM.R070.TP.01R.RNA.QWG60O,1.30833758384048,1.277296601585597,1.120499714635535,1.1758668114837518,1.0020556452515903,0.9802661046334041,1.0101475013545502,1.09480553554877
GLSS.SM.R071.R1.01R.RNA.7AZ6G2,1.2270998942208307,1.1245374102113466,1.051720920832694,1.0915152145909106,0.8748595745908636,0.842398973621116,1.1969069455956394,1.0811689681081937
GLSS.SM.R071.TP.01R.RNA.OAXGI8,1.2484946104045231,1.2660323985785615,1.0029058039377186,0.9595069361470392,0.9970083375443609,0.9669714043490772,0.9397742177701672,0.98875788805871
GLSS.SM.R072.R1.01R.RNA.1DQIND,1.318597966826571,1.2889310264931384,0.9746559693579886,1.0173453225855762,1.109584298920493,1.0833876401215132,0.879780564429671,0.9173283403909651
GLSS.SM.R072.TP.01R.RNA.K18OXT,1.3549720549383193,1.2814075998597974,1.1230949225135454,1.2143095578764245,1.0936708907009438,1.0167392961634047,0.9812797085451753,1.0613572420806137
GLSS.SM.R076.R1.01R.RNA.FWI4IR,0.9984656119778643,1.1621719961056935,1.115231871789036,0.8735448838343344,0.9242537688672584,0.8717949226012868,0.9353597727825059,1.0788159076887889
GLSS.SM.R076.R3.01R.RNA.OZ1U5H,0.9208757384524738,1.122158413982272,1.0178924907576523,0.782729013568341,0.9015957908429996,0.8652189908125545,0.9160604044451929,1.0148815650503988
GLSS.SM.R078.R1.01R.RNA.L8DCW9,1.347819577746169,1.22028203256022,1.0324475337921826,1.1440526558655886,1.078626737846454,0.9992155576684282,1.0225903218649004,1.0045215915205783
GLSS.SM.R078.R2.01R.RNA.ZQZRSP,1.3329291932095098,1.2384871949431242,1.109432405740659,1.1862402176821618,1.0339202784237371,1.000594415228209,1.0411972361381956,1.0662284176478687
GLSS.SM.R080.R1.01R.RNA.GHDR0Y,1.3088986835776903,1.2120536181064445,1.1176495570297262,1.1850058886997412,0.9750118569235414,0.9337827917758373,1.1457682604626795,1.0915037964479857
GLSS.SM.R080.TP.01R.RNA.2N8175,1.3322942304875465,1.2152444748939324,1.161613326810292,1.2458936482540997,1.0090823102458082,0.9845539759462416,1.0943230600745062,1.1203033271196812
GLSS.SM.R081.R1.01R.RNA.S67IFC,1.310090791932493,1.1896678163370837,1.0827496351101888,1.1016632287160568,1.090513682516326,0.7642409276895182,0.8356275132780693,1.0274032807351363
GLSS.SM.R081.TP.01R.RNA.4GQW1O,1.3619248731086924,1.2888796489698144,1.0422096080997625,1.1238823461796208,1.1182838358038136,0.9862210730796391,0.9654093327906498,0.9826914330363556
GLSS.SM.R082.R1.01R.RNA.9RBAL7,1.3044993569636592,1.3215010831484406,0.9890670598854476,1.0918032111558684,0.9792321316790381,1.1163595161600541,1.0742880718469923,0.9245921940589369
GLSS.SM.R082.TP.01R.RNA.WZ4QXK,1.3032340939170626,1.2817015470118527,1.0104177632315166,1.110035292911788,1.0021187412758392,1.1172195284492388,0.9738639884294927,0.9594049904462333
GLSS.SM.R083.R1.01R.RNA.8JLBVA,1.2326313433327607,1.2280278654555274,1.0811209727840227,1.1491008088482475,0.895347638891224,0.8884328107173574,1.0987489337365177,1.084764757420551
GLSS.SM.R083.TP.01R.RNA.RZOKGO,1.1729104105586203,1.1946521802209045,0.8915763141333467,0.9399951197419935,0.9214144787877773,1.0878802915196328,0.9956082970955863,0.9023587840801751
GLSS.SM.R085.R1.01R.RNA.WN1ZYO,1.3626534776574997,1.3114371526608588,1.0598750759118791,1.1260074135594738,1.1335648550763548,1.110141088712031,0.9821121487795135,0.9552203773866852
GLSS.SM.R085.TP.01R.RNA.92DLZP,1.343611038920211,1.3260610095917305,1.00467032675148,1.1266761167772334,1.0927319861373528,1.1536342887822955,1.0152560278799747,0.9192888051005658
GLSS.SM.R087.R1.01R.RNA.Z69T3R,1.284223128268703,1.2409981084690762,1.192666788530549,1.163906351277981,0.9669037876199761,0.9206431712740195,1.0526640857794616,1.1406832180978175
GLSS.SM.R087.TP.01R.RNA.M99T61,1.2882838767129627,1.2291109469966366,0.9871834126797207,1.0618122948870847,0.9781702319759109,1.085160332822091,1.0220638858241824,0.9443087819776713
GLSS.SM.R088.R1.01R.RNA.9CCN54,1.348801431500205,1.3076182145736108,1.1041382865451137,1.1760015499452507,1.0468602388620172,1.0422643264373224,1.0569137655668461,1.0269907399868694
GLSS.SM.R088.TP.01R.RNA.AAPVD7,1.3116599062467735,1.2791846114643213,1.13590416329581,1.1553578975568815,1.0209242327584067,1.1275541654432828,1.0066532108178088,1.0622711900924722
GLSS.SM.R091.R1.01R.RNA.M356AA,1.3407417583028591,1.1899433474657972,1.1415179586500612,1.2241820644902606,1.0592646789430504,0.8958540102208279,1.1829688442513557,1.070866929810489
GLSS.SM.R091.TP.01R.RNA.RUF3X9,1.3537922788941976,1.2592848583998122,1.0908953769085121,1.1739099903404042,1.0691600793684002,1.0212245012834966,0.9657591324088387,1.0394619889725216
GLSS.SM.R093.R1.01R.RNA.56NKHA,1.3441743246355866,1.2882933391730333,1.1288323457273712,1.2456109547280267,0.9994247424110834,1.0305973489773543,1.146004156367399,1.0648673395422747
GLSS.SM.R093.TP.01R.RNA.KR8RON,1.3356269806210828,1.3192054006986969,1.0965563157617624,1.1827631710625308,1.001454657947482,1.0213037479216736,1.0455374133326605,1.0373729736337303
GLSS.SM.R095.R1.01R.RNA.BQ7VMI,1.2422973819983552,1.2636983357961695,0.9771955262770082,1.1232291001017354,0.9915588068350046,1.180266188827296,1.053494045806651,0.9081829294694764
GLSS.SM.R095.TP.01R.RNA.5T2HT4,1.3311894756536173,1.3227151902384922,1.114018870566404,1.1165848569950538,1.1063637850198496,1.1037174911834577,0.9187505115881694,0.9959467324328617
GLSS.SM.R096.R1.01R.RNA.HTOE1R,1.3443493045227415,1.2255258805597842,1.0722837106806136,1.120899777502074,1.1117547413709945,0.982353420407044,1.0482470105812922,0.9895868043982119
GLSS.SM.R099.R1.01R.RNA.MNTPMI,1.2670781887227702,1.2795235146170787,1.0036631898052784,1.144496416635026,0.9389027337749032,1.02622801842581,1.1338554106013254,0.9737328545054822
GLSS.SM.R099.TP.01R.RNA.YGXA72,1.3391158797247937,1.3188964702055397,1.1306700674728956,1.2652604556662719,1.0239096321936558,1.0459964508296986,1.0342731419053208,1.0949189277262954
GLSS.SM.R100.R1.01R.RNA.46UW5U,1.2270418351412782,1.2566367946288153,0.9161865798504056,0.9538757351928191,0.9569001957969734,1.0483296303553726,1.0687848381096603,0.9330292214245279
GLSS.SM.R100.TP.01R.RNA.EUI7AZ,1.297634894992184,1.1938189035892548,1.0250616340764704,1.117451488135872,1.0075637303504923,0.9628299883894867,1.1209867615432956,0.9939716328559416
GLSS.SM.R101.R1.01R.RNA.7ATA59,1.3193894658205159,1.2982369537144476,1.0341027393087334,1.1290986898942674,1.008235752090209,1.1419214522390255,1.086641498645761,0.9600452423404543
GLSS.SM.R101.R1.02R.RNA.BIXXBZ,1.3106903594808572,1.274724195197847,1.1024446806047654,1.1657438859645248,1.0092166502975044,0.998549697140075,1.1257201564408124,1.0453225220472497
GLSS.SM.R101.TP.01R.RNA.G7G4Q5,1.3422369097562825,1.2829106968526793,1.117210925917781,1.1568844116433565,1.116726216627464,1.02668083021242,0.9534911781775633,1.0167979989771911
GLSS.SM.R101.TP.02R.RNA.V4TRVD,1.3664204282301626,1.2838968633351189,1.1225264314191477,1.2097574675566805,1.0865417771893757,1.0382331360107049,1.0545905723721947,1.0340214623087298
GLSS.SM.R102.R1.01R.RNA.8OZGEA,1.1152407361256467,1.2612917346700165,0.854309678734765,0.9726390998399409,1.0097433321727232,1.116386778845202,0.8536731129425705,0.8656549212575755
GLSS.SM.R102.TP.01R.RNA.RB5HS0,1.348597903732623,1.2543679156570846,1.0966762397480339,1.2412702337873973,1.0294256629439549,0.9769578055753181,1.1205208440409071,1.0823501324575773
GLSS.SM.R103.R1.01R.RNA.TSX1I7,1.3339977323865293,1.2800808412441325,1.0439680471395643,1.1548694352655018,0.9830362074982544,1.1001863135516954,1.1354935023555452,0.9604058986450988
GLSS.SM.R103.TP.01R.RNA.7YEFHB,1.3344778597686442,1.2994920029236219,1.1964843080903147,1.268607980317074,0.9928320590539966,0.9835606758422671,1.0410566534568222,1.1613372465287626
GLSS.SM.R104.R1.01R.RNA.YF3DT7,1.3327677459939342,1.2250331304921334,1.0912609039329897,1.1689188458791793,1.0172723286832417,0.932085035308832,1.2008102280626514,1.0517565856590918
GLSS.SM.R104.TP.01R.RNA.G52UET,1.3447130216212408,1.31173930555061,0.9554654304525175,1.0738560293366206,1.0628911098284506,1.0829747910260805,1.033112579877027,0.8847861560163368
GLSS.SM.R105.R1.01R.RNA.C7FINA,1.3493013137129266,1.270316664971037,1.0799979420922747,1.1705449130594858,1.0166960461168408,1.059638074516659,1.157806292198326,1.0203154133992003
GLSS.SM.R106.R1.01R.RNA.MFHIBQ,1.2505289867961742,1.3078176961669143,0.8984458479714257,1.0004131749150744,0.9674866708659728,1.180485661515858,1.0525859702620717,0.852793100757855
GLSS.SM.R106.TP.01R.RNA.P5JI35,1.3514535303960344,1.318447589998861,1.0626590604577497,1.1412276400365924,1.0782128259420893,1.0746373078251459,1.0294982714314995,0.9788347094351267
GLSS.SM.R107.R1.01R.RNA.ID07M4,1.3491714145971587,1.1887447587535278,1.1801525301832478,1.2606341584768181,1.0722860740292377,0.8908510886360923,1.133528999637584,1.1226792572448088
GLSS.SM.R107.R1.02R.RNA.1K9XUJ,1.3586309877531393,1.230088057436371,1.1503945329330907,1.2580615946467413,1.0735210420455779,0.9497023238239911,1.086874186902234,1.1038119831988962
GLSS.SM.R107.TP.01R.RNA.ZSYP37,1.329767904229044,1.27327464920037,1.0717806463245039,1.234596166985086,1.0187053952525047,0.9923371734650247,1.0559623727902543,1.0577521653225126
GLSS.SM.R108.R1.01R.RNA.NICL65,1.3287602867300146,1.3096356781900549,1.0918068117602369,1.1477099629159357,1.1083102196184864,1.0724235673544134,0.9633251975644357,1.0255562199421357
GLSS.SM.R108.TP.01R.RNA.KUU8QP,1.3607373071384161,1.2698567741475284,0.9899169766617382,1.1374754979283996,1.096700495394233,1.1457515624981816,1.0113893060705446,0.9187957450509991
GLSS.SM.R109.R1.01R.RNA.R5I1C7,1.3577273295228465,1.3328232605688826,1.1705538736448298,1.201144658593205,1.0744113238360813,1.034416356430532,1.0957804617292268,1.0598870716170186
GLSS.SM.R109.TP.01R.RNA.I4HTPP,1.34256185813039,1.3257929793976202,1.1002788819854865,1.1796923717705607,1.039316987479012,1.1094871150946495,1.057897041787511,1.0099193653758924
GLSS.SM.R110.R1.01R.RNA.F7JINL,1.3594153504696092,1.2479967158053518,1.002886201553817,1.1018241201336436,1.0920245177834804,1.1258793024764115,0.9437585715775055,0.9191715437764149
GLSS.SM.R110.TP.01R.RNA.RSRC7U,1.3406305448051012,1.306877567634133,0.9672298626100337,1.071104326692248,1.0651828840483,1.1047926064367508,0.9869360366444424,0.9031239567992881
GLSS.SM.R110.TP.02R.RNA.A85T37,1.356127174678183,1.2755279960495274,1.0607578973935439,1.1546020287945278,1.0636330769820843,1.0939545546861797,1.081887000154409,0.9618485686802132
GLSS.SM.R111.R1.01R.RNA.WM5ESA,1.2973851200579476,1.1893492582194627,1.0743145775122438,1.1855557494604778,0.954537997417476,0.9244302058556034,1.194631285808826,1.0488197852605452
GLSS.SM.R111.TP.01R.RNA.1EFVGV,1.1648696008325339,1.132632717579525,1.0671155033207163,1.0992653986551466,0.9315712550183837,0.8992709881501432,1.0004556993057854,1.114961419258133
GLSS.SM.R112.R1.01R.RNA.V3XS3H,1.278780625136133,1.293717243686999,0.972367596513994,0.9974829526613089,1.0093446301925988,1.0925934010381078,0.9899327543510563,0.8937884998707537
GLSS.SM.R112.TP.01R.RNA.T1QQYH,1.245685033001349,1.214543759093696,1.0021811495575959,0.9861723170434161,0.9869275678486513,1.0171283870705312,0.9750383458426402,0.9465519949885116
GLSS.SM.R114.R1.01R.RNA.CMFLA2,1.323145798355248,1.1631610404424473,1.1545339839264837,1.2148917273943123,0.98155810130861,0.9376342135445194,1.0635773345852861,1.130331217215765
GLSS.SM.R114.R2.01R.RNA.H5I5PV,1.3019007822721396,1.148658937953533,1.156456765720639,1.1832978340451057,0.972314957456844,0.8640374631043602,1.0947048198525824,1.1412184978391995
GLSS.SN.0001.R1.01R.RNA.PZAYRK,1.3061630165470177,1.2028894360199835,1.063201088475436,1.1495606931274018,1.0140142591606967,0.9845942951610582,1.1558458550523965,1.0095291632685186
GLSS.SN.0001.TP.01R.RNA.TJEI6A,1.311611771170256,1.2503841161066684,1.1704114157223617,1.2781813994533777,1.0264290572892736,0.9746293614038151,1.0360474895096712,1.141658704213743
GLSS.SN.0002.R1.01R.RNA.1R2HV5,1.341736929416602,1.23914240598629,1.0768541451317297,1.1497109948772333,1.0909223574584055,1.055961770071816,0.9762336916363761,1.023141493119505
GLSS.SN.0002.TP.01R.RNA.F7DBXG,1.3420619597377448,1.2948001771174114,1.055203297647782,1.1442988384364827,1.0991692900423453,1.0741315649644236,1.009003902878648,1.0017194120567707
GLSS.SN.0003.R1.01R.RNA.Y7F49T,1.308927951868937,1.220516924736121,0.9822310564242366,1.1554197871559777,1.0272197674148578,1.0709258409824252,1.109953326897985,0.9554326907748907
GLSS.SN.0003.TP.01R.RNA.QVRC11,1.339365222366474,1.3246890971139627,0.9949969773355389,1.074730481494156,1.1122773948095468,1.1138126073890324,0.9608926645716855,0.9140259345152979
GLSS.SN.0004.R1.01R.RNA.986YHA,1.283740889149433,1.1604592498593025,0.977673839269834,1.0780941605032879,1.054999197014422,0.9961011836211814,0.9762541491426547,0.9296210393002006
GLSS.SN.0004.TP.01R.RNA.4JGHFD,1.2833588978128243,1.292179426481373,0.9094693879631224,1.0863466303040017,1.0055374397272205,1.181829684288907,1.0191736328560166,0.8731825462032919
GLSS.SN.0006.R1.01R.RNA.EB8LM9,1.2990229528668318,1.1549439685843257,1.0774468620929099,1.1995953055598194,1.0046337071571472,0.9073915012326341,1.1502307124645814,1.0314176953480927
GLSS.SN.0006.TP.01R.RNA.N5ULKZ,1.2924995224452118,1.1650759688295307,1.1184372895079795,1.1744860908962096,0.9886163662475911,0.8778180673628478,1.1821674595128613,1.0657598275776083
GLSS.SN.0007.R1.01R.RNA.BEKDTG,1.2626425179086096,1.202147858470313,1.0429517117660967,1.073800286268802,0.9885132160119029,0.9779622085746323,0.9962725675792489,0.9894579310697657
GLSS.SN.0007.R2.01R.RNA.D9ZGBX,1.2643895144113955,1.1814039052318575,1.1468014726103393,1.1703874143161506,0.9927072309481833,0.8793665316412439,0.9903914764562924,1.1279291544169467
GLSS.SN.0008.R1.01R.RNA.AK537W,1.329092081573985,1.2855367187957494,0.997901508476156,1.0631454255404402,1.09462848158697,1.003113160018892,1.0178961497984262,0.9259799521038728
GLSS.SN.0008.TP.01R.RNA.RSO2L6,1.3190029977014837,1.1771235963015205,1.051561739958762,1.1889898453407959,1.081291160684433,0.9527906828263861,1.1223934303158865,1.003245870289698
GLSS.SN.0009.R1.01R.RNA.T7P20X,1.282984198594693,1.2335142656367721,1.038169555728335,1.070843865343895,1.0018922515122708,0.9484057178582357,1.04492838464343,0.9833424471551674
GLSS.SN.0009.TP.01R.RNA.1DY2G0,1.2931415743439083,1.2876276927255472,1.0550926445137003,1.083626335418415,1.0299654163028042,1.0984245696494443,1.0431440033968258,0.9680163003282456
GLSS.SN.0010.R1.01R.RNA.8FJJ2W,1.3198678902878265,1.3003685076268705,0.9675585303983016,1.054146047524883,1.029645150692321,1.1509993299925732,0.966192966941047,0.8730447079681907
GLSS.SN.0010.TP.01R.RNA.E97Z4T,1.3358800596482332,1.277331320574712,1.0736181931191526,1.1964688278786606,1.028844483777807,1.0637067268019755,1.1138818729331563,0.998357309934439
GLSS.SN.0013.R2.01R.RNA.A9XVF7,1.3202230597504094,1.2783935348805284,1.0272360686025104,1.164662775259271,1.0564760181534048,1.0503507102722032,1.0997023343058931,0.969525369709117
GLSS.SN.0013.TP.01R.RNA.5952RG,1.3213859961334091,1.3080018803938418,0.9974676550315932,1.0863067410830392,1.095013988511988,1.111565080332612,0.9584826642634866,0.9088980982103997
GLSS.SN.0015.R2.01R.RNA.8AQFBB,1.320413245346154,1.3209405162335162,1.0177690356010434,1.1191928795123292,1.0858318361689407,1.0587217452222542,1.0730650454182966,0.9441764945496065
GLSS.SN.0015.TP.01R.RNA.BTS96L,1.3310003813318338,1.2789363768513633,1.0444844790990457,1.140037802989981,1.091997207260045,1.0350199352454468,1.0906583077265353,0.9694657355188462
GLSS.SN.0016.R1.01R.RNA.J5JX7F,1.3110496029927592,1.2643463939905129,1.0772487799172645,1.1441558291164038,1.0116661620117822,1.0403112538927426,1.1379944911092013,1.0046021231066151
GLSS.SN.0016.TP.01R.RNA.H317OA,1.3342272799426187,1.2436092076242233,1.0868868801162068,1.2050029782304401,1.0547281788584866,0.994242350421317,1.1000921842600302,1.0272159224696753
GLSS.SN.0017.R1.01R.RNA.OEK8D6,1.2751745848078182,1.1409046430094603,1.131896679182285,1.1882945638405331,1.0068450278039724,0.9258085858530177,1.0355206544842561,1.1120431566062183
GLSS.SN.0017.TP.01R.RNA.FX5HYW,1.324398466679173,1.1655114908366142,1.1502355322742939,1.2222381178442836,1.0003364901940877,0.9275319256966363,1.1462794391472815,1.0974502986681811
TCGA.06.0125.R1.11R.RNA.EKH06U,1.3589673238070468,1.3370597709391754,1.0760028267373007,1.1608122906107206,1.1321003065670179,1.0915984353228152,1.0066870486580928,0.9805929659627044
TCGA.06.0125.TP.01R.RNA.RCQ5QS,1.3646602243749721,1.281951943553587,1.0738556490929139,1.1562130584288288,1.173062288597276,1.019969410695333,0.9188872750882093,0.9965336843667137
TCGA.06.0152.R1.01R.RNA.1IIR6O,1.356334018632166,1.2766428891885382,1.086215820514407,1.141723340112774,1.1362990494104965,1.091936828080778,0.9892274371968911,0.9795859599763365
TCGA.06.0171.R1.11R.RNA.QPIYNX,1.3161027434488284,1.3185147146841285,0.9605371398680068,1.0976490563996029,1.0341937774783396,1.223177104554823,1.0428772862056408,0.8996789025744594
TCGA.06.0190.R1.01R.RNA.HWTLG4,1.2224511006046084,1.3335767910634406,0.9114023967273693,0.9450490910109159,1.0528554590279908,1.2117788826756357,0.9121352124060988,0.8349445095998824
TCGA.06.0190.TP.01R.RNA.S2074S,1.342523278761553,1.3287204472631882,1.0322226771569827,1.117456561156853,1.1018845755855324,1.1565349353293488,0.9672714327029255,0.9353075947636559
TCGA.06.0210.R1.01R.RNA.WB10MK,1.3572918000662497,1.2844649925763405,1.1031179577286865,1.1958353632206074,1.075593816442535,1.131542484767814,1.0202166452232382,1.0114038089641255
TCGA.06.0210.TP.01R.RNA.JMBENW,1.349144983296042,1.3410350354100593,1.0048811282522256,1.1070041748863664,1.0994361486186017,1.1327002805657453,0.9719696312771042,0.9297986972494349
TCGA.06.0211.R1.02R.RNA.3YQ1G4,1.3411875373294353,1.30788541463117,1.1113034506380584,1.1074587702390857,1.1147040420764647,1.1208789796723941,0.9814037657008143,0.9790579137315033
TCGA.06.0211.TP.01R.RNA.Y9DKHR,1.356172971937875,1.2788047648722047,1.0753221505892594,1.1199527695370708,1.1692101600855958,1.064272678878096,0.9554135259752936,0.9767136634266181
TCGA.06.0221.R1.11R.RNA.UCUX3T,1.3149179053133835,1.150940466623505,1.2260712463528574,1.229082858369494,1.0272369073735113,0.8976662551952858,1.1172947583809316,1.159038255464127
TCGA.14.0736.R1.01R.RNA.J8PGWY,1.328022454086611,1.2835071482769977,1.0333322396018894,1.1252294925473063,1.0023881270865675,1.092256435505823,1.1339182933817584,0.9270130860070743
TCGA.14.1034.R1.01R.RNA.GSNR8T,1.3286100497036712,1.3161317054362842,1.0205549128636637,1.0534149801301211,1.132657520277743,0.99867166997404,0.9723586997234028,0.9303977942241926
TCGA.14.1034.TP.01R.RNA.S6SBZH,1.3578846329299634,1.2956188376228475,0.9687002243691888,1.0683162352295867,1.1287240782343222,1.1205052765334513,0.9457105871808651,0.9011327367714609
TCGA.14.1402.R1.01R.RNA.MD2EQ5,1.3550775531989914,1.2961421779226188,1.0347773068353006,1.126866998345198,1.0927044577759517,1.040270190582409,1.0669370939304732,0.9415641272294281
TCGA.19.0957.R1.01R.RNA.7WHBFU,1.2844071818512313,1.2113688604898096,1.1705029413737906,1.2435062283433176,1.0573037133801895,1.039790619577039,1.0199192258190815,1.1285323705443788
TCGA.19.0957.TP.01R.RNA.KXSOY0,1.2658066076235792,1.2002026188845878,1.182333451788766,1.2503128279457045,1.0342458323721648,0.9713549573406636,0.9652592627749215,1.16652346860883
TCGA.19.1389.R1.21R.RNA.DSM6L1,1.2860733115318226,1.3349509669585389,0.9215122576718073,0.9794827499626626,1.0395543773222162,1.1990009543994689,0.9621157907256296,0.8413516221773315
TCGA.19.4065.R1.11R.RNA.7AFF5V,1.3084326587640485,1.308163284400612,1.0373846323018607,1.08518187687418,1.0123811159032554,1.1461026516191688,1.0531512861060464,0.9509330076158514
TCGA.19.4065.TP.01R.RNA.UGJCJV,1.3418002777099294,1.3174811126313954,1.0124876325832486,1.1156999136359542,1.0665174463894704,1.1516229348753004,0.9895353834266342,0.9365842605977633
TCGA.DH.A669.R1.11R.RNA.KJQZGQ,1.2910603124841524,1.166495630130276,1.1204961125065405,1.2108274782571493,0.975933833571111,0.9329066676857553,1.0165857047242755,1.0875850933785085
TCGA.DH.A669.TP.12R.RNA.XG7CTS,1.2763324553872175,1.187632527560872,1.1439123733605672,1.2422394302266109,0.9763192072431712,0.9319001341993941,0.9996404235210873,1.1156249391354278
TCGA.DU.5870.R1.12R.RNA.GIZUWN,1.287180767784614,1.121381961817445,1.1639746041815087,1.259334097360072,0.9878168907556428,0.8701975953834505,1.0430064872480729,1.1398444238250565
TCGA.DU.5870.TP.11R.RNA.CSQWQZ,1.3323009575574545,1.166890592480473,1.1622927926930868,1.2670276497447213,1.0276613985510081,0.9148804884075571,1.0937158852159778,1.1117859261701224
TCGA.DU.5872.R1.21R.RNA.0EW2ZH,1.338425141911571,1.2590459078537406,1.0028886287233754,1.1765406428589136,1.0057633790000982,1.1480300653134123,1.0529094204056715,0.9502096589903879
TCGA.DU.5872.TP.11R.RNA.HS9DNI,1.3240484521251816,1.1937916976645029,1.1277508207865445,1.2537941181970635,0.9908665819153548,0.9675590260512336,1.058888627805496,1.0881509154700573
TCGA.DU.6397.R1.12R.RNA.N760C1,1.2582217309123802,1.1582325604773822,1.16123083566357,1.2737992018690956,0.9562406074368919,0.9085653020927938,1.0232307789118082,1.1363937770602839
TCGA.DU.6397.TP.11R.RNA.NYNT65,1.3305796121175582,1.1661023854094847,1.1721942790806577,1.2720008704952908,1.0153487407889152,0.8992739776874312,1.0883656797998098,1.1223052998787804
TCGA.DU.6404.R1.21R.RNA.LJZDP3,1.308980172564477,1.21341781668899,1.0166908391526372,1.019640969315283,1.0791819852609013,1.0229494120697675,0.9648693784736585,0.974496101585885
TCGA.DU.6404.R2.11R.RNA.9T47IZ,0.9624032662396446,1.077011934383906,0.9553514903271424,0.8847883891757286,1.0406980035386841,0.9102230513999724,0.891607114578862,0.9762445567022463
TCGA.DU.6404.TP.11R.RNA.A7XMXJ,1.3393251490469626,1.2190903153612003,1.0616417142990668,1.0988273558244521,1.087519684191408,0.9557001540691398,1.0033846974162648,1.0103377756085723
TCGA.DU.6407.R1.12R.RNA.T3UMCW,1.3305567008289347,1.1957098667719528,1.1145818556819391,1.2373470025127788,0.9954458566881853,0.9569422978240114,1.0512173213771672,1.0920248100647738
TCGA.DU.6407.R2.11R.RNA.F6PNTL,1.3101435903042447,1.2076072951794377,1.1278640680009677,1.1600094574394288,1.0290147993447478,0.9788539522171845,0.9833454343599806,1.101779087377646
TCGA.DU.6407.TP.13R.RNA.6NHIOE,1.3332740877866889,1.1533366292472214,1.1493100925545932,1.2459182728533251,1.037548124197164,0.909070068413625,1.0603834512995547,1.121221345838924
TCGA.DU.7304.R1.12R.RNA.OMXRQS,1.2423116766619982,1.109147036346661,1.0801551095503015,1.090407352382712,0.9904492882612663,0.8547062152342028,1.0053406998217354,1.048282053691217
TCGA.DU.7304.TP.12R.RNA.23D1EM,1.3368923840717397,1.180306113534876,1.1496542698499608,1.2208915694915583,1.0168384077745332,0.9496609555341852,1.126059929298892,1.0888141332064907
TCGA.FG.5963.R1.12R.RNA.1EJ1SV,1.2689149206982648,1.1919117942996424,1.102129403911725,1.2055539571650862,1.023217637004308,0.9647913257585996,0.9441150268753213,1.084160285454354
TCGA.FG.5963.TP.11R.RNA.2Y6I4P,1.3374596614442222,1.2138041148067784,1.1043348082965017,1.2440793949299036,1.028099831851868,1.0521105361446952,1.0773471774755645,1.061061695195594
TCGA.FG.5965.R1.11R.RNA.QSA7Y3,1.3442151876971722,1.2317217850034397,1.1662890165101985,1.1756676103473693,1.0304463387571055,0.9993843566643128,1.0632047096620212,1.085161415329012
TCGA.FG.5965.R2.11R.RNA.UCBSIY,1.313557459604841,1.1391201850645134,1.141748315556429,1.1787874689526256,1.0080950905933743,0.8165806591850637,1.1767909753749033,1.0801277074702629
TCGA.FG.5965.TP.11R.RNA.0XBPNY,1.3518040522714885,1.206877196634344,1.1637342999409177,1.233433875109373,1.045226124447518,0.9394737496721868,1.0796644701731422,1.1049568852087284
TCGA.FG.A4MT.R1.11R.RNA.9OU9UC,1.336682404306992,1.1782288676249968,1.1809259035277637,1.2440155108865179,0.9928102793191652,0.8978391072512683,1.138984508667635,1.1089505606147225
TCGA.FG.A4MT.TP.11R.RNA.K4BQG0,1.3011476118356826,1.1077066710649082,1.1353687448005532,1.2555135895363765,0.9756709152953664,0.8826513046125632,1.003867285356342,1.115613451190436
TCGA.TM.A7CF.R1.11R.RNA.EZWWA2,1.3181827754881101,1.1104189329416885,1.1113635292566049,1.2315399067643376,1.0253279834351212,0.8443587354301032,1.1161302002293603,1.0706803392364856
TCGA.TM.A7CF.TP.11R.RNA.YLP5PU,1.3387882955842152,1.1167514598674997,1.17066070387979,1.2395415031036814,1.0316926459674818,0.8439005503833096,1.1226488017743654,1.1075072784162479
TCGA.TQ.A7RK.R1.11R.RNA.PKFXB3,1.3112352312358346,1.1383612947055752,1.1267626032230476,1.2181242336403217,1.008152828119301,0.9233339275391435,1.0545750394005706,1.10221534855467
TCGA.TQ.A7RK.R2.11R.RNA.BJMJ93,1.2922196557144032,1.1275353872521585,1.1215967549817627,1.2103261582065545,1.0033700675560684,0.9021431720213552,1.0378308279170891,1.1081500226512524
TCGA.TQ.A7RK.TP.11R.RNA.LRGF1D,1.304644281066406,1.124071567473453,1.112446930150582,1.209742731816152,1.0041316599780148,0.868777363629818,1.018717949640499,1.1034621058364449
TCGA.TQ.A7RV.R1.11R.RNA.TIRW8I,1.341403225914991,1.192932497579341,1.115730062591193,1.224984230847936,1.023890346774011,0.9402724267008071,1.137749316412567,1.0476360047784903
TCGA.TQ.A7RV.TP.21R.RNA.6F23HF,1.329620098036111,1.1252324291220066,1.1500426664213121,1.2588976496360462,1.0220459077849346,0.8636269532494768,1.097214012349656,1.1045600957187642
TCGA.TQ.A8XE.R1.11R.RNA.47VZAQ,1.343262667549606,1.1714376768632322,1.1258703829751424,1.2732144201563036,1.008478491232483,0.9709865477750712,1.0391382162785083,1.1040986450985923
TCGA.TQ.A8XE.TP.11R.RNA.0YPLAZ,1.3065589048721375,1.1280851109871148,1.1160631189042771,1.2808713186464937,0.9685250886303646,0.8871263714881953,1.0361669541908298,1.1122343182095369
